Timestamp,RTU_1 DuctStatPress(in/wc)
01-Jan-20 12:00:00 am,0.10
01-Jan-20 12:35:00 am,0.12
01-Jan-20 01:10:00 am,0.09
01-Jan-20 01:45:00 am,0.10
01-Jan-20 02:20:00 am,0.11
01-Jan-20 02:55:00 am,0.11
01-Jan-20 03:30:00 am,0.09
01-Jan-20 04:05:00 am,0.07
01-Jan-20 04:40:00 am,0.08
01-Jan-20 05:15:00 am,0.08
01-Jan-20 05:50:00 am,0.95
01-Jan-20 06:25:00 am,1.78
01-Jan-20 07:00:00 am,1.79
01-Jan-20 07:35:00 am,1.80
01-Jan-20 08:10:00 am,1.80
01-Jan-20 08:45:00 am,1.78
01-Jan-20 09:20:00 am,1.81
01-Jan-20 09:55:00 am,1.80
01-Jan-20 10:30:00 am,1.80
01-Jan-20 11:05:00 am,1.81
01-Jan-20 11:40:00 am,1.80
01-Jan-20 12:15:00 pm,1.79
01-Jan-20 12:50:00 pm,1.80
01-Jan-20 01:25:00 pm,1.80
01-Jan-20 02:00:00 pm,1.78
01-Jan-20 02:35:00 pm,1.78
01-Jan-20 03:10:00 pm,1.79
01-Jan-20 03:45:00 pm,1.78
01-Jan-20 04:20:00 pm,1.78
01-Jan-20 04:55:00 pm,1.80
01-Jan-20 05:30:00 pm,1.79
01-Jan-20 06:05:00 pm,0.14
01-Jan-20 06:40:00 pm,0.13
01-Jan-20 07:15:00 pm,0.13
01-Jan-20 07:50:00 pm,0.12
01-Jan-20 08:25:00 pm,0.11
01-Jan-20 09:00:00 pm,0.11
01-Jan-20 09:35:00 pm,0.11
01-Jan-20 10:10:00 pm,0.10
01-Jan-20 10:45:00 pm,0.10
01-Jan-20 11:20:00 pm,0.10
01-Jan-20 11:55:00 pm,0.10
02-Jan-20 12:30:00 am,0.10
02-Jan-20 01:05:00 am,0.11
02-Jan-20 01:40:00 am,0.10
02-Jan-20 02:15:00 am,0.11
02-Jan-20 02:50:00 am,0.11
02-Jan-20 03:25:00 am,0.10
02-Jan-20 04:00:00 am,0.09
02-Jan-20 04:35:00 am,0.09
02-Jan-20 05:10:00 am,0.10
02-Jan-20 05:45:00 am,0.66
02-Jan-20 06:20:00 am,1.79
02-Jan-20 06:55:00 am,1.82
02-Jan-20 07:30:00 am,1.79
02-Jan-20 08:05:00 am,1.81
02-Jan-20 08:40:00 am,1.83
02-Jan-20 09:15:00 am,1.78
02-Jan-20 09:50:00 am,1.81
02-Jan-20 10:25:00 am,1.80
02-Jan-20 11:00:00 am,1.79
02-Jan-20 11:35:00 am,1.82
02-Jan-20 12:10:00 pm,1.78
02-Jan-20 12:45:00 pm,1.77
02-Jan-20 01:20:00 pm,1.80
02-Jan-20 01:55:00 pm,1.79
02-Jan-20 02:30:00 pm,1.78
02-Jan-20 03:05:00 pm,1.80
02-Jan-20 03:40:00 pm,1.80
02-Jan-20 04:15:00 pm,1.78
02-Jan-20 04:50:00 pm,1.76
02-Jan-20 05:25:00 pm,1.80
02-Jan-20 06:00:00 pm,0.69
02-Jan-20 06:35:00 pm,0.13
02-Jan-20 07:10:00 pm,0.13
02-Jan-20 07:45:00 pm,0.12
02-Jan-20 08:20:00 pm,0.12
02-Jan-20 08:55:00 pm,0.11
02-Jan-20 09:30:00 pm,0.69
02-Jan-20 10:05:00 pm,0.13
02-Jan-20 10:40:00 pm,0.12
02-Jan-20 11:15:00 pm,0.12
02-Jan-20 11:50:00 pm,0.11
03-Jan-20 12:25:00 am,0.10
03-Jan-20 01:00:00 am,0.10
03-Jan-20 01:35:00 am,0.10
03-Jan-20 02:10:00 am,0.10
03-Jan-20 02:45:00 am,0.10
03-Jan-20 03:20:00 am,0.09
03-Jan-20 03:55:00 am,0.09
03-Jan-20 04:30:00 am,0.08
03-Jan-20 05:05:00 am,0.09
03-Jan-20 05:40:00 am,0.09
03-Jan-20 06:15:00 am,1.78
03-Jan-20 06:50:00 am,1.80
03-Jan-20 07:25:00 am,1.79
03-Jan-20 08:00:00 am,1.80
03-Jan-20 08:35:00 am,1.79
03-Jan-20 09:10:00 am,1.77
03-Jan-20 09:45:00 am,1.81
03-Jan-20 10:20:00 am,1.78
03-Jan-20 10:55:00 am,1.78
03-Jan-20 11:30:00 am,1.82
03-Jan-20 12:05:00 pm,1.78
03-Jan-20 12:40:00 pm,1.82
03-Jan-20 01:15:00 pm,1.79
03-Jan-20 01:50:00 pm,1.80
03-Jan-20 02:25:00 pm,1.78
03-Jan-20 03:00:00 pm,1.80
03-Jan-20 03:35:00 pm,1.81
03-Jan-20 04:10:00 pm,1.81
03-Jan-20 04:45:00 pm,1.80
03-Jan-20 05:20:00 pm,1.79
03-Jan-20 05:55:00 pm,0.97
03-Jan-20 06:30:00 pm,0.13
03-Jan-20 07:05:00 pm,0.12
03-Jan-20 07:40:00 pm,0.12
03-Jan-20 08:15:00 pm,0.10
03-Jan-20 08:50:00 pm,0.11
03-Jan-20 09:25:00 pm,0.11
03-Jan-20 10:00:00 pm,0.11
03-Jan-20 10:35:00 pm,0.11
03-Jan-20 11:10:00 pm,0.10
03-Jan-20 11:45:00 pm,0.11
04-Jan-20 12:20:00 am,0.12
04-Jan-20 12:55:00 am,0.10
04-Jan-20 01:30:00 am,0.10
04-Jan-20 02:05:00 am,0.11
04-Jan-20 02:40:00 am,0.13
04-Jan-20 03:15:00 am,0.10
04-Jan-20 03:50:00 am,0.10
04-Jan-20 04:25:00 am,0.10
04-Jan-20 05:00:00 am,0.10
04-Jan-20 05:35:00 am,0.10
04-Jan-20 06:10:00 am,0.10
04-Jan-20 06:45:00 am,0.11
04-Jan-20 07:20:00 am,0.11
04-Jan-20 07:55:00 am,0.11
04-Jan-20 08:30:00 am,0.12
04-Jan-20 09:05:00 am,0.11
04-Jan-20 09:40:00 am,0.12
04-Jan-20 10:15:00 am,0.12
04-Jan-20 10:50:00 am,0.12
04-Jan-20 11:25:00 am,0.12
04-Jan-20 12:00:00 pm,0.11
04-Jan-20 12:35:00 pm,0.10
04-Jan-20 01:10:00 pm,0.11
04-Jan-20 01:45:00 pm,0.10
04-Jan-20 02:20:00 pm,0.10
04-Jan-20 02:55:00 pm,0.09
04-Jan-20 03:30:00 pm,0.10
04-Jan-20 04:05:00 pm,1.19
04-Jan-20 04:40:00 pm,0.13
04-Jan-20 05:15:00 pm,0.12
04-Jan-20 05:50:00 pm,0.12
04-Jan-20 06:25:00 pm,0.11
04-Jan-20 07:00:00 pm,0.12
04-Jan-20 07:35:00 pm,0.11
04-Jan-20 08:10:00 pm,0.11
04-Jan-20 08:45:00 pm,0.11
04-Jan-20 09:20:00 pm,0.11
04-Jan-20 09:55:00 pm,0.11
04-Jan-20 10:30:00 pm,0.11
04-Jan-20 11:05:00 pm,0.10
04-Jan-20 11:40:00 pm,0.11
05-Jan-20 12:15:00 am,0.11
05-Jan-20 12:50:00 am,0.11
05-Jan-20 01:25:00 am,0.11
05-Jan-20 02:00:00 am,0.11
05-Jan-20 02:35:00 am,0.11
05-Jan-20 03:10:00 am,0.10
05-Jan-20 03:45:00 am,0.11
05-Jan-20 04:20:00 am,0.10
05-Jan-20 04:55:00 am,0.11
05-Jan-20 05:30:00 am,0.10
05-Jan-20 06:05:00 am,0.11
05-Jan-20 06:40:00 am,0.11
05-Jan-20 07:15:00 am,0.11
05-Jan-20 07:50:00 am,0.10
05-Jan-20 08:25:00 am,0.11
05-Jan-20 09:00:00 am,0.11
05-Jan-20 09:35:00 am,0.11
05-Jan-20 10:10:00 am,0.11
05-Jan-20 10:45:00 am,0.12
05-Jan-20 11:20:00 am,0.11
05-Jan-20 11:55:00 am,0.13
05-Jan-20 12:30:00 pm,0.12
05-Jan-20 01:05:00 pm,0.11
05-Jan-20 01:40:00 pm,0.12
05-Jan-20 02:15:00 pm,0.12
05-Jan-20 02:50:00 pm,0.11
05-Jan-20 03:25:00 pm,0.09
05-Jan-20 04:00:00 pm,0.10
05-Jan-20 04:35:00 pm,0.10
05-Jan-20 05:10:00 pm,0.11
05-Jan-20 05:45:00 pm,0.10
05-Jan-20 06:20:00 pm,0.10
05-Jan-20 06:55:00 pm,0.11
05-Jan-20 07:30:00 pm,0.11
05-Jan-20 08:05:00 pm,0.11
05-Jan-20 08:40:00 pm,0.12
05-Jan-20 09:15:00 pm,0.12
05-Jan-20 09:50:00 pm,0.11
05-Jan-20 10:25:00 pm,0.11
05-Jan-20 11:00:00 pm,0.12
05-Jan-20 11:35:00 pm,0.10
06-Jan-20 12:10:00 am,0.12
06-Jan-20 12:45:00 am,0.11
06-Jan-20 01:20:00 am,0.11
06-Jan-20 01:55:00 am,0.11
06-Jan-20 02:30:00 am,0.11
06-Jan-20 03:05:00 am,0.11
06-Jan-20 03:40:00 am,0.11
06-Jan-20 04:15:00 am,0.09
06-Jan-20 04:50:00 am,0.10
06-Jan-20 05:25:00 am,0.10
06-Jan-20 06:00:00 am,1.23
06-Jan-20 06:35:00 am,1.79
06-Jan-20 07:10:00 am,1.79
06-Jan-20 07:45:00 am,1.80
06-Jan-20 08:20:00 am,1.79
06-Jan-20 08:55:00 am,1.83
06-Jan-20 09:30:00 am,1.78
06-Jan-20 10:05:00 am,1.81
06-Jan-20 10:40:00 am,1.80
06-Jan-20 11:15:00 am,1.80
06-Jan-20 11:50:00 am,1.82
06-Jan-20 12:25:00 pm,1.76
06-Jan-20 01:00:00 pm,1.80
06-Jan-20 01:35:00 pm,1.79
06-Jan-20 02:10:00 pm,1.84
06-Jan-20 02:45:00 pm,1.81
06-Jan-20 03:20:00 pm,1.77
06-Jan-20 03:55:00 pm,1.80
06-Jan-20 04:30:00 pm,1.78
06-Jan-20 05:05:00 pm,1.79
06-Jan-20 05:40:00 pm,1.81
06-Jan-20 06:15:00 pm,0.13
06-Jan-20 06:50:00 pm,0.13
06-Jan-20 07:25:00 pm,0.10
06-Jan-20 08:00:00 pm,0.12
06-Jan-20 08:35:00 pm,0.12
06-Jan-20 09:10:00 pm,0.91
06-Jan-20 09:45:00 pm,0.41
06-Jan-20 10:20:00 pm,0.13
06-Jan-20 10:55:00 pm,0.13
06-Jan-20 11:30:00 pm,0.12
07-Jan-20 12:05:00 am,0.12
07-Jan-20 12:40:00 am,0.12
07-Jan-20 01:15:00 am,0.12
07-Jan-20 01:50:00 am,0.12
07-Jan-20 02:25:00 am,0.11
07-Jan-20 03:00:00 am,0.10
07-Jan-20 03:35:00 am,0.10
07-Jan-20 04:10:00 am,0.09
07-Jan-20 04:45:00 am,0.09
07-Jan-20 05:20:00 am,0.08
07-Jan-20 05:55:00 am,0.95
07-Jan-20 06:30:00 am,1.79
07-Jan-20 07:05:00 am,1.77
07-Jan-20 07:40:00 am,1.80
07-Jan-20 08:15:00 am,1.80
07-Jan-20 08:50:00 am,1.82
07-Jan-20 09:25:00 am,1.79
07-Jan-20 10:00:00 am,1.81
07-Jan-20 10:35:00 am,1.79
07-Jan-20 11:10:00 am,1.78
07-Jan-20 11:45:00 am,1.81
07-Jan-20 12:20:00 pm,1.78
07-Jan-20 12:55:00 pm,1.77
07-Jan-20 01:30:00 pm,1.81
07-Jan-20 02:05:00 pm,1.79
07-Jan-20 02:40:00 pm,1.82
07-Jan-20 03:15:00 pm,1.78
07-Jan-20 03:50:00 pm,1.78
07-Jan-20 04:25:00 pm,1.78
07-Jan-20 05:00:00 pm,1.80
07-Jan-20 05:35:00 pm,1.80
07-Jan-20 06:10:00 pm,0.17
07-Jan-20 06:45:00 pm,0.15
07-Jan-20 07:20:00 pm,0.14
07-Jan-20 07:55:00 pm,0.13
07-Jan-20 08:30:00 pm,0.13
07-Jan-20 09:05:00 pm,0.13
07-Jan-20 09:40:00 pm,0.82
07-Jan-20 10:15:00 pm,0.43
07-Jan-20 10:50:00 pm,0.13
07-Jan-20 11:25:00 pm,0.13
08-Jan-20 12:00:00 am,0.12
08-Jan-20 12:35:00 am,0.12
08-Jan-20 01:10:00 am,0.13
08-Jan-20 01:45:00 am,0.12
08-Jan-20 02:20:00 am,0.11
08-Jan-20 02:55:00 am,0.11
08-Jan-20 03:30:00 am,0.12
08-Jan-20 04:05:00 am,0.09
08-Jan-20 04:40:00 am,0.09
08-Jan-20 05:15:00 am,0.10
08-Jan-20 05:50:00 am,0.95
08-Jan-20 06:25:00 am,1.81
08-Jan-20 07:00:00 am,1.78
08-Jan-20 07:35:00 am,1.79
08-Jan-20 08:10:00 am,1.78
08-Jan-20 08:45:00 am,1.79
08-Jan-20 09:20:00 am,1.78
08-Jan-20 09:55:00 am,1.82
08-Jan-20 10:30:00 am,1.80
08-Jan-20 11:05:00 am,1.78
08-Jan-20 11:40:00 am,1.80
08-Jan-20 12:15:00 pm,1.80
08-Jan-20 12:50:00 pm,1.78
08-Jan-20 01:25:00 pm,1.81
08-Jan-20 02:00:00 pm,1.80
08-Jan-20 02:35:00 pm,1.81
08-Jan-20 03:10:00 pm,1.78
08-Jan-20 03:45:00 pm,1.80
08-Jan-20 04:20:00 pm,1.81
08-Jan-20 04:55:00 pm,1.79
08-Jan-20 05:30:00 pm,1.80
08-Jan-20 06:05:00 pm,0.14
08-Jan-20 06:40:00 pm,0.13
08-Jan-20 07:15:00 pm,0.13
08-Jan-20 07:50:00 pm,0.13
08-Jan-20 08:25:00 pm,0.12
08-Jan-20 09:00:00 pm,0.12
08-Jan-20 09:35:00 pm,0.12
08-Jan-20 10:10:00 pm,0.12
08-Jan-20 10:45:00 pm,0.12
08-Jan-20 11:20:00 pm,0.12
08-Jan-20 11:55:00 pm,0.12
09-Jan-20 12:30:00 am,0.12
09-Jan-20 01:05:00 am,0.12
09-Jan-20 01:40:00 am,0.12
09-Jan-20 02:15:00 am,0.13
09-Jan-20 02:50:00 am,0.12
09-Jan-20 03:25:00 am,0.12
09-Jan-20 04:00:00 am,0.11
09-Jan-20 04:35:00 am,0.11
09-Jan-20 05:10:00 am,0.11
09-Jan-20 05:45:00 am,0.68
09-Jan-20 06:20:00 am,1.83
09-Jan-20 06:55:00 am,1.83
09-Jan-20 07:30:00 am,1.82
09-Jan-20 08:05:00 am,1.82
09-Jan-20 08:40:00 am,1.81
09-Jan-20 09:15:00 am,1.80
09-Jan-20 09:50:00 am,1.81
09-Jan-20 10:25:00 am,1.81
09-Jan-20 11:00:00 am,1.81
09-Jan-20 11:35:00 am,1.82
09-Jan-20 12:10:00 pm,1.80
09-Jan-20 12:45:00 pm,1.80
09-Jan-20 01:20:00 pm,1.80
09-Jan-20 01:55:00 pm,1.80
09-Jan-20 02:30:00 pm,1.78
09-Jan-20 03:05:00 pm,1.81
09-Jan-20 03:40:00 pm,1.78
09-Jan-20 04:15:00 pm,1.78
09-Jan-20 04:50:00 pm,1.77
09-Jan-20 05:25:00 pm,1.80
09-Jan-20 06:00:00 pm,0.71
09-Jan-20 06:35:00 pm,0.15
09-Jan-20 07:10:00 pm,0.15
09-Jan-20 07:45:00 pm,0.14
09-Jan-20 08:20:00 pm,0.13
09-Jan-20 08:55:00 pm,0.13
09-Jan-20 09:30:00 pm,0.13
09-Jan-20 10:05:00 pm,0.13
09-Jan-20 10:40:00 pm,0.13
09-Jan-20 11:15:00 pm,0.13
09-Jan-20 11:50:00 pm,0.13
10-Jan-20 12:25:00 am,0.12
10-Jan-20 01:00:00 am,0.12
10-Jan-20 01:35:00 am,0.12
10-Jan-20 02:10:00 am,0.12
10-Jan-20 02:45:00 am,0.12
10-Jan-20 03:20:00 am,0.12
10-Jan-20 03:55:00 am,0.11
10-Jan-20 04:30:00 am,0.10
10-Jan-20 05:05:00 am,0.10
10-Jan-20 05:40:00 am,0.12
10-Jan-20 06:15:00 am,1.80
10-Jan-20 06:50:00 am,1.79
10-Jan-20 07:25:00 am,1.78
10-Jan-20 08:00:00 am,1.78
10-Jan-20 08:35:00 am,1.78
10-Jan-20 09:10:00 am,1.77
10-Jan-20 09:45:00 am,1.81
10-Jan-20 10:20:00 am,1.78
10-Jan-20 10:55:00 am,1.80
10-Jan-20 11:30:00 am,1.81
10-Jan-20 12:05:00 pm,1.78
10-Jan-20 12:40:00 pm,1.80
10-Jan-20 01:15:00 pm,1.81
10-Jan-20 01:50:00 pm,1.80
10-Jan-20 02:25:00 pm,1.81
10-Jan-20 03:00:00 pm,1.82
10-Jan-20 03:35:00 pm,1.81
10-Jan-20 04:10:00 pm,1.81
10-Jan-20 04:45:00 pm,1.78
10-Jan-20 05:20:00 pm,1.80
10-Jan-20 05:55:00 pm,0.98
10-Jan-20 06:30:00 pm,0.14
10-Jan-20 07:05:00 pm,0.15
10-Jan-20 07:40:00 pm,0.14
10-Jan-20 08:15:00 pm,0.13
10-Jan-20 08:50:00 pm,0.13
10-Jan-20 09:25:00 pm,0.11
10-Jan-20 10:00:00 pm,0.11
10-Jan-20 10:35:00 pm,0.11
10-Jan-20 11:10:00 pm,0.10
10-Jan-20 11:45:00 pm,0.12
11-Jan-20 12:20:00 am,0.13
11-Jan-20 12:55:00 am,0.12
11-Jan-20 01:30:00 am,0.11
11-Jan-20 02:05:00 am,0.10
11-Jan-20 02:40:00 am,0.12
11-Jan-20 03:15:00 am,0.12
11-Jan-20 03:50:00 am,0.12
11-Jan-20 04:25:00 am,0.10
11-Jan-20 05:00:00 am,0.10
11-Jan-20 05:35:00 am,0.11
11-Jan-20 06:10:00 am,0.10
11-Jan-20 06:45:00 am,0.10
11-Jan-20 07:20:00 am,0.10
11-Jan-20 07:55:00 am,0.10
11-Jan-20 08:30:00 am,0.10
11-Jan-20 09:05:00 am,0.10
11-Jan-20 09:40:00 am,0.10
11-Jan-20 10:15:00 am,0.10
11-Jan-20 10:50:00 am,0.10
11-Jan-20 11:25:00 am,0.10
11-Jan-20 12:00:00 pm,0.10
11-Jan-20 12:35:00 pm,0.10
11-Jan-20 01:10:00 pm,0.10
11-Jan-20 01:45:00 pm,0.10
11-Jan-20 02:20:00 pm,0.57
11-Jan-20 02:55:00 pm,0.11
11-Jan-20 03:30:00 pm,0.12
11-Jan-20 04:05:00 pm,0.11
11-Jan-20 04:40:00 pm,0.11
11-Jan-20 05:15:00 pm,0.11
11-Jan-20 05:50:00 pm,0.11
11-Jan-20 06:25:00 pm,0.10
11-Jan-20 07:00:00 pm,0.11
11-Jan-20 07:35:00 pm,0.11
11-Jan-20 08:10:00 pm,0.11
11-Jan-20 08:45:00 pm,0.11
11-Jan-20 09:20:00 pm,0.10
11-Jan-20 09:55:00 pm,0.11
11-Jan-20 10:30:00 pm,0.11
11-Jan-20 11:05:00 pm,0.12
11-Jan-20 11:40:00 pm,0.11
12-Jan-20 12:15:00 am,0.12
12-Jan-20 12:50:00 am,0.11
12-Jan-20 01:25:00 am,0.12
12-Jan-20 02:00:00 am,0.11
12-Jan-20 02:35:00 am,0.11
12-Jan-20 03:10:00 am,0.11
12-Jan-20 03:45:00 am,0.11
12-Jan-20 04:20:00 am,0.11
12-Jan-20 04:55:00 am,0.12
12-Jan-20 05:30:00 am,0.12
12-Jan-20 06:05:00 am,0.12
12-Jan-20 06:40:00 am,0.11
12-Jan-20 07:15:00 am,0.12
12-Jan-20 07:50:00 am,0.12
12-Jan-20 08:25:00 am,0.11
12-Jan-20 09:00:00 am,0.76
12-Jan-20 09:35:00 am,0.13
12-Jan-20 10:10:00 am,0.13
12-Jan-20 10:45:00 am,0.12
12-Jan-20 11:20:00 am,0.12
12-Jan-20 11:55:00 am,0.12
12-Jan-20 12:30:00 pm,0.12
12-Jan-20 01:05:00 pm,0.11
12-Jan-20 01:40:00 pm,0.12
12-Jan-20 02:15:00 pm,0.10
12-Jan-20 02:50:00 pm,0.11
12-Jan-20 03:25:00 pm,0.10
12-Jan-20 04:00:00 pm,0.11
12-Jan-20 04:35:00 pm,0.11
12-Jan-20 05:10:00 pm,0.11
12-Jan-20 05:45:00 pm,0.12
12-Jan-20 06:20:00 pm,0.11
12-Jan-20 06:55:00 pm,0.12
12-Jan-20 07:30:00 pm,0.12
12-Jan-20 08:05:00 pm,0.12
12-Jan-20 08:40:00 pm,0.12
12-Jan-20 09:15:00 pm,0.12
12-Jan-20 09:50:00 pm,0.12
12-Jan-20 10:25:00 pm,0.12
12-Jan-20 11:00:00 pm,0.13
12-Jan-20 11:35:00 pm,0.12
13-Jan-20 12:10:00 am,0.12
13-Jan-20 12:45:00 am,0.12
13-Jan-20 01:20:00 am,0.12
13-Jan-20 01:55:00 am,0.12
13-Jan-20 02:30:00 am,0.12
13-Jan-20 03:05:00 am,0.12
13-Jan-20 03:40:00 am,0.12
13-Jan-20 04:15:00 am,0.10
13-Jan-20 04:50:00 am,0.12
13-Jan-20 05:25:00 am,0.12
13-Jan-20 06:00:00 am,1.25
13-Jan-20 06:35:00 am,1.83
13-Jan-20 07:10:00 am,1.77
13-Jan-20 07:45:00 am,1.81
13-Jan-20 08:20:00 am,1.82
13-Jan-20 08:55:00 am,1.82
13-Jan-20 09:30:00 am,1.82
13-Jan-20 10:05:00 am,1.82
13-Jan-20 10:40:00 am,1.82
13-Jan-20 11:15:00 am,1.82
13-Jan-20 11:50:00 am,1.80
13-Jan-20 12:25:00 pm,1.78
13-Jan-20 01:00:00 pm,1.82
13-Jan-20 01:35:00 pm,1.82
13-Jan-20 02:10:00 pm,1.77
13-Jan-20 02:45:00 pm,1.81
13-Jan-20 03:20:00 pm,1.81
13-Jan-20 03:55:00 pm,1.77
13-Jan-20 04:30:00 pm,1.80
13-Jan-20 05:05:00 pm,1.79
13-Jan-20 05:40:00 pm,1.80
13-Jan-20 06:15:00 pm,0.15
13-Jan-20 06:50:00 pm,0.14
13-Jan-20 07:25:00 pm,0.13
13-Jan-20 08:00:00 pm,0.13
13-Jan-20 08:35:00 pm,0.13
13-Jan-20 09:10:00 pm,0.13
13-Jan-20 09:45:00 pm,0.13
13-Jan-20 10:20:00 pm,0.13
13-Jan-20 10:55:00 pm,0.13
13-Jan-20 11:30:00 pm,0.13
14-Jan-20 12:05:00 am,0.13
14-Jan-20 12:40:00 am,0.13
14-Jan-20 01:15:00 am,0.13
14-Jan-20 01:50:00 am,0.13
14-Jan-20 02:25:00 am,0.13
14-Jan-20 03:00:00 am,0.13
14-Jan-20 03:35:00 am,0.13
14-Jan-20 04:10:00 am,0.12
14-Jan-20 04:45:00 am,0.12
14-Jan-20 05:20:00 am,0.12
14-Jan-20 05:55:00 am,0.97
14-Jan-20 06:30:00 am,1.80
14-Jan-20 07:05:00 am,1.81
14-Jan-20 07:40:00 am,1.81
14-Jan-20 08:15:00 am,1.80
14-Jan-20 08:50:00 am,1.81
14-Jan-20 09:25:00 am,1.81
14-Jan-20 10:00:00 am,1.81
14-Jan-20 10:35:00 am,1.81
14-Jan-20 11:10:00 am,1.80
14-Jan-20 11:45:00 am,1.81
14-Jan-20 12:20:00 pm,1.80
14-Jan-20 12:55:00 pm,1.80
14-Jan-20 01:30:00 pm,1.79
14-Jan-20 02:05:00 pm,1.78
14-Jan-20 02:40:00 pm,1.79
14-Jan-20 03:15:00 pm,1.82
14-Jan-20 03:50:00 pm,1.79
14-Jan-20 04:25:00 pm,1.80
14-Jan-20 05:00:00 pm,1.79
14-Jan-20 05:35:00 pm,1.80
14-Jan-20 06:10:00 pm,0.14
14-Jan-20 06:45:00 pm,0.14
14-Jan-20 07:20:00 pm,0.13
14-Jan-20 07:55:00 pm,0.13
14-Jan-20 08:30:00 pm,0.13
14-Jan-20 09:05:00 pm,0.12
14-Jan-20 09:40:00 pm,0.13
14-Jan-20 10:15:00 pm,0.14
14-Jan-20 10:50:00 pm,0.13
14-Jan-20 11:25:00 pm,0.13
15-Jan-20 12:00:00 am,0.13
15-Jan-20 12:35:00 am,0.14
15-Jan-20 01:10:00 am,0.13
15-Jan-20 01:45:00 am,0.13
15-Jan-20 02:20:00 am,0.12
15-Jan-20 02:55:00 am,0.13
15-Jan-20 03:30:00 am,0.13
15-Jan-20 04:05:00 am,0.11
15-Jan-20 04:40:00 am,0.11
15-Jan-20 05:15:00 am,0.11
15-Jan-20 05:50:00 am,0.96
15-Jan-20 06:25:00 am,1.80
15-Jan-20 07:00:00 am,1.81
15-Jan-20 07:35:00 am,1.79
15-Jan-20 08:10:00 am,1.78
15-Jan-20 08:45:00 am,1.78
15-Jan-20 09:20:00 am,1.78
15-Jan-20 09:55:00 am,1.77
15-Jan-20 10:30:00 am,1.79
15-Jan-20 11:05:00 am,1.80
15-Jan-20 11:40:00 am,1.80
15-Jan-20 12:15:00 pm,1.81
15-Jan-20 12:50:00 pm,1.82
15-Jan-20 01:25:00 pm,1.79
15-Jan-20 02:00:00 pm,1.79
15-Jan-20 02:35:00 pm,1.78
15-Jan-20 03:10:00 pm,1.79
15-Jan-20 03:45:00 pm,1.79
15-Jan-20 04:20:00 pm,1.77
15-Jan-20 04:55:00 pm,1.79
15-Jan-20 05:30:00 pm,1.79
15-Jan-20 06:05:00 pm,0.13
15-Jan-20 06:40:00 pm,0.13
15-Jan-20 07:15:00 pm,0.13
15-Jan-20 07:50:00 pm,0.12
15-Jan-20 08:25:00 pm,0.13
15-Jan-20 09:00:00 pm,0.57
15-Jan-20 09:35:00 pm,0.13
15-Jan-20 10:10:00 pm,0.13
15-Jan-20 10:45:00 pm,0.13
15-Jan-20 11:20:00 pm,0.13
15-Jan-20 11:55:00 pm,0.12
16-Jan-20 12:30:00 am,0.11
16-Jan-20 01:05:00 am,0.11
16-Jan-20 01:40:00 am,0.11
16-Jan-20 02:15:00 am,0.11
16-Jan-20 02:50:00 am,0.11
16-Jan-20 03:25:00 am,0.11
16-Jan-20 04:00:00 am,0.10
16-Jan-20 04:35:00 am,0.10
16-Jan-20 05:10:00 am,0.10
16-Jan-20 05:45:00 am,0.66
16-Jan-20 06:20:00 am,1.80
16-Jan-20 06:55:00 am,1.78
16-Jan-20 07:30:00 am,1.80
16-Jan-20 08:05:00 am,1.80
16-Jan-20 08:40:00 am,1.79
16-Jan-20 09:15:00 am,1.79
16-Jan-20 09:50:00 am,1.79
16-Jan-20 10:25:00 am,1.80
16-Jan-20 11:00:00 am,1.79
16-Jan-20 11:35:00 am,1.79
16-Jan-20 12:10:00 pm,1.82
16-Jan-20 12:45:00 pm,1.81
16-Jan-20 01:20:00 pm,1.82
16-Jan-20 01:55:00 pm,1.81
16-Jan-20 02:30:00 pm,1.82
16-Jan-20 03:05:00 pm,1.80
16-Jan-20 03:40:00 pm,1.81
16-Jan-20 04:15:00 pm,1.80
16-Jan-20 04:50:00 pm,1.79
16-Jan-20 05:25:00 pm,1.79
16-Jan-20 06:00:00 pm,0.71
16-Jan-20 06:35:00 pm,0.14
16-Jan-20 07:10:00 pm,0.13
16-Jan-20 07:45:00 pm,0.13
16-Jan-20 08:20:00 pm,0.13
16-Jan-20 08:55:00 pm,0.13
16-Jan-20 09:30:00 pm,0.13
16-Jan-20 10:05:00 pm,0.12
16-Jan-20 10:40:00 pm,0.12
16-Jan-20 11:15:00 pm,0.12
16-Jan-20 11:50:00 pm,0.13
17-Jan-20 12:25:00 am,0.12
17-Jan-20 01:00:00 am,0.12
17-Jan-20 01:35:00 am,0.13
17-Jan-20 02:10:00 am,0.13
17-Jan-20 02:45:00 am,0.13
17-Jan-20 03:20:00 am,0.12
17-Jan-20 03:55:00 am,0.12
17-Jan-20 04:30:00 am,0.11
17-Jan-20 05:05:00 am,0.12
17-Jan-20 05:40:00 am,0.11
17-Jan-20 06:15:00 am,1.82
17-Jan-20 06:50:00 am,1.83
17-Jan-20 07:25:00 am,1.77
17-Jan-20 08:00:00 am,1.81
17-Jan-20 08:35:00 am,1.83
17-Jan-20 09:10:00 am,1.82
17-Jan-20 09:45:00 am,1.79
17-Jan-20 10:20:00 am,1.77
17-Jan-20 10:55:00 am,1.79
17-Jan-20 11:30:00 am,1.78
17-Jan-20 12:05:00 pm,1.79
17-Jan-20 12:40:00 pm,1.77
17-Jan-20 01:15:00 pm,1.81
17-Jan-20 01:50:00 pm,1.80
17-Jan-20 02:25:00 pm,1.81
17-Jan-20 03:00:00 pm,1.81
17-Jan-20 03:35:00 pm,1.81
17-Jan-20 04:10:00 pm,1.80
17-Jan-20 04:45:00 pm,1.83
17-Jan-20 05:20:00 pm,1.79
17-Jan-20 05:55:00 pm,0.98
17-Jan-20 06:30:00 pm,0.14
17-Jan-20 07:05:00 pm,0.13
17-Jan-20 07:40:00 pm,0.13
17-Jan-20 08:15:00 pm,0.12
17-Jan-20 08:50:00 pm,0.12
17-Jan-20 09:25:00 pm,0.11
17-Jan-20 10:00:00 pm,0.11
17-Jan-20 10:35:00 pm,0.11
17-Jan-20 11:10:00 pm,0.11
17-Jan-20 11:45:00 pm,0.11
18-Jan-20 12:20:00 am,0.10
18-Jan-20 12:55:00 am,0.11
18-Jan-20 01:30:00 am,0.12
18-Jan-20 02:05:00 am,0.12
18-Jan-20 02:40:00 am,0.11
18-Jan-20 03:15:00 am,0.10
18-Jan-20 03:50:00 am,0.11
18-Jan-20 04:25:00 am,0.11
18-Jan-20 05:00:00 am,0.12
18-Jan-20 05:35:00 am,0.11
18-Jan-20 06:10:00 am,0.11
18-Jan-20 06:45:00 am,0.11
18-Jan-20 07:20:00 am,0.12
18-Jan-20 07:55:00 am,0.11
18-Jan-20 08:30:00 am,0.11
18-Jan-20 09:05:00 am,0.11
18-Jan-20 09:40:00 am,0.11
18-Jan-20 10:15:00 am,0.11
18-Jan-20 10:50:00 am,0.11
18-Jan-20 11:25:00 am,0.11
18-Jan-20 12:00:00 pm,0.10
18-Jan-20 12:35:00 pm,0.10
18-Jan-20 01:10:00 pm,0.09
18-Jan-20 01:45:00 pm,0.09
18-Jan-20 02:20:00 pm,0.09
18-Jan-20 02:55:00 pm,0.09
18-Jan-20 03:30:00 pm,0.09
18-Jan-20 04:05:00 pm,0.08
18-Jan-20 04:40:00 pm,0.09
18-Jan-20 05:15:00 pm,0.09
18-Jan-20 05:50:00 pm,0.09
18-Jan-20 06:25:00 pm,0.08
18-Jan-20 07:00:00 pm,0.09
18-Jan-20 07:35:00 pm,0.09
18-Jan-20 08:10:00 pm,0.09
18-Jan-20 08:45:00 pm,0.09
18-Jan-20 09:20:00 pm,0.09
18-Jan-20 09:55:00 pm,0.09
18-Jan-20 10:30:00 pm,0.10
18-Jan-20 11:05:00 pm,0.10
18-Jan-20 11:40:00 pm,0.09
19-Jan-20 12:15:00 am,0.10
19-Jan-20 12:50:00 am,0.10
19-Jan-20 01:25:00 am,0.10
19-Jan-20 02:00:00 am,0.10
19-Jan-20 02:35:00 am,0.10
19-Jan-20 03:10:00 am,0.10
19-Jan-20 03:45:00 am,0.10
19-Jan-20 04:20:00 am,0.10
19-Jan-20 04:55:00 am,0.10
19-Jan-20 05:30:00 am,0.10
19-Jan-20 06:05:00 am,0.10
19-Jan-20 06:40:00 am,0.10
19-Jan-20 07:15:00 am,0.10
19-Jan-20 07:50:00 am,0.10
19-Jan-20 08:25:00 am,0.10
19-Jan-20 09:00:00 am,0.10
19-Jan-20 09:35:00 am,0.09
19-Jan-20 10:10:00 am,0.10
19-Jan-20 10:45:00 am,0.09
19-Jan-20 11:20:00 am,0.09
19-Jan-20 11:55:00 am,0.09
19-Jan-20 12:30:00 pm,0.09
19-Jan-20 01:05:00 pm,0.09
19-Jan-20 01:40:00 pm,0.09
19-Jan-20 02:15:00 pm,0.08
19-Jan-20 02:50:00 pm,0.08
19-Jan-20 03:25:00 pm,0.08
19-Jan-20 04:00:00 pm,0.08
19-Jan-20 04:35:00 pm,0.08
19-Jan-20 05:10:00 pm,0.08
19-Jan-20 05:45:00 pm,0.08
19-Jan-20 06:20:00 pm,0.09
19-Jan-20 06:55:00 pm,0.09
19-Jan-20 07:30:00 pm,0.09
19-Jan-20 08:05:00 pm,0.09
19-Jan-20 08:40:00 pm,0.10
19-Jan-20 09:15:00 pm,0.09
19-Jan-20 09:50:00 pm,0.10
19-Jan-20 10:25:00 pm,0.10
19-Jan-20 11:00:00 pm,0.10
19-Jan-20 11:35:00 pm,0.11
20-Jan-20 12:10:00 am,0.10
20-Jan-20 12:45:00 am,0.10
20-Jan-20 01:20:00 am,0.10
20-Jan-20 01:55:00 am,0.10
20-Jan-20 02:30:00 am,0.10
20-Jan-20 03:05:00 am,0.10
20-Jan-20 03:40:00 am,0.10
20-Jan-20 04:15:00 am,0.09
20-Jan-20 04:50:00 am,0.09
20-Jan-20 05:25:00 am,0.09
20-Jan-20 06:00:00 am,1.22
20-Jan-20 06:35:00 am,1.81
20-Jan-20 07:10:00 am,1.80
20-Jan-20 07:45:00 am,1.79
20-Jan-20 08:20:00 am,1.78
20-Jan-20 08:55:00 am,1.79
20-Jan-20 09:30:00 am,1.77
20-Jan-20 10:05:00 am,1.80
20-Jan-20 10:40:00 am,1.83
20-Jan-20 11:15:00 am,1.76
20-Jan-20 11:50:00 am,1.80
20-Jan-20 12:25:00 pm,1.78
20-Jan-20 01:00:00 pm,1.79
20-Jan-20 01:35:00 pm,1.79
20-Jan-20 02:10:00 pm,1.78
20-Jan-20 02:45:00 pm,1.81
20-Jan-20 03:20:00 pm,1.80
20-Jan-20 03:55:00 pm,1.80
20-Jan-20 04:30:00 pm,1.81
20-Jan-20 05:05:00 pm,1.79
20-Jan-20 05:40:00 pm,1.80
20-Jan-20 06:15:00 pm,0.13
20-Jan-20 06:50:00 pm,0.13
20-Jan-20 07:25:00 pm,0.12
20-Jan-20 08:00:00 pm,0.12
20-Jan-20 08:35:00 pm,0.11
20-Jan-20 09:10:00 pm,0.63
20-Jan-20 09:45:00 pm,0.41
20-Jan-20 10:20:00 pm,0.12
20-Jan-20 10:55:00 pm,0.12
20-Jan-20 11:30:00 pm,0.11
21-Jan-20 12:05:00 am,0.11
21-Jan-20 12:40:00 am,0.10
21-Jan-20 01:15:00 am,0.11
21-Jan-20 01:50:00 am,0.10
21-Jan-20 02:25:00 am,0.10
21-Jan-20 03:00:00 am,0.10
21-Jan-20 03:35:00 am,0.10
21-Jan-20 04:10:00 am,0.08
21-Jan-20 04:45:00 am,0.08
21-Jan-20 05:20:00 am,0.08
21-Jan-20 05:55:00 am,0.94
21-Jan-20 06:30:00 am,1.78
21-Jan-20 07:05:00 am,1.78
21-Jan-20 07:40:00 am,1.76
21-Jan-20 08:15:00 am,1.81
21-Jan-20 08:50:00 am,1.84
21-Jan-20 09:25:00 am,1.78
21-Jan-20 10:00:00 am,1.80
21-Jan-20 10:35:00 am,1.81
21-Jan-20 11:10:00 am,1.80
21-Jan-20 11:45:00 am,1.78
21-Jan-20 12:20:00 pm,1.80
21-Jan-20 12:55:00 pm,1.80
21-Jan-20 01:30:00 pm,1.80
21-Jan-20 02:05:00 pm,1.80
21-Jan-20 02:40:00 pm,1.79
21-Jan-20 03:15:00 pm,1.79
21-Jan-20 03:50:00 pm,1.78
21-Jan-20 04:25:00 pm,1.81
21-Jan-20 05:00:00 pm,1.79
21-Jan-20 05:35:00 pm,1.78
21-Jan-20 06:10:00 pm,0.15
21-Jan-20 06:45:00 pm,0.14
21-Jan-20 07:20:00 pm,0.13
21-Jan-20 07:55:00 pm,0.13
21-Jan-20 08:30:00 pm,0.12
21-Jan-20 09:05:00 pm,0.11
21-Jan-20 09:40:00 pm,0.11
21-Jan-20 10:15:00 pm,0.11
21-Jan-20 10:50:00 pm,1.02
21-Jan-20 11:25:00 pm,0.14
22-Jan-20 12:00:00 am,0.13
22-Jan-20 12:35:00 am,0.12
22-Jan-20 01:10:00 am,0.11
22-Jan-20 01:45:00 am,0.11
22-Jan-20 02:20:00 am,0.12
22-Jan-20 02:55:00 am,0.10
22-Jan-20 03:30:00 am,0.10
22-Jan-20 04:05:00 am,0.09
22-Jan-20 04:40:00 am,0.09
22-Jan-20 05:15:00 am,0.09
22-Jan-20 05:50:00 am,0.97
22-Jan-20 06:25:00 am,1.78
22-Jan-20 07:00:00 am,1.80
22-Jan-20 07:35:00 am,1.79
22-Jan-20 08:10:00 am,1.79
22-Jan-20 08:45:00 am,1.80
22-Jan-20 09:20:00 am,1.81
22-Jan-20 09:55:00 am,1.81
22-Jan-20 10:30:00 am,1.81
22-Jan-20 11:05:00 am,1.79
22-Jan-20 11:40:00 am,1.82
22-Jan-20 12:15:00 pm,1.80
22-Jan-20 12:50:00 pm,1.82
22-Jan-20 01:25:00 pm,1.79
22-Jan-20 02:00:00 pm,1.81
22-Jan-20 02:35:00 pm,1.80
22-Jan-20 03:10:00 pm,1.78
22-Jan-20 03:45:00 pm,1.79
22-Jan-20 04:20:00 pm,1.78
22-Jan-20 04:55:00 pm,1.81
22-Jan-20 05:30:00 pm,1.80
22-Jan-20 06:05:00 pm,0.13
22-Jan-20 06:40:00 pm,0.13
22-Jan-20 07:15:00 pm,0.13
22-Jan-20 07:50:00 pm,0.12
22-Jan-20 08:25:00 pm,0.11
22-Jan-20 09:00:00 pm,0.11
22-Jan-20 09:35:00 pm,1.07
22-Jan-20 10:10:00 pm,0.55
22-Jan-20 10:45:00 pm,0.12
22-Jan-20 11:20:00 pm,0.12
22-Jan-20 11:55:00 pm,0.61
23-Jan-20 12:30:00 am,0.13
23-Jan-20 01:05:00 am,0.12
23-Jan-20 01:40:00 am,0.11
23-Jan-20 02:15:00 am,0.11
23-Jan-20 02:50:00 am,0.10
23-Jan-20 03:25:00 am,0.10
23-Jan-20 04:00:00 am,0.08
23-Jan-20 04:35:00 am,0.09
23-Jan-20 05:10:00 am,0.08
23-Jan-20 05:45:00 am,0.65
23-Jan-20 06:20:00 am,1.78
23-Jan-20 06:55:00 am,1.78
23-Jan-20 07:30:00 am,1.80
23-Jan-20 08:05:00 am,1.76
23-Jan-20 08:40:00 am,1.83
23-Jan-20 09:15:00 am,1.79
23-Jan-20 09:50:00 am,1.79
23-Jan-20 10:25:00 am,1.79
23-Jan-20 11:00:00 am,1.78
23-Jan-20 11:35:00 am,1.80
23-Jan-20 12:10:00 pm,1.78
23-Jan-20 12:45:00 pm,1.81
23-Jan-20 01:20:00 pm,1.78
23-Jan-20 01:55:00 pm,1.79
23-Jan-20 02:30:00 pm,1.81
23-Jan-20 03:05:00 pm,1.78
23-Jan-20 03:40:00 pm,1.80
23-Jan-20 04:15:00 pm,1.80
23-Jan-20 04:50:00 pm,1.80
23-Jan-20 05:25:00 pm,1.79
23-Jan-20 06:00:00 pm,0.68
23-Jan-20 06:35:00 pm,0.13
23-Jan-20 07:10:00 pm,0.12
23-Jan-20 07:45:00 pm,0.11
23-Jan-20 08:20:00 pm,0.11
23-Jan-20 08:55:00 pm,0.10
23-Jan-20 09:30:00 pm,0.10
23-Jan-20 10:05:00 pm,0.99
23-Jan-20 10:40:00 pm,0.12
23-Jan-20 11:15:00 pm,0.12
23-Jan-20 11:50:00 pm,0.11
24-Jan-20 12:25:00 am,0.11
24-Jan-20 01:00:00 am,0.11
24-Jan-20 01:35:00 am,0.10
24-Jan-20 02:10:00 am,0.10
24-Jan-20 02:45:00 am,0.10
24-Jan-20 03:20:00 am,0.10
24-Jan-20 03:55:00 am,0.09
24-Jan-20 04:30:00 am,0.09
24-Jan-20 05:05:00 am,0.09
24-Jan-20 05:40:00 am,0.08
24-Jan-20 06:15:00 am,1.79
24-Jan-20 06:50:00 am,1.80
24-Jan-20 07:25:00 am,1.78
24-Jan-20 08:00:00 am,1.82
24-Jan-20 08:35:00 am,1.82
24-Jan-20 09:10:00 am,1.80
24-Jan-20 09:45:00 am,1.82
24-Jan-20 10:20:00 am,1.78
24-Jan-20 10:55:00 am,1.80
24-Jan-20 11:30:00 am,1.78
24-Jan-20 12:05:00 pm,1.79
24-Jan-20 12:40:00 pm,1.81
24-Jan-20 01:15:00 pm,1.79
24-Jan-20 01:50:00 pm,1.81
24-Jan-20 02:25:00 pm,1.83
24-Jan-20 03:00:00 pm,1.80
24-Jan-20 03:35:00 pm,1.79
24-Jan-20 04:10:00 pm,1.79
24-Jan-20 04:45:00 pm,1.78
24-Jan-20 05:20:00 pm,1.79
24-Jan-20 05:55:00 pm,0.97
24-Jan-20 06:30:00 pm,0.15
24-Jan-20 07:05:00 pm,0.14
24-Jan-20 07:40:00 pm,0.13
24-Jan-20 08:15:00 pm,0.13
24-Jan-20 08:50:00 pm,0.12
24-Jan-20 09:25:00 pm,0.11
24-Jan-20 10:00:00 pm,0.11
24-Jan-20 10:35:00 pm,0.11
24-Jan-20 11:10:00 pm,0.11
24-Jan-20 11:45:00 pm,0.11
25-Jan-20 12:20:00 am,0.10
25-Jan-20 12:55:00 am,0.10
25-Jan-20 01:30:00 am,0.10
25-Jan-20 02:05:00 am,0.10
25-Jan-20 02:40:00 am,0.10
25-Jan-20 03:15:00 am,0.10
25-Jan-20 03:50:00 am,0.10
25-Jan-20 04:25:00 am,0.10
25-Jan-20 05:00:00 am,0.10
25-Jan-20 05:35:00 am,0.10
25-Jan-20 06:10:00 am,0.10
25-Jan-20 06:45:00 am,0.10
25-Jan-20 07:20:00 am,0.10
25-Jan-20 07:55:00 am,0.10
25-Jan-20 08:30:00 am,0.10
25-Jan-20 09:05:00 am,0.09
25-Jan-20 09:40:00 am,0.09
25-Jan-20 10:15:00 am,0.09
25-Jan-20 10:50:00 am,0.09
25-Jan-20 11:25:00 am,0.09
25-Jan-20 12:00:00 pm,0.09
25-Jan-20 12:35:00 pm,0.09
25-Jan-20 01:10:00 pm,0.09
25-Jan-20 01:45:00 pm,0.09
25-Jan-20 02:20:00 pm,0.08
25-Jan-20 02:55:00 pm,0.09
25-Jan-20 03:30:00 pm,0.09
25-Jan-20 04:05:00 pm,0.09
25-Jan-20 04:40:00 pm,0.09
25-Jan-20 05:15:00 pm,0.08
25-Jan-20 05:50:00 pm,0.09
25-Jan-20 06:25:00 pm,0.09
25-Jan-20 07:00:00 pm,0.09
25-Jan-20 07:35:00 pm,0.09
25-Jan-20 08:10:00 pm,0.10
25-Jan-20 08:45:00 pm,0.09
25-Jan-20 09:20:00 pm,0.10
25-Jan-20 09:55:00 pm,0.09
25-Jan-20 10:30:00 pm,0.09
25-Jan-20 11:05:00 pm,0.09
25-Jan-20 11:40:00 pm,0.09
26-Jan-20 12:15:00 am,0.10
26-Jan-20 12:50:00 am,0.09
26-Jan-20 01:25:00 am,0.09
26-Jan-20 02:00:00 am,0.09
26-Jan-20 02:35:00 am,0.10
26-Jan-20 03:10:00 am,0.09
26-Jan-20 03:45:00 am,0.10
26-Jan-20 04:20:00 am,0.10
26-Jan-20 04:55:00 am,0.10
26-Jan-20 05:30:00 am,0.09
26-Jan-20 06:05:00 am,0.10
26-Jan-20 06:40:00 am,0.10
26-Jan-20 07:15:00 am,0.10
26-Jan-20 07:50:00 am,0.10
26-Jan-20 08:25:00 am,0.10
26-Jan-20 09:00:00 am,0.10
26-Jan-20 09:35:00 am,0.11
26-Jan-20 10:10:00 am,0.10
26-Jan-20 10:45:00 am,0.10
26-Jan-20 11:20:00 am,0.10
26-Jan-20 11:55:00 am,0.11
26-Jan-20 12:30:00 pm,0.09
26-Jan-20 01:05:00 pm,0.09
26-Jan-20 01:40:00 pm,0.10
26-Jan-20 02:15:00 pm,0.09
26-Jan-20 02:50:00 pm,0.07
26-Jan-20 03:25:00 pm,0.07
26-Jan-20 04:00:00 pm,0.07
26-Jan-20 04:35:00 pm,0.07
26-Jan-20 05:10:00 pm,0.08
26-Jan-20 05:45:00 pm,0.08
26-Jan-20 06:20:00 pm,1.29
26-Jan-20 06:55:00 pm,0.11
26-Jan-20 07:30:00 pm,0.11
26-Jan-20 08:05:00 pm,0.10
26-Jan-20 08:40:00 pm,0.10
26-Jan-20 09:15:00 pm,0.10
26-Jan-20 09:50:00 pm,0.10
26-Jan-20 10:25:00 pm,0.11
26-Jan-20 11:00:00 pm,0.10
26-Jan-20 11:35:00 pm,0.09
27-Jan-20 12:10:00 am,0.11
27-Jan-20 12:45:00 am,0.10
27-Jan-20 01:20:00 am,0.10
27-Jan-20 01:55:00 am,0.10
27-Jan-20 02:30:00 am,0.10
27-Jan-20 03:05:00 am,0.11
27-Jan-20 03:40:00 am,0.10
27-Jan-20 04:15:00 am,0.09
27-Jan-20 04:50:00 am,0.10
27-Jan-20 05:25:00 am,0.10
27-Jan-20 06:00:00 am,1.24
27-Jan-20 06:35:00 am,1.81
27-Jan-20 07:10:00 am,1.80
27-Jan-20 07:45:00 am,1.78
27-Jan-20 08:20:00 am,1.79
27-Jan-20 08:55:00 am,1.79
27-Jan-20 09:30:00 am,1.79
27-Jan-20 10:05:00 am,1.78
27-Jan-20 10:40:00 am,1.81
27-Jan-20 11:15:00 am,1.80
27-Jan-20 11:50:00 am,1.80
27-Jan-20 12:25:00 pm,1.80
27-Jan-20 01:00:00 pm,1.80
27-Jan-20 01:35:00 pm,1.82
27-Jan-20 02:10:00 pm,1.83
27-Jan-20 02:45:00 pm,1.80
27-Jan-20 03:20:00 pm,1.78
27-Jan-20 03:55:00 pm,1.82
27-Jan-20 04:30:00 pm,1.80
27-Jan-20 05:05:00 pm,1.82
27-Jan-20 05:40:00 pm,1.79
27-Jan-20 06:15:00 pm,0.14
27-Jan-20 06:50:00 pm,0.13
27-Jan-20 07:25:00 pm,0.13
27-Jan-20 08:00:00 pm,0.12
27-Jan-20 08:35:00 pm,0.11
27-Jan-20 09:10:00 pm,0.11
27-Jan-20 09:45:00 pm,0.45
27-Jan-20 10:20:00 pm,0.55
27-Jan-20 10:55:00 pm,0.12
27-Jan-20 11:30:00 pm,0.12
28-Jan-20 12:05:00 am,0.11
28-Jan-20 12:40:00 am,0.10
28-Jan-20 01:15:00 am,0.10
28-Jan-20 01:50:00 am,0.11
28-Jan-20 02:25:00 am,0.10
28-Jan-20 03:00:00 am,0.10
28-Jan-20 03:35:00 am,0.09
28-Jan-20 04:10:00 am,0.09
28-Jan-20 04:45:00 am,0.08
28-Jan-20 05:20:00 am,0.08
28-Jan-20 05:55:00 am,0.95
28-Jan-20 06:30:00 am,1.79
28-Jan-20 07:05:00 am,1.81
28-Jan-20 07:40:00 am,1.78
28-Jan-20 08:15:00 am,1.80
28-Jan-20 08:50:00 am,1.83
28-Jan-20 09:25:00 am,1.78
28-Jan-20 10:00:00 am,1.80
28-Jan-20 10:35:00 am,1.79
28-Jan-20 11:10:00 am,1.79
28-Jan-20 11:45:00 am,1.80
28-Jan-20 12:20:00 pm,1.79
28-Jan-20 12:55:00 pm,1.80
28-Jan-20 01:30:00 pm,1.80
28-Jan-20 02:05:00 pm,1.78
28-Jan-20 02:40:00 pm,1.78
28-Jan-20 03:15:00 pm,1.81
28-Jan-20 03:50:00 pm,1.80
28-Jan-20 04:25:00 pm,1.78
28-Jan-20 05:00:00 pm,1.79
28-Jan-20 05:35:00 pm,1.79
28-Jan-20 06:10:00 pm,0.13
28-Jan-20 06:45:00 pm,0.13
28-Jan-20 07:20:00 pm,0.12
28-Jan-20 07:55:00 pm,0.12
28-Jan-20 08:30:00 pm,0.70
28-Jan-20 09:05:00 pm,0.13
28-Jan-20 09:40:00 pm,0.13
28-Jan-20 10:15:00 pm,0.12
28-Jan-20 10:50:00 pm,0.11
28-Jan-20 11:25:00 pm,0.11
29-Jan-20 12:00:00 am,0.11
29-Jan-20 12:35:00 am,0.10
29-Jan-20 01:10:00 am,0.10
29-Jan-20 01:45:00 am,0.10
29-Jan-20 02:20:00 am,0.70
29-Jan-20 02:55:00 am,0.57
29-Jan-20 03:30:00 am,0.12
29-Jan-20 04:05:00 am,0.09
29-Jan-20 04:40:00 am,0.09
29-Jan-20 05:15:00 am,0.09
29-Jan-20 05:50:00 am,0.94
29-Jan-20 06:25:00 am,1.78
29-Jan-20 07:00:00 am,1.80
29-Jan-20 07:35:00 am,1.81
29-Jan-20 08:10:00 am,1.82
29-Jan-20 08:45:00 am,1.79
29-Jan-20 09:20:00 am,1.81
29-Jan-20 09:55:00 am,1.80
29-Jan-20 10:30:00 am,1.80
29-Jan-20 11:05:00 am,1.79
29-Jan-20 11:40:00 am,1.78
29-Jan-20 12:15:00 pm,1.79
29-Jan-20 12:50:00 pm,1.81
29-Jan-20 01:25:00 pm,1.81
29-Jan-20 02:00:00 pm,1.81
29-Jan-20 02:35:00 pm,1.79
29-Jan-20 03:10:00 pm,1.79
29-Jan-20 03:45:00 pm,1.81
29-Jan-20 04:20:00 pm,1.78
29-Jan-20 04:55:00 pm,1.77
29-Jan-20 05:30:00 pm,1.79
29-Jan-20 06:05:00 pm,0.16
29-Jan-20 06:40:00 pm,0.15
29-Jan-20 07:15:00 pm,0.14
29-Jan-20 07:50:00 pm,0.13
29-Jan-20 08:25:00 pm,0.12
29-Jan-20 09:00:00 pm,0.12
29-Jan-20 09:35:00 pm,0.12
29-Jan-20 10:10:00 pm,1.06
29-Jan-20 10:45:00 pm,0.13
29-Jan-20 11:20:00 pm,0.13
29-Jan-20 11:55:00 pm,0.12
30-Jan-20 12:30:00 am,0.12
30-Jan-20 01:05:00 am,0.12
30-Jan-20 01:40:00 am,0.12
30-Jan-20 02:15:00 am,0.11
30-Jan-20 02:50:00 am,0.11
30-Jan-20 03:25:00 am,0.11
30-Jan-20 04:00:00 am,0.09
30-Jan-20 04:35:00 am,0.09
30-Jan-20 05:10:00 am,0.09
30-Jan-20 05:45:00 am,0.67
30-Jan-20 06:20:00 am,1.78
30-Jan-20 06:55:00 am,1.80
30-Jan-20 07:30:00 am,1.78
30-Jan-20 08:05:00 am,1.81
30-Jan-20 08:40:00 am,1.79
30-Jan-20 09:15:00 am,1.80
30-Jan-20 09:50:00 am,1.80
30-Jan-20 10:25:00 am,1.78
30-Jan-20 11:00:00 am,1.83
30-Jan-20 11:35:00 am,1.79
30-Jan-20 12:10:00 pm,1.79
30-Jan-20 12:45:00 pm,1.80
30-Jan-20 01:20:00 pm,1.78
30-Jan-20 01:55:00 pm,1.76
30-Jan-20 02:30:00 pm,1.80
30-Jan-20 03:05:00 pm,1.76
30-Jan-20 03:40:00 pm,1.82
30-Jan-20 04:15:00 pm,1.81
30-Jan-20 04:50:00 pm,1.76
30-Jan-20 05:25:00 pm,1.80
30-Jan-20 06:00:00 pm,0.69
30-Jan-20 06:35:00 pm,0.13
30-Jan-20 07:10:00 pm,0.12
30-Jan-20 07:45:00 pm,0.12
30-Jan-20 08:20:00 pm,0.12
30-Jan-20 08:55:00 pm,0.11
30-Jan-20 09:30:00 pm,0.44
30-Jan-20 10:05:00 pm,0.54
30-Jan-20 10:40:00 pm,0.12
30-Jan-20 11:15:00 pm,0.12
30-Jan-20 11:50:00 pm,0.11
31-Jan-20 12:25:00 am,0.11
31-Jan-20 01:00:00 am,0.11
31-Jan-20 01:35:00 am,0.11
31-Jan-20 02:10:00 am,0.12
31-Jan-20 02:45:00 am,0.10
31-Jan-20 03:20:00 am,0.09
31-Jan-20 03:55:00 am,0.09
31-Jan-20 04:30:00 am,0.08
31-Jan-20 05:05:00 am,0.08
31-Jan-20 05:40:00 am,0.08
31-Jan-20 06:15:00 am,1.80
31-Jan-20 06:50:00 am,1.80
31-Jan-20 07:25:00 am,1.78
31-Jan-20 08:00:00 am,1.79
31-Jan-20 08:35:00 am,1.78
31-Jan-20 09:10:00 am,1.77
31-Jan-20 09:45:00 am,1.80
31-Jan-20 10:20:00 am,1.80
31-Jan-20 10:55:00 am,1.80
31-Jan-20 11:30:00 am,1.82
31-Jan-20 12:05:00 pm,1.81
31-Jan-20 12:40:00 pm,1.79
31-Jan-20 01:15:00 pm,1.80
31-Jan-20 01:50:00 pm,1.80
31-Jan-20 02:25:00 pm,1.79
31-Jan-20 03:00:00 pm,1.79
31-Jan-20 03:35:00 pm,1.82
31-Jan-20 04:10:00 pm,1.79
31-Jan-20 04:45:00 pm,1.77
31-Jan-20 05:20:00 pm,1.79
31-Jan-20 05:55:00 pm,0.98
31-Jan-20 06:30:00 pm,0.16
31-Jan-20 07:05:00 pm,0.14
31-Jan-20 07:40:00 pm,0.15
31-Jan-20 08:15:00 pm,0.13
31-Jan-20 08:50:00 pm,0.14
31-Jan-20 09:25:00 pm,0.11
31-Jan-20 10:00:00 pm,0.10
31-Jan-20 10:35:00 pm,0.11
31-Jan-20 11:10:00 pm,0.10
31-Jan-20 11:45:00 pm,0.10
01-Feb-20 12:20:00 am,0.10
01-Feb-20 12:55:00 am,0.11
01-Feb-20 01:30:00 am,0.10
01-Feb-20 02:05:00 am,0.10
01-Feb-20 02:40:00 am,0.11
01-Feb-20 03:15:00 am,0.10
01-Feb-20 03:50:00 am,0.10
01-Feb-20 04:25:00 am,0.12
01-Feb-20 05:00:00 am,0.11
01-Feb-20 05:35:00 am,0.10
01-Feb-20 06:10:00 am,0.13
01-Feb-20 06:45:00 am,0.10
01-Feb-20 07:20:00 am,0.11
01-Feb-20 07:55:00 am,0.10
01-Feb-20 08:30:00 am,0.11
01-Feb-20 09:05:00 am,0.09
01-Feb-20 09:40:00 am,0.09
01-Feb-20 10:15:00 am,0.09
01-Feb-20 10:50:00 am,0.09
01-Feb-20 11:25:00 am,0.09
01-Feb-20 12:00:00 pm,0.09
01-Feb-20 12:35:00 pm,0.10
01-Feb-20 01:10:00 pm,0.09
01-Feb-20 01:45:00 pm,0.09
01-Feb-20 02:20:00 pm,0.10
01-Feb-20 02:55:00 pm,0.09
01-Feb-20 03:30:00 pm,0.10
01-Feb-20 04:05:00 pm,0.10
01-Feb-20 04:40:00 pm,0.10
01-Feb-20 05:15:00 pm,0.10
01-Feb-20 05:50:00 pm,0.10
01-Feb-20 06:25:00 pm,0.11
01-Feb-20 07:00:00 pm,0.11
01-Feb-20 07:35:00 pm,0.11
01-Feb-20 08:10:00 pm,0.11
01-Feb-20 08:45:00 pm,0.11
01-Feb-20 09:20:00 pm,0.11
01-Feb-20 09:55:00 pm,0.12
01-Feb-20 10:30:00 pm,0.12
01-Feb-20 11:05:00 pm,0.11
01-Feb-20 11:40:00 pm,0.12
02-Feb-20 12:15:00 am,0.12
02-Feb-20 12:50:00 am,0.12
02-Feb-20 01:25:00 am,0.12
02-Feb-20 02:00:00 am,0.12
02-Feb-20 02:35:00 am,0.12
02-Feb-20 03:10:00 am,0.12
02-Feb-20 03:45:00 am,0.12
02-Feb-20 04:20:00 am,0.13
02-Feb-20 04:55:00 am,0.12
02-Feb-20 05:30:00 am,0.12
02-Feb-20 06:05:00 am,0.12
02-Feb-20 06:40:00 am,0.12
02-Feb-20 07:15:00 am,0.12
02-Feb-20 07:50:00 am,0.13
02-Feb-20 08:25:00 am,0.12
02-Feb-20 09:00:00 am,0.13
02-Feb-20 09:35:00 am,0.12
02-Feb-20 10:10:00 am,0.12
02-Feb-20 10:45:00 am,0.12
02-Feb-20 11:20:00 am,0.12
02-Feb-20 11:55:00 am,0.12
02-Feb-20 12:30:00 pm,0.11
02-Feb-20 01:05:00 pm,0.10
02-Feb-20 01:40:00 pm,0.10
02-Feb-20 02:15:00 pm,0.09
02-Feb-20 02:50:00 pm,0.08
02-Feb-20 03:25:00 pm,0.07
02-Feb-20 04:00:00 pm,0.07
02-Feb-20 04:35:00 pm,0.08
02-Feb-20 05:10:00 pm,0.08
02-Feb-20 05:45:00 pm,0.09
02-Feb-20 06:20:00 pm,0.09
02-Feb-20 06:55:00 pm,0.10
02-Feb-20 07:30:00 pm,0.10
02-Feb-20 08:05:00 pm,0.11
02-Feb-20 08:40:00 pm,0.12
02-Feb-20 09:15:00 pm,0.12
02-Feb-20 09:50:00 pm,0.12
02-Feb-20 10:25:00 pm,0.12
02-Feb-20 11:00:00 pm,0.12
02-Feb-20 11:35:00 pm,0.12
03-Feb-20 12:10:00 am,0.12
03-Feb-20 12:45:00 am,0.12
03-Feb-20 01:20:00 am,0.12
03-Feb-20 01:55:00 am,0.12
03-Feb-20 02:30:00 am,0.12
03-Feb-20 03:05:00 am,0.12
03-Feb-20 03:40:00 am,0.12
03-Feb-20 04:15:00 am,0.10
03-Feb-20 04:50:00 am,0.10
03-Feb-20 05:25:00 am,0.11
03-Feb-20 06:00:00 am,1.25
03-Feb-20 06:35:00 am,1.81
03-Feb-20 07:10:00 am,1.81
03-Feb-20 07:45:00 am,1.81
03-Feb-20 08:20:00 am,1.79
03-Feb-20 08:55:00 am,1.79
03-Feb-20 09:30:00 am,1.80
03-Feb-20 10:05:00 am,1.80
03-Feb-20 10:40:00 am,1.80
03-Feb-20 11:15:00 am,1.80
03-Feb-20 11:50:00 am,1.79
03-Feb-20 12:25:00 pm,1.81
03-Feb-20 01:00:00 pm,1.80
03-Feb-20 01:35:00 pm,1.80
03-Feb-20 02:10:00 pm,1.83
03-Feb-20 02:45:00 pm,1.78
03-Feb-20 03:20:00 pm,1.80
03-Feb-20 03:55:00 pm,1.80
03-Feb-20 04:30:00 pm,1.80
03-Feb-20 05:05:00 pm,1.79
03-Feb-20 05:40:00 pm,1.79
03-Feb-20 06:15:00 pm,0.16
03-Feb-20 06:50:00 pm,0.15
03-Feb-20 07:25:00 pm,0.14
03-Feb-20 08:00:00 pm,0.14
03-Feb-20 08:35:00 pm,0.13
03-Feb-20 09:10:00 pm,0.13
03-Feb-20 09:45:00 pm,0.43
03-Feb-20 10:20:00 pm,0.57
03-Feb-20 10:55:00 pm,0.13
03-Feb-20 11:30:00 pm,0.13
04-Feb-20 12:05:00 am,0.13
04-Feb-20 12:40:00 am,0.13
04-Feb-20 01:15:00 am,0.12
04-Feb-20 01:50:00 am,0.13
04-Feb-20 02:25:00 am,0.13
04-Feb-20 03:00:00 am,0.13
04-Feb-20 03:35:00 am,0.13
04-Feb-20 04:10:00 am,0.11
04-Feb-20 04:45:00 am,0.11
04-Feb-20 05:20:00 am,0.12
04-Feb-20 05:55:00 am,0.96
04-Feb-20 06:30:00 am,1.81
04-Feb-20 07:05:00 am,1.82
04-Feb-20 07:40:00 am,1.81
04-Feb-20 08:15:00 am,1.80
04-Feb-20 08:50:00 am,1.79
04-Feb-20 09:25:00 am,1.79
04-Feb-20 10:00:00 am,1.78
04-Feb-20 10:35:00 am,1.79
04-Feb-20 11:10:00 am,1.80
04-Feb-20 11:45:00 am,1.80
04-Feb-20 12:20:00 pm,1.80
04-Feb-20 12:55:00 pm,1.82
04-Feb-20 01:30:00 pm,1.80
04-Feb-20 02:05:00 pm,1.80
04-Feb-20 02:40:00 pm,1.79
04-Feb-20 03:15:00 pm,1.80
04-Feb-20 03:50:00 pm,1.82
04-Feb-20 04:25:00 pm,1.82
04-Feb-20 05:00:00 pm,1.81
04-Feb-20 05:35:00 pm,1.81
04-Feb-20 06:10:00 pm,0.15
04-Feb-20 06:45:00 pm,0.13
04-Feb-20 07:20:00 pm,0.13
04-Feb-20 07:55:00 pm,0.13
04-Feb-20 08:30:00 pm,0.12
04-Feb-20 09:05:00 pm,0.12
04-Feb-20 09:40:00 pm,0.11
04-Feb-20 10:15:00 pm,0.41
04-Feb-20 10:50:00 pm,0.12
04-Feb-20 11:25:00 pm,0.12
05-Feb-20 12:00:00 am,0.12
05-Feb-20 12:35:00 am,0.11
05-Feb-20 01:10:00 am,0.11
05-Feb-20 01:45:00 am,0.11
05-Feb-20 02:20:00 am,0.11
05-Feb-20 02:55:00 am,0.10
05-Feb-20 03:30:00 am,0.11
05-Feb-20 04:05:00 am,0.09
05-Feb-20 04:40:00 am,0.09
05-Feb-20 05:15:00 am,0.09
05-Feb-20 05:50:00 am,0.95
05-Feb-20 06:25:00 am,1.77
05-Feb-20 07:00:00 am,1.78
05-Feb-20 07:35:00 am,1.78
05-Feb-20 08:10:00 am,1.76
05-Feb-20 08:45:00 am,1.80
05-Feb-20 09:20:00 am,1.83
05-Feb-20 09:55:00 am,1.79
05-Feb-20 10:30:00 am,1.79
05-Feb-20 11:05:00 am,1.78
05-Feb-20 11:40:00 am,1.81
05-Feb-20 12:15:00 pm,1.79
05-Feb-20 12:50:00 pm,1.79
05-Feb-20 01:25:00 pm,1.81
05-Feb-20 02:00:00 pm,1.79
05-Feb-20 02:35:00 pm,1.78
05-Feb-20 03:10:00 pm,1.78
05-Feb-20 03:45:00 pm,1.82
05-Feb-20 04:20:00 pm,1.81
05-Feb-20 04:55:00 pm,1.82
05-Feb-20 05:30:00 pm,1.79
05-Feb-20 06:05:00 pm,0.14
05-Feb-20 06:40:00 pm,0.13
05-Feb-20 07:15:00 pm,0.12
05-Feb-20 07:50:00 pm,0.12
05-Feb-20 08:25:00 pm,0.11
05-Feb-20 09:00:00 pm,0.11
05-Feb-20 09:35:00 pm,0.10
05-Feb-20 10:10:00 pm,0.10
05-Feb-20 10:45:00 pm,0.10
05-Feb-20 11:20:00 pm,0.10
05-Feb-20 11:55:00 pm,0.09
06-Feb-20 12:30:00 am,0.10
06-Feb-20 01:05:00 am,0.10
06-Feb-20 01:40:00 am,0.09
06-Feb-20 02:15:00 am,0.09
06-Feb-20 02:50:00 am,0.09
06-Feb-20 03:25:00 am,0.09
06-Feb-20 04:00:00 am,0.08
06-Feb-20 04:35:00 am,0.08
06-Feb-20 05:10:00 am,0.08
06-Feb-20 05:45:00 am,0.65
06-Feb-20 06:20:00 am,1.80
06-Feb-20 06:55:00 am,1.82
06-Feb-20 07:30:00 am,1.81
06-Feb-20 08:05:00 am,1.78
06-Feb-20 08:40:00 am,1.78
06-Feb-20 09:15:00 am,1.79
06-Feb-20 09:50:00 am,1.81
06-Feb-20 10:25:00 am,1.79
06-Feb-20 11:00:00 am,1.80
06-Feb-20 11:35:00 am,1.79
06-Feb-20 12:10:00 pm,1.80
06-Feb-20 12:45:00 pm,1.80
06-Feb-20 01:20:00 pm,1.80
06-Feb-20 01:55:00 pm,1.81
06-Feb-20 02:30:00 pm,1.79
06-Feb-20 03:05:00 pm,1.80
06-Feb-20 03:40:00 pm,1.76
06-Feb-20 04:15:00 pm,1.78
06-Feb-20 04:50:00 pm,1.78
06-Feb-20 05:25:00 pm,1.78
06-Feb-20 06:00:00 pm,0.69
06-Feb-20 06:35:00 pm,0.13
06-Feb-20 07:10:00 pm,0.13
06-Feb-20 07:45:00 pm,0.12
06-Feb-20 08:20:00 pm,0.11
06-Feb-20 08:55:00 pm,0.11
06-Feb-20 09:30:00 pm,0.10
06-Feb-20 10:05:00 pm,0.10
06-Feb-20 10:40:00 pm,0.10
06-Feb-20 11:15:00 pm,0.10
06-Feb-20 11:50:00 pm,0.10
07-Feb-20 12:25:00 am,0.10
07-Feb-20 01:00:00 am,0.10
07-Feb-20 01:35:00 am,0.09
07-Feb-20 02:10:00 am,0.10
07-Feb-20 02:45:00 am,0.10
07-Feb-20 03:20:00 am,0.09
07-Feb-20 03:55:00 am,0.09
07-Feb-20 04:30:00 am,0.08
07-Feb-20 05:05:00 am,0.09
07-Feb-20 05:40:00 am,0.09
07-Feb-20 06:15:00 am,1.77
07-Feb-20 06:50:00 am,1.80
07-Feb-20 07:25:00 am,1.78
07-Feb-20 08:00:00 am,1.79
07-Feb-20 08:35:00 am,1.79
07-Feb-20 09:10:00 am,1.78
07-Feb-20 09:45:00 am,1.80
07-Feb-20 10:20:00 am,1.78
07-Feb-20 10:55:00 am,1.81
07-Feb-20 11:30:00 am,1.80
07-Feb-20 12:05:00 pm,1.78
07-Feb-20 12:40:00 pm,1.83
07-Feb-20 01:15:00 pm,1.77
07-Feb-20 01:50:00 pm,1.78
07-Feb-20 02:25:00 pm,1.81
07-Feb-20 03:00:00 pm,1.80
07-Feb-20 03:35:00 pm,1.79
07-Feb-20 04:10:00 pm,1.79
07-Feb-20 04:45:00 pm,1.80
07-Feb-20 05:20:00 pm,1.80
07-Feb-20 05:55:00 pm,0.98
07-Feb-20 06:30:00 pm,0.17
07-Feb-20 07:05:00 pm,0.15
07-Feb-20 07:40:00 pm,0.16
07-Feb-20 08:15:00 pm,0.13
07-Feb-20 08:50:00 pm,0.13
07-Feb-20 09:25:00 pm,0.13
07-Feb-20 10:00:00 pm,0.12
07-Feb-20 10:35:00 pm,0.11
07-Feb-20 11:10:00 pm,0.13
07-Feb-20 11:45:00 pm,0.14
08-Feb-20 12:20:00 am,0.13
08-Feb-20 12:55:00 am,0.12
08-Feb-20 01:30:00 am,0.12
08-Feb-20 02:05:00 am,0.12
08-Feb-20 02:40:00 am,0.10
08-Feb-20 03:15:00 am,0.11
08-Feb-20 03:50:00 am,0.11
08-Feb-20 04:25:00 am,0.11
08-Feb-20 05:00:00 am,0.10
08-Feb-20 05:35:00 am,0.10
08-Feb-20 06:10:00 am,0.10
08-Feb-20 06:45:00 am,0.10
08-Feb-20 07:20:00 am,0.10
08-Feb-20 07:55:00 am,0.10
08-Feb-20 08:30:00 am,0.10
08-Feb-20 09:05:00 am,0.10
08-Feb-20 09:40:00 am,0.10
08-Feb-20 10:15:00 am,0.10
08-Feb-20 10:50:00 am,0.10
08-Feb-20 11:25:00 am,0.10
08-Feb-20 12:00:00 pm,0.10
08-Feb-20 12:35:00 pm,0.10
08-Feb-20 01:10:00 pm,0.09
08-Feb-20 01:45:00 pm,0.09
08-Feb-20 02:20:00 pm,0.10
08-Feb-20 02:55:00 pm,0.09
08-Feb-20 03:30:00 pm,0.08
08-Feb-20 04:05:00 pm,0.08
08-Feb-20 04:40:00 pm,0.08
08-Feb-20 05:15:00 pm,0.08
08-Feb-20 05:50:00 pm,0.09
08-Feb-20 06:25:00 pm,0.09
08-Feb-20 07:00:00 pm,0.10
08-Feb-20 07:35:00 pm,0.09
08-Feb-20 08:10:00 pm,0.09
08-Feb-20 08:45:00 pm,0.09
08-Feb-20 09:20:00 pm,0.10
08-Feb-20 09:55:00 pm,0.10
08-Feb-20 10:30:00 pm,0.10
08-Feb-20 11:05:00 pm,0.10
08-Feb-20 11:40:00 pm,0.10
09-Feb-20 12:15:00 am,0.10
09-Feb-20 12:50:00 am,0.11
09-Feb-20 01:25:00 am,0.11
09-Feb-20 02:00:00 am,0.11
09-Feb-20 02:35:00 am,0.11
09-Feb-20 03:10:00 am,0.12
09-Feb-20 03:45:00 am,0.12
09-Feb-20 04:20:00 am,0.84
09-Feb-20 04:55:00 am,0.57
09-Feb-20 05:30:00 am,0.13
09-Feb-20 06:05:00 am,0.13
09-Feb-20 06:40:00 am,0.13
09-Feb-20 07:15:00 am,0.12
09-Feb-20 07:50:00 am,0.12
09-Feb-20 08:25:00 am,0.12
09-Feb-20 09:00:00 am,0.12
09-Feb-20 09:35:00 am,0.12
09-Feb-20 10:10:00 am,0.11
09-Feb-20 10:45:00 am,0.11
09-Feb-20 11:20:00 am,0.11
09-Feb-20 11:55:00 am,0.10
09-Feb-20 12:30:00 pm,0.09
09-Feb-20 01:05:00 pm,0.09
09-Feb-20 01:40:00 pm,0.09
09-Feb-20 02:15:00 pm,0.08
09-Feb-20 02:50:00 pm,0.07
09-Feb-20 03:25:00 pm,0.07
09-Feb-20 04:00:00 pm,0.06
09-Feb-20 04:35:00 pm,0.07
09-Feb-20 05:10:00 pm,0.07
09-Feb-20 05:45:00 pm,0.70
09-Feb-20 06:20:00 pm,0.10
09-Feb-20 06:55:00 pm,0.11
09-Feb-20 07:30:00 pm,0.11
09-Feb-20 08:05:00 pm,0.11
09-Feb-20 08:40:00 pm,0.10
09-Feb-20 09:15:00 pm,0.11
09-Feb-20 09:50:00 pm,0.11
09-Feb-20 10:25:00 pm,0.11
09-Feb-20 11:00:00 pm,0.12
09-Feb-20 11:35:00 pm,0.12
10-Feb-20 12:10:00 am,0.12
10-Feb-20 12:45:00 am,0.11
10-Feb-20 01:20:00 am,0.12
10-Feb-20 01:55:00 am,0.11
10-Feb-20 02:30:00 am,0.12
10-Feb-20 03:05:00 am,0.12
10-Feb-20 03:40:00 am,0.12
10-Feb-20 04:15:00 am,0.10
10-Feb-20 04:50:00 am,0.10
10-Feb-20 05:25:00 am,0.10
10-Feb-20 06:00:00 am,1.24
10-Feb-20 06:35:00 am,1.81
10-Feb-20 07:10:00 am,1.81
10-Feb-20 07:45:00 am,1.80
10-Feb-20 08:20:00 am,1.81
10-Feb-20 08:55:00 am,1.80
10-Feb-20 09:30:00 am,1.82
10-Feb-20 10:05:00 am,1.80
10-Feb-20 10:40:00 am,1.80
10-Feb-20 11:15:00 am,1.79
10-Feb-20 11:50:00 am,1.77
10-Feb-20 12:25:00 pm,1.82
10-Feb-20 01:00:00 pm,1.79
10-Feb-20 01:35:00 pm,1.82
10-Feb-20 02:10:00 pm,1.79
10-Feb-20 02:45:00 pm,1.80
10-Feb-20 03:20:00 pm,1.80
10-Feb-20 03:55:00 pm,1.81
10-Feb-20 04:30:00 pm,1.82
10-Feb-20 05:05:00 pm,1.81
10-Feb-20 05:40:00 pm,1.81
10-Feb-20 06:15:00 pm,0.16
10-Feb-20 06:50:00 pm,0.15
10-Feb-20 07:25:00 pm,0.14
10-Feb-20 08:00:00 pm,0.13
10-Feb-20 08:35:00 pm,0.13
10-Feb-20 09:10:00 pm,0.13
10-Feb-20 09:45:00 pm,0.12
10-Feb-20 10:20:00 pm,0.12
10-Feb-20 10:55:00 pm,0.12
10-Feb-20 11:30:00 pm,0.12
11-Feb-20 12:05:00 am,0.12
11-Feb-20 12:40:00 am,0.12
11-Feb-20 01:15:00 am,0.12
11-Feb-20 01:50:00 am,0.12
11-Feb-20 02:25:00 am,0.12
11-Feb-20 03:00:00 am,0.78
11-Feb-20 03:35:00 am,0.13
11-Feb-20 04:10:00 am,0.11
11-Feb-20 04:45:00 am,0.11
11-Feb-20 05:20:00 am,0.11
11-Feb-20 05:55:00 am,0.96
11-Feb-20 06:30:00 am,1.81
11-Feb-20 07:05:00 am,1.80
11-Feb-20 07:40:00 am,1.79
11-Feb-20 08:15:00 am,1.80
11-Feb-20 08:50:00 am,1.78
11-Feb-20 09:25:00 am,1.79
11-Feb-20 10:00:00 am,1.78
11-Feb-20 10:35:00 am,1.80
11-Feb-20 11:10:00 am,1.78
11-Feb-20 11:45:00 am,1.80
11-Feb-20 12:20:00 pm,1.79
11-Feb-20 12:55:00 pm,1.78
11-Feb-20 01:30:00 pm,1.80
11-Feb-20 02:05:00 pm,1.81
11-Feb-20 02:40:00 pm,1.80
11-Feb-20 03:15:00 pm,1.81
11-Feb-20 03:50:00 pm,1.78
11-Feb-20 04:25:00 pm,1.82
11-Feb-20 05:00:00 pm,1.79
11-Feb-20 05:35:00 pm,1.79
11-Feb-20 06:10:00 pm,0.13
11-Feb-20 06:45:00 pm,0.13
11-Feb-20 07:20:00 pm,0.12
11-Feb-20 07:55:00 pm,0.12
11-Feb-20 08:30:00 pm,0.11
11-Feb-20 09:05:00 pm,0.11
11-Feb-20 09:40:00 pm,0.10
11-Feb-20 10:15:00 pm,0.10
11-Feb-20 10:50:00 pm,0.10
11-Feb-20 11:25:00 pm,0.10
12-Feb-20 12:00:00 am,0.10
12-Feb-20 12:35:00 am,0.10
12-Feb-20 01:10:00 am,0.10
12-Feb-20 01:45:00 am,0.10
12-Feb-20 02:20:00 am,0.10
12-Feb-20 02:55:00 am,0.10
12-Feb-20 03:30:00 am,0.09
12-Feb-20 04:05:00 am,0.08
12-Feb-20 04:40:00 am,0.08
12-Feb-20 05:15:00 am,0.09
12-Feb-20 05:50:00 am,0.94
12-Feb-20 06:25:00 am,1.78
12-Feb-20 07:00:00 am,1.80
12-Feb-20 07:35:00 am,1.78
12-Feb-20 08:10:00 am,1.80
12-Feb-20 08:45:00 am,1.82
12-Feb-20 09:20:00 am,1.82
12-Feb-20 09:55:00 am,1.80
12-Feb-20 10:30:00 am,1.80
12-Feb-20 11:05:00 am,1.81
12-Feb-20 11:40:00 am,1.81
12-Feb-20 12:15:00 pm,1.80
12-Feb-20 12:50:00 pm,1.79
12-Feb-20 01:25:00 pm,1.79
12-Feb-20 02:00:00 pm,1.80
12-Feb-20 02:35:00 pm,1.80
12-Feb-20 03:10:00 pm,1.80
12-Feb-20 03:45:00 pm,1.79
12-Feb-20 04:20:00 pm,1.82
12-Feb-20 04:55:00 pm,1.80
12-Feb-20 05:30:00 pm,1.80
12-Feb-20 06:05:00 pm,0.13
12-Feb-20 06:40:00 pm,0.13
12-Feb-20 07:15:00 pm,0.12
12-Feb-20 07:50:00 pm,0.12
12-Feb-20 08:25:00 pm,0.11
12-Feb-20 09:00:00 pm,0.11
12-Feb-20 09:35:00 pm,0.10
12-Feb-20 10:10:00 pm,1.04
12-Feb-20 10:45:00 pm,0.12
12-Feb-20 11:20:00 pm,0.11
12-Feb-20 11:55:00 pm,0.11
13-Feb-20 12:30:00 am,0.11
13-Feb-20 01:05:00 am,0.11
13-Feb-20 01:40:00 am,0.10
13-Feb-20 02:15:00 am,0.10
13-Feb-20 02:50:00 am,0.10
13-Feb-20 03:25:00 am,0.10
13-Feb-20 04:00:00 am,0.09
13-Feb-20 04:35:00 am,0.09
13-Feb-20 05:10:00 am,0.09
13-Feb-20 05:45:00 am,0.67
13-Feb-20 06:20:00 am,1.81
13-Feb-20 06:55:00 am,1.83
13-Feb-20 07:30:00 am,1.81
13-Feb-20 08:05:00 am,1.81
13-Feb-20 08:40:00 am,1.82
13-Feb-20 09:15:00 am,1.79
13-Feb-20 09:50:00 am,1.80
13-Feb-20 10:25:00 am,1.77
13-Feb-20 11:00:00 am,1.80
13-Feb-20 11:35:00 am,1.79
13-Feb-20 12:10:00 pm,1.81
13-Feb-20 12:45:00 pm,1.79
13-Feb-20 01:20:00 pm,1.80
13-Feb-20 01:55:00 pm,1.79
13-Feb-20 02:30:00 pm,1.81
13-Feb-20 03:05:00 pm,1.82
13-Feb-20 03:40:00 pm,1.77
13-Feb-20 04:15:00 pm,1.79
13-Feb-20 04:50:00 pm,1.79
13-Feb-20 05:25:00 pm,1.80
13-Feb-20 06:00:00 pm,0.72
13-Feb-20 06:35:00 pm,0.15
13-Feb-20 07:10:00 pm,0.14
13-Feb-20 07:45:00 pm,0.13
13-Feb-20 08:20:00 pm,0.13
13-Feb-20 08:55:00 pm,0.13
13-Feb-20 09:30:00 pm,0.12
13-Feb-20 10:05:00 pm,0.12
13-Feb-20 10:40:00 pm,0.12
13-Feb-20 11:15:00 pm,0.13
13-Feb-20 11:50:00 pm,0.12
14-Feb-20 12:25:00 am,0.12
14-Feb-20 01:00:00 am,0.11
14-Feb-20 01:35:00 am,0.11
14-Feb-20 02:10:00 am,0.11
14-Feb-20 02:45:00 am,0.11
14-Feb-20 03:20:00 am,0.12
14-Feb-20 03:55:00 am,0.10
14-Feb-20 04:30:00 am,0.09
14-Feb-20 05:05:00 am,0.09
14-Feb-20 05:40:00 am,0.10
14-Feb-20 06:15:00 am,1.79
14-Feb-20 06:50:00 am,1.82
14-Feb-20 07:25:00 am,1.80
14-Feb-20 08:00:00 am,1.81
14-Feb-20 08:35:00 am,1.80
14-Feb-20 09:10:00 am,1.80
14-Feb-20 09:45:00 am,1.81
14-Feb-20 10:20:00 am,1.82
14-Feb-20 10:55:00 am,1.78
14-Feb-20 11:30:00 am,1.80
14-Feb-20 12:05:00 pm,1.79
14-Feb-20 12:40:00 pm,1.82
14-Feb-20 01:15:00 pm,1.79
14-Feb-20 01:50:00 pm,1.80
14-Feb-20 02:25:00 pm,1.81
14-Feb-20 03:00:00 pm,1.80
14-Feb-20 03:35:00 pm,1.79
14-Feb-20 04:10:00 pm,1.76
14-Feb-20 04:45:00 pm,1.81
14-Feb-20 05:20:00 pm,1.80
14-Feb-20 05:55:00 pm,0.97
14-Feb-20 06:30:00 pm,0.14
14-Feb-20 07:05:00 pm,0.13
14-Feb-20 07:40:00 pm,0.12
14-Feb-20 08:15:00 pm,0.12
14-Feb-20 08:50:00 pm,0.12
14-Feb-20 09:25:00 pm,0.11
14-Feb-20 10:00:00 pm,0.11
14-Feb-20 10:35:00 pm,0.11
14-Feb-20 11:10:00 pm,0.10
14-Feb-20 11:45:00 pm,0.11
15-Feb-20 12:20:00 am,0.11
15-Feb-20 12:55:00 am,0.10
15-Feb-20 01:30:00 am,0.11
15-Feb-20 02:05:00 am,0.12
15-Feb-20 02:40:00 am,0.10
15-Feb-20 03:15:00 am,0.12
15-Feb-20 03:50:00 am,0.11
15-Feb-20 04:25:00 am,0.11
15-Feb-20 05:00:00 am,0.11
15-Feb-20 05:35:00 am,0.11
15-Feb-20 06:10:00 am,0.10
15-Feb-20 06:45:00 am,0.12
15-Feb-20 07:20:00 am,0.11
15-Feb-20 07:55:00 am,0.11
15-Feb-20 08:30:00 am,0.11
15-Feb-20 09:05:00 am,0.12
15-Feb-20 09:40:00 am,0.12
15-Feb-20 10:15:00 am,0.11
15-Feb-20 10:50:00 am,0.11
15-Feb-20 11:25:00 am,0.11
15-Feb-20 12:00:00 pm,0.10
15-Feb-20 12:35:00 pm,0.10
15-Feb-20 01:10:00 pm,0.10
15-Feb-20 01:45:00 pm,0.09
15-Feb-20 02:20:00 pm,0.09
15-Feb-20 02:55:00 pm,0.10
15-Feb-20 03:30:00 pm,0.10
15-Feb-20 04:05:00 pm,0.10
15-Feb-20 04:40:00 pm,0.10
15-Feb-20 05:15:00 pm,0.09
15-Feb-20 05:50:00 pm,0.11
15-Feb-20 06:25:00 pm,0.10
15-Feb-20 07:00:00 pm,0.10
15-Feb-20 07:35:00 pm,0.09
15-Feb-20 08:10:00 pm,0.10
15-Feb-20 08:45:00 pm,0.10
15-Feb-20 09:20:00 pm,0.10
15-Feb-20 09:55:00 pm,0.10
15-Feb-20 10:30:00 pm,0.10
15-Feb-20 11:05:00 pm,0.10
15-Feb-20 11:40:00 pm,0.10
16-Feb-20 12:15:00 am,0.10
16-Feb-20 12:50:00 am,0.11
16-Feb-20 01:25:00 am,0.11
16-Feb-20 02:00:00 am,0.10
16-Feb-20 02:35:00 am,0.11
16-Feb-20 03:10:00 am,0.11
16-Feb-20 03:45:00 am,0.10
16-Feb-20 04:20:00 am,0.11
16-Feb-20 04:55:00 am,0.11
16-Feb-20 05:30:00 am,0.11
16-Feb-20 06:05:00 am,0.11
16-Feb-20 06:40:00 am,0.11
16-Feb-20 07:15:00 am,0.11
16-Feb-20 07:50:00 am,0.11
16-Feb-20 08:25:00 am,0.12
16-Feb-20 09:00:00 am,0.12
16-Feb-20 09:35:00 am,0.11
16-Feb-20 10:10:00 am,0.11
16-Feb-20 10:45:00 am,0.11
16-Feb-20 11:20:00 am,0.11
16-Feb-20 11:55:00 am,0.10
16-Feb-20 12:30:00 pm,0.10
16-Feb-20 01:05:00 pm,0.08
16-Feb-20 01:40:00 pm,0.09
16-Feb-20 02:15:00 pm,0.09
16-Feb-20 02:50:00 pm,0.09
16-Feb-20 03:25:00 pm,0.09
16-Feb-20 04:00:00 pm,0.09
16-Feb-20 04:35:00 pm,0.09
16-Feb-20 05:10:00 pm,0.09
16-Feb-20 05:45:00 pm,0.09
16-Feb-20 06:20:00 pm,0.10
16-Feb-20 06:55:00 pm,0.54
16-Feb-20 07:30:00 pm,0.12
16-Feb-20 08:05:00 pm,0.12
16-Feb-20 08:40:00 pm,0.12
16-Feb-20 09:15:00 pm,0.11
16-Feb-20 09:50:00 pm,0.11
16-Feb-20 10:25:00 pm,0.11
16-Feb-20 11:00:00 pm,0.11
16-Feb-20 11:35:00 pm,0.11
17-Feb-20 12:10:00 am,0.11
17-Feb-20 12:45:00 am,0.11
17-Feb-20 01:20:00 am,0.11
17-Feb-20 01:55:00 am,0.12
17-Feb-20 02:30:00 am,0.11
17-Feb-20 03:05:00 am,0.12
17-Feb-20 03:40:00 am,0.12
17-Feb-20 04:15:00 am,0.10
17-Feb-20 04:50:00 am,0.11
17-Feb-20 05:25:00 am,0.10
17-Feb-20 06:00:00 am,1.22
17-Feb-20 06:35:00 am,1.78
17-Feb-20 07:10:00 am,1.78
17-Feb-20 07:45:00 am,1.79
17-Feb-20 08:20:00 am,1.79
17-Feb-20 08:55:00 am,1.78
17-Feb-20 09:30:00 am,1.79
17-Feb-20 10:05:00 am,1.79
17-Feb-20 10:40:00 am,1.78
17-Feb-20 11:15:00 am,1.78
17-Feb-20 11:50:00 am,1.80
17-Feb-20 12:25:00 pm,1.82
17-Feb-20 01:00:00 pm,1.81
17-Feb-20 01:35:00 pm,1.81
17-Feb-20 02:10:00 pm,1.81
17-Feb-20 02:45:00 pm,1.81
17-Feb-20 03:20:00 pm,1.81
17-Feb-20 03:55:00 pm,1.81
17-Feb-20 04:30:00 pm,1.81
17-Feb-20 05:05:00 pm,1.81
17-Feb-20 05:40:00 pm,1.81
17-Feb-20 06:15:00 pm,0.16
17-Feb-20 06:50:00 pm,0.15
17-Feb-20 07:25:00 pm,0.14
17-Feb-20 08:00:00 pm,0.13
17-Feb-20 08:35:00 pm,0.13
17-Feb-20 09:10:00 pm,0.13
17-Feb-20 09:45:00 pm,0.13
17-Feb-20 10:20:00 pm,0.12
17-Feb-20 10:55:00 pm,0.12
17-Feb-20 11:30:00 pm,0.12
18-Feb-20 12:05:00 am,0.12
18-Feb-20 12:40:00 am,0.12
18-Feb-20 01:15:00 am,0.12
18-Feb-20 01:50:00 am,0.13
18-Feb-20 02:25:00 am,0.13
18-Feb-20 03:00:00 am,0.12
18-Feb-20 03:35:00 am,0.12
18-Feb-20 04:10:00 am,0.11
18-Feb-20 04:45:00 am,0.12
18-Feb-20 05:20:00 am,0.12
18-Feb-20 05:55:00 am,0.97
18-Feb-20 06:30:00 am,1.82
18-Feb-20 07:05:00 am,1.79
18-Feb-20 07:40:00 am,1.77
18-Feb-20 08:15:00 am,1.82
18-Feb-20 08:50:00 am,1.82
18-Feb-20 09:25:00 am,1.80
18-Feb-20 10:00:00 am,1.81
18-Feb-20 10:35:00 am,1.81
18-Feb-20 11:10:00 am,1.79
18-Feb-20 11:45:00 am,1.81
18-Feb-20 12:20:00 pm,1.79
18-Feb-20 12:55:00 pm,1.80
18-Feb-20 01:30:00 pm,1.81
18-Feb-20 02:05:00 pm,1.81
18-Feb-20 02:40:00 pm,1.80
18-Feb-20 03:15:00 pm,1.81
18-Feb-20 03:50:00 pm,1.81
18-Feb-20 04:25:00 pm,1.82
18-Feb-20 05:00:00 pm,1.81
18-Feb-20 05:35:00 pm,1.81
18-Feb-20 06:10:00 pm,0.16
18-Feb-20 06:45:00 pm,0.15
18-Feb-20 07:20:00 pm,0.14
18-Feb-20 07:55:00 pm,0.13
18-Feb-20 08:30:00 pm,0.72
18-Feb-20 09:05:00 pm,0.13
18-Feb-20 09:40:00 pm,0.13
18-Feb-20 10:15:00 pm,0.13
18-Feb-20 10:50:00 pm,0.13
18-Feb-20 11:25:00 pm,0.12
19-Feb-20 12:00:00 am,0.13
19-Feb-20 12:35:00 am,0.12
19-Feb-20 01:10:00 am,0.13
19-Feb-20 01:45:00 am,0.12
19-Feb-20 02:20:00 am,0.13
19-Feb-20 02:55:00 am,0.13
19-Feb-20 03:30:00 am,0.13
19-Feb-20 04:05:00 am,0.11
19-Feb-20 04:40:00 am,0.12
19-Feb-20 05:15:00 am,0.12
19-Feb-20 05:50:00 am,0.97
19-Feb-20 06:25:00 am,1.80
19-Feb-20 07:00:00 am,1.79
19-Feb-20 07:35:00 am,1.78
19-Feb-20 08:10:00 am,1.78
19-Feb-20 08:45:00 am,1.78
19-Feb-20 09:20:00 am,1.78
19-Feb-20 09:55:00 am,1.78
19-Feb-20 10:30:00 am,1.79
19-Feb-20 11:05:00 am,1.78
19-Feb-20 11:40:00 am,1.78
19-Feb-20 12:15:00 pm,1.78
19-Feb-20 12:50:00 pm,1.80
19-Feb-20 01:25:00 pm,1.80
19-Feb-20 02:00:00 pm,1.81
19-Feb-20 02:35:00 pm,1.81
19-Feb-20 03:10:00 pm,1.81
19-Feb-20 03:45:00 pm,1.82
19-Feb-20 04:20:00 pm,1.81
19-Feb-20 04:55:00 pm,1.81
19-Feb-20 05:30:00 pm,1.81
19-Feb-20 06:05:00 pm,0.16
19-Feb-20 06:40:00 pm,0.15
19-Feb-20 07:15:00 pm,0.14
19-Feb-20 07:50:00 pm,0.13
19-Feb-20 08:25:00 pm,0.13
19-Feb-20 09:00:00 pm,0.12
19-Feb-20 09:35:00 pm,0.12
19-Feb-20 10:10:00 pm,0.97
19-Feb-20 10:45:00 pm,0.13
19-Feb-20 11:20:00 pm,0.13
19-Feb-20 11:55:00 pm,0.12
20-Feb-20 12:30:00 am,0.12
20-Feb-20 01:05:00 am,0.12
20-Feb-20 01:40:00 am,0.11
20-Feb-20 02:15:00 am,0.12
20-Feb-20 02:50:00 am,0.12
20-Feb-20 03:25:00 am,0.12
20-Feb-20 04:00:00 am,0.11
20-Feb-20 04:35:00 am,0.11
20-Feb-20 05:10:00 am,0.11
20-Feb-20 05:45:00 am,0.68
20-Feb-20 06:20:00 am,1.76
20-Feb-20 06:55:00 am,1.82
20-Feb-20 07:30:00 am,1.79
20-Feb-20 08:05:00 am,1.81
20-Feb-20 08:40:00 am,1.78
20-Feb-20 09:15:00 am,1.79
20-Feb-20 09:50:00 am,1.80
20-Feb-20 10:25:00 am,1.78
20-Feb-20 11:00:00 am,1.81
20-Feb-20 11:35:00 am,1.78
20-Feb-20 12:10:00 pm,1.78
20-Feb-20 12:45:00 pm,1.82
20-Feb-20 01:20:00 pm,1.77
20-Feb-20 01:55:00 pm,1.81
20-Feb-20 02:30:00 pm,1.79
20-Feb-20 03:05:00 pm,1.78
20-Feb-20 03:40:00 pm,1.78
20-Feb-20 04:15:00 pm,1.82
20-Feb-20 04:50:00 pm,1.80
20-Feb-20 05:25:00 pm,1.81
20-Feb-20 06:00:00 pm,0.71
20-Feb-20 06:35:00 pm,0.15
20-Feb-20 07:10:00 pm,0.14
20-Feb-20 07:45:00 pm,0.13
20-Feb-20 08:20:00 pm,0.57
20-Feb-20 08:55:00 pm,1.00
20-Feb-20 09:30:00 pm,0.13
20-Feb-20 10:05:00 pm,0.13
20-Feb-20 10:40:00 pm,0.13
20-Feb-20 11:15:00 pm,0.12
20-Feb-20 11:50:00 pm,0.12
21-Feb-20 12:25:00 am,0.12
21-Feb-20 01:00:00 am,0.12
21-Feb-20 01:35:00 am,0.12
21-Feb-20 02:10:00 am,0.12
21-Feb-20 02:45:00 am,0.12
21-Feb-20 03:20:00 am,0.12
21-Feb-20 03:55:00 am,0.11
21-Feb-20 04:30:00 am,0.11
21-Feb-20 05:05:00 am,0.11
21-Feb-20 05:40:00 am,0.11
21-Feb-20 06:15:00 am,1.80
21-Feb-20 06:50:00 am,1.82
21-Feb-20 07:25:00 am,1.79
21-Feb-20 08:00:00 am,1.80
21-Feb-20 08:35:00 am,1.79
21-Feb-20 09:10:00 am,1.80
21-Feb-20 09:45:00 am,1.79
21-Feb-20 10:20:00 am,1.80
21-Feb-20 10:55:00 am,1.79
21-Feb-20 11:30:00 am,1.78
21-Feb-20 12:05:00 pm,1.81
21-Feb-20 12:40:00 pm,1.82
21-Feb-20 01:15:00 pm,1.79
21-Feb-20 01:50:00 pm,1.80
21-Feb-20 02:25:00 pm,1.78
21-Feb-20 03:00:00 pm,1.80
21-Feb-20 03:35:00 pm,1.80
21-Feb-20 04:10:00 pm,1.83
21-Feb-20 04:45:00 pm,1.81
21-Feb-20 05:20:00 pm,1.78
21-Feb-20 05:55:00 pm,0.96
21-Feb-20 06:30:00 pm,0.15
21-Feb-20 07:05:00 pm,0.14
21-Feb-20 07:40:00 pm,0.13
21-Feb-20 08:15:00 pm,0.13
21-Feb-20 08:50:00 pm,0.13
21-Feb-20 09:25:00 pm,0.12
21-Feb-20 10:00:00 pm,0.12
21-Feb-20 10:35:00 pm,0.12
21-Feb-20 11:10:00 pm,0.11
21-Feb-20 11:45:00 pm,0.11
22-Feb-20 12:20:00 am,0.11
22-Feb-20 12:55:00 am,0.11
22-Feb-20 01:30:00 am,0.11
22-Feb-20 02:05:00 am,0.11
22-Feb-20 02:40:00 am,0.11
22-Feb-20 03:15:00 am,0.11
22-Feb-20 03:50:00 am,0.11
22-Feb-20 04:25:00 am,0.11
22-Feb-20 05:00:00 am,0.10
22-Feb-20 05:35:00 am,0.10
22-Feb-20 06:10:00 am,0.11
22-Feb-20 06:45:00 am,0.10
22-Feb-20 07:20:00 am,0.10
22-Feb-20 07:55:00 am,0.10
22-Feb-20 08:30:00 am,0.10
22-Feb-20 09:05:00 am,0.10
22-Feb-20 09:40:00 am,0.10
22-Feb-20 10:15:00 am,0.10
22-Feb-20 10:50:00 am,0.10
22-Feb-20 11:25:00 am,0.10
22-Feb-20 12:00:00 pm,0.09
22-Feb-20 12:35:00 pm,0.09
22-Feb-20 01:10:00 pm,0.09
22-Feb-20 01:45:00 pm,0.09
22-Feb-20 02:20:00 pm,0.08
22-Feb-20 02:55:00 pm,0.08
22-Feb-20 03:30:00 pm,0.08
22-Feb-20 04:05:00 pm,0.08
22-Feb-20 04:40:00 pm,0.08
22-Feb-20 05:15:00 pm,0.08
22-Feb-20 05:50:00 pm,0.09
22-Feb-20 06:25:00 pm,0.08
22-Feb-20 07:00:00 pm,0.09
22-Feb-20 07:35:00 pm,0.09
22-Feb-20 08:10:00 pm,0.09
22-Feb-20 08:45:00 pm,0.09
22-Feb-20 09:20:00 pm,0.10
22-Feb-20 09:55:00 pm,0.09
22-Feb-20 10:30:00 pm,0.10
22-Feb-20 11:05:00 pm,0.10
22-Feb-20 11:40:00 pm,0.10
23-Feb-20 12:15:00 am,0.10
23-Feb-20 12:50:00 am,0.10
23-Feb-20 01:25:00 am,0.10
23-Feb-20 02:00:00 am,0.10
23-Feb-20 02:35:00 am,0.10
23-Feb-20 03:10:00 am,0.11
23-Feb-20 03:45:00 am,0.11
23-Feb-20 04:20:00 am,0.10
23-Feb-20 04:55:00 am,0.10
23-Feb-20 05:30:00 am,0.10
23-Feb-20 06:05:00 am,0.11
23-Feb-20 06:40:00 am,0.11
23-Feb-20 07:15:00 am,0.13
23-Feb-20 07:50:00 am,0.11
23-Feb-20 08:25:00 am,0.13
23-Feb-20 09:00:00 am,0.12
23-Feb-20 09:35:00 am,0.12
23-Feb-20 10:10:00 am,0.13
23-Feb-20 10:45:00 am,0.12
23-Feb-20 11:20:00 am,0.14
23-Feb-20 11:55:00 am,0.10
23-Feb-20 12:30:00 pm,0.11
23-Feb-20 01:05:00 pm,0.11
23-Feb-20 01:40:00 pm,0.10
23-Feb-20 02:15:00 pm,0.10
23-Feb-20 02:50:00 pm,0.11
23-Feb-20 03:25:00 pm,0.13
23-Feb-20 04:00:00 pm,0.11
23-Feb-20 04:35:00 pm,0.10
23-Feb-20 05:10:00 pm,0.10
23-Feb-20 05:45:00 pm,0.13
23-Feb-20 06:20:00 pm,0.12
23-Feb-20 06:55:00 pm,1.17
23-Feb-20 07:30:00 pm,0.14
23-Feb-20 08:05:00 pm,0.12
23-Feb-20 08:40:00 pm,0.12
23-Feb-20 09:15:00 pm,0.11
23-Feb-20 09:50:00 pm,0.11
23-Feb-20 10:25:00 pm,0.11
23-Feb-20 11:00:00 pm,0.11
23-Feb-20 11:35:00 pm,0.12
24-Feb-20 12:10:00 am,0.13
24-Feb-20 12:45:00 am,0.11
24-Feb-20 01:20:00 am,0.12
24-Feb-20 01:55:00 am,0.10
24-Feb-20 02:30:00 am,0.11
24-Feb-20 03:05:00 am,0.11
24-Feb-20 03:40:00 am,0.11
24-Feb-20 04:15:00 am,0.10
24-Feb-20 04:50:00 am,0.10
24-Feb-20 05:25:00 am,0.10
24-Feb-20 06:00:00 am,1.22
24-Feb-20 06:35:00 am,1.78
24-Feb-20 07:10:00 am,1.78
24-Feb-20 07:45:00 am,1.79
24-Feb-20 08:20:00 am,1.79
24-Feb-20 08:55:00 am,1.77
24-Feb-20 09:30:00 am,1.81
24-Feb-20 10:05:00 am,1.81
24-Feb-20 10:40:00 am,1.81
24-Feb-20 11:15:00 am,1.80
24-Feb-20 11:50:00 am,1.81
24-Feb-20 12:25:00 pm,1.82
24-Feb-20 01:00:00 pm,1.79
24-Feb-20 01:35:00 pm,1.79
24-Feb-20 02:10:00 pm,1.81
24-Feb-20 02:45:00 pm,1.80
24-Feb-20 03:20:00 pm,1.78
24-Feb-20 03:55:00 pm,1.80
24-Feb-20 04:30:00 pm,1.80
24-Feb-20 05:05:00 pm,1.78
24-Feb-20 05:40:00 pm,1.80
24-Feb-20 06:15:00 pm,0.15
24-Feb-20 06:50:00 pm,0.14
24-Feb-20 07:25:00 pm,0.13
24-Feb-20 08:00:00 pm,0.13
24-Feb-20 08:35:00 pm,0.57
24-Feb-20 09:10:00 pm,0.13
24-Feb-20 09:45:00 pm,0.12
24-Feb-20 10:20:00 pm,0.12
24-Feb-20 10:55:00 pm,0.12
24-Feb-20 11:30:00 pm,0.11
25-Feb-20 12:05:00 am,0.11
25-Feb-20 12:40:00 am,0.11
25-Feb-20 01:15:00 am,0.11
25-Feb-20 01:50:00 am,0.11
25-Feb-20 02:25:00 am,0.11
25-Feb-20 03:00:00 am,0.12
25-Feb-20 03:35:00 am,0.12
25-Feb-20 04:10:00 am,0.10
25-Feb-20 04:45:00 am,0.10
25-Feb-20 05:20:00 am,0.11
25-Feb-20 05:55:00 am,0.97
25-Feb-20 06:30:00 am,1.77
25-Feb-20 07:05:00 am,1.79
25-Feb-20 07:40:00 am,1.77
25-Feb-20 08:15:00 am,1.78
25-Feb-20 08:50:00 am,1.82
25-Feb-20 09:25:00 am,1.78
25-Feb-20 10:00:00 am,1.81
25-Feb-20 10:35:00 am,1.80
25-Feb-20 11:10:00 am,1.80
25-Feb-20 11:45:00 am,1.80
25-Feb-20 12:20:00 pm,1.78
25-Feb-20 12:55:00 pm,1.78
25-Feb-20 01:30:00 pm,1.79
25-Feb-20 02:05:00 pm,1.80
25-Feb-20 02:40:00 pm,1.83
25-Feb-20 03:15:00 pm,1.79
25-Feb-20 03:50:00 pm,1.78
25-Feb-20 04:25:00 pm,1.78
25-Feb-20 05:00:00 pm,1.79
25-Feb-20 05:35:00 pm,1.80
25-Feb-20 06:10:00 pm,0.15
25-Feb-20 06:45:00 pm,0.15
25-Feb-20 07:20:00 pm,0.13
25-Feb-20 07:55:00 pm,0.13
25-Feb-20 08:30:00 pm,0.12
25-Feb-20 09:05:00 pm,0.99
25-Feb-20 09:40:00 pm,0.13
25-Feb-20 10:15:00 pm,0.12
25-Feb-20 10:50:00 pm,0.11
25-Feb-20 11:25:00 pm,0.11
26-Feb-20 12:00:00 am,0.10
26-Feb-20 12:35:00 am,0.10
26-Feb-20 01:10:00 am,0.10
26-Feb-20 01:45:00 am,0.10
26-Feb-20 02:20:00 am,0.10
26-Feb-20 02:55:00 am,0.10
26-Feb-20 03:30:00 am,0.10
26-Feb-20 04:05:00 am,0.08
26-Feb-20 04:40:00 am,0.08
26-Feb-20 05:15:00 am,0.09
26-Feb-20 05:50:00 am,0.94
26-Feb-20 06:25:00 am,1.77
26-Feb-20 07:00:00 am,1.80
26-Feb-20 07:35:00 am,1.78
26-Feb-20 08:10:00 am,1.76
26-Feb-20 08:45:00 am,1.81
26-Feb-20 09:20:00 am,1.81
26-Feb-20 09:55:00 am,1.80
26-Feb-20 10:30:00 am,1.79
26-Feb-20 11:05:00 am,1.80
26-Feb-20 11:40:00 am,1.79
26-Feb-20 12:15:00 pm,1.78
26-Feb-20 12:50:00 pm,1.80
26-Feb-20 01:25:00 pm,1.80
26-Feb-20 02:00:00 pm,1.81
26-Feb-20 02:35:00 pm,1.77
26-Feb-20 03:10:00 pm,1.77
26-Feb-20 03:45:00 pm,1.80
26-Feb-20 04:20:00 pm,1.79
26-Feb-20 04:55:00 pm,1.80
26-Feb-20 05:30:00 pm,1.80
26-Feb-20 06:05:00 pm,0.16
26-Feb-20 06:40:00 pm,0.15
26-Feb-20 07:15:00 pm,0.14
26-Feb-20 07:50:00 pm,0.13
26-Feb-20 08:25:00 pm,0.13
26-Feb-20 09:00:00 pm,0.41
26-Feb-20 09:35:00 pm,0.56
26-Feb-20 10:10:00 pm,0.13
26-Feb-20 10:45:00 pm,0.12
26-Feb-20 11:20:00 pm,0.12
26-Feb-20 11:55:00 pm,0.11
27-Feb-20 12:30:00 am,0.11
27-Feb-20 01:05:00 am,0.11
27-Feb-20 01:40:00 am,0.11
27-Feb-20 02:15:00 am,0.11
27-Feb-20 02:50:00 am,0.11
27-Feb-20 03:25:00 am,0.11
27-Feb-20 04:00:00 am,0.09
27-Feb-20 04:35:00 am,0.09
27-Feb-20 05:10:00 am,0.09
27-Feb-20 05:45:00 am,0.65
27-Feb-20 06:20:00 am,1.78
27-Feb-20 06:55:00 am,1.78
27-Feb-20 07:30:00 am,1.79
27-Feb-20 08:05:00 am,1.80
27-Feb-20 08:40:00 am,1.79
27-Feb-20 09:15:00 am,1.80
27-Feb-20 09:50:00 am,1.79
27-Feb-20 10:25:00 am,1.80
27-Feb-20 11:00:00 am,1.77
27-Feb-20 11:35:00 am,1.79
27-Feb-20 12:10:00 pm,1.77
27-Feb-20 12:45:00 pm,1.80
27-Feb-20 01:20:00 pm,1.82
27-Feb-20 01:55:00 pm,1.81
27-Feb-20 02:30:00 pm,1.81
27-Feb-20 03:05:00 pm,1.77
27-Feb-20 03:40:00 pm,1.82
27-Feb-20 04:15:00 pm,1.79
27-Feb-20 04:50:00 pm,1.80
27-Feb-20 05:25:00 pm,1.82
27-Feb-20 06:00:00 pm,0.71
27-Feb-20 06:35:00 pm,0.15
27-Feb-20 07:10:00 pm,0.14
27-Feb-20 07:45:00 pm,0.13
27-Feb-20 08:20:00 pm,0.58
27-Feb-20 08:55:00 pm,0.57
27-Feb-20 09:30:00 pm,0.13
27-Feb-20 10:05:00 pm,0.13
27-Feb-20 10:40:00 pm,0.12
27-Feb-20 11:15:00 pm,0.12
27-Feb-20 11:50:00 pm,0.12
28-Feb-20 12:25:00 am,0.11
28-Feb-20 01:00:00 am,0.12
28-Feb-20 01:35:00 am,0.11
28-Feb-20 02:10:00 am,0.12
28-Feb-20 02:45:00 am,0.12
28-Feb-20 03:20:00 am,0.12
28-Feb-20 03:55:00 am,0.11
28-Feb-20 04:30:00 am,0.10
28-Feb-20 05:05:00 am,0.10
28-Feb-20 05:40:00 am,0.11
28-Feb-20 06:15:00 am,1.80
28-Feb-20 06:50:00 am,1.80
28-Feb-20 07:25:00 am,1.77
28-Feb-20 08:00:00 am,1.79
28-Feb-20 08:35:00 am,1.80
28-Feb-20 09:10:00 am,1.80
28-Feb-20 09:45:00 am,1.83
28-Feb-20 10:20:00 am,1.81
28-Feb-20 10:55:00 am,1.79
28-Feb-20 11:30:00 am,1.81
28-Feb-20 12:05:00 pm,1.78
28-Feb-20 12:40:00 pm,1.82
28-Feb-20 01:15:00 pm,1.80
28-Feb-20 01:50:00 pm,1.80
28-Feb-20 02:25:00 pm,1.79
28-Feb-20 03:00:00 pm,1.80
28-Feb-20 03:35:00 pm,1.80
28-Feb-20 04:10:00 pm,1.80
28-Feb-20 04:45:00 pm,1.80
28-Feb-20 05:20:00 pm,1.82
28-Feb-20 05:55:00 pm,0.98
28-Feb-20 06:30:00 pm,0.16
28-Feb-20 07:05:00 pm,0.15
28-Feb-20 07:40:00 pm,0.14
28-Feb-20 08:15:00 pm,0.13
28-Feb-20 08:50:00 pm,0.16
28-Feb-20 09:25:00 pm,0.13
28-Feb-20 10:00:00 pm,0.13
28-Feb-20 10:35:00 pm,0.13
28-Feb-20 11:10:00 pm,0.14
28-Feb-20 11:45:00 pm,0.14
29-Feb-20 12:20:00 am,0.14
29-Feb-20 12:55:00 am,0.12
29-Feb-20 01:30:00 am,0.13
29-Feb-20 02:05:00 am,0.11
29-Feb-20 02:40:00 am,0.12
29-Feb-20 03:15:00 am,0.12
29-Feb-20 03:50:00 am,0.11
29-Feb-20 04:25:00 am,0.12
29-Feb-20 05:00:00 am,0.11
29-Feb-20 05:35:00 am,0.12
29-Feb-20 06:10:00 am,0.10
29-Feb-20 06:45:00 am,0.11
29-Feb-20 07:20:00 am,0.11
29-Feb-20 07:55:00 am,0.11
29-Feb-20 08:30:00 am,0.11
29-Feb-20 09:05:00 am,0.11
29-Feb-20 09:40:00 am,0.11
29-Feb-20 10:15:00 am,0.10
29-Feb-20 10:50:00 am,0.11
29-Feb-20 11:25:00 am,0.10
29-Feb-20 12:00:00 pm,0.10
29-Feb-20 12:35:00 pm,0.10
29-Feb-20 01:10:00 pm,0.09
29-Feb-20 01:45:00 pm,0.09
29-Feb-20 02:20:00 pm,0.10
29-Feb-20 02:55:00 pm,0.08
29-Feb-20 03:30:00 pm,0.07
29-Feb-20 04:05:00 pm,0.06
29-Feb-20 04:40:00 pm,0.07
29-Feb-20 05:15:00 pm,0.08
29-Feb-20 05:50:00 pm,0.09
29-Feb-20 06:25:00 pm,0.08
29-Feb-20 07:00:00 pm,0.09
29-Feb-20 07:35:00 pm,0.09
29-Feb-20 08:10:00 pm,0.10
29-Feb-20 08:45:00 pm,0.10
29-Feb-20 09:20:00 pm,0.11
29-Feb-20 09:55:00 pm,0.11
29-Feb-20 10:30:00 pm,0.11
29-Feb-20 11:05:00 pm,0.12
29-Feb-20 11:40:00 pm,0.12
01-Mar-20 12:15:00 am,0.12
01-Mar-20 12:50:00 am,0.12
01-Mar-20 01:25:00 am,0.12
01-Mar-20 02:00:00 am,0.12
01-Mar-20 02:35:00 am,0.12
01-Mar-20 03:10:00 am,0.13
01-Mar-20 03:45:00 am,0.13
01-Mar-20 04:20:00 am,0.12
01-Mar-20 04:55:00 am,0.12
01-Mar-20 05:30:00 am,0.12
01-Mar-20 06:05:00 am,0.12
01-Mar-20 06:40:00 am,0.12
01-Mar-20 07:15:00 am,0.13
01-Mar-20 07:50:00 am,0.13
01-Mar-20 08:25:00 am,0.13
01-Mar-20 09:00:00 am,0.12
01-Mar-20 09:35:00 am,0.13
01-Mar-20 10:10:00 am,0.12
01-Mar-20 10:45:00 am,0.12