Timestamp,RTU_1 OutdoorTemp(°F)
01-Jan-20 12:00:00 am,55.2
01-Jan-20 12:35:00 am,55.1
01-Jan-20 01:10:00 am,54.7
01-Jan-20 01:45:00 am,54.7
01-Jan-20 02:20:00 am,54.1
01-Jan-20 02:55:00 am,53.8
01-Jan-20 03:30:00 am,53.5
01-Jan-20 04:05:00 am,53.4
01-Jan-20 04:40:00 am,53.5
01-Jan-20 05:15:00 am,53.9
01-Jan-20 05:50:00 am,53.5
01-Jan-20 06:25:00 am,53.1
01-Jan-20 07:00:00 am,52.4
01-Jan-20 07:35:00 am,49.7
01-Jan-20 08:10:00 am,50.0
01-Jan-20 08:45:00 am,49.5
01-Jan-20 09:20:00 am,50.4
01-Jan-20 09:55:00 am,50.6
01-Jan-20 10:30:00 am,52.1
01-Jan-20 11:05:00 am,52.9
01-Jan-20 11:40:00 am,52.8
01-Jan-20 12:15:00 pm,52.6
01-Jan-20 12:50:00 pm,53.2
01-Jan-20 01:25:00 pm,53.8
01-Jan-20 02:00:00 pm,54.1
01-Jan-20 02:35:00 pm,54.4
01-Jan-20 03:10:00 pm,55.2
01-Jan-20 03:45:00 pm,54.1
01-Jan-20 04:20:00 pm,53.6
01-Jan-20 04:55:00 pm,54.3
01-Jan-20 05:30:00 pm,53.5
01-Jan-20 06:05:00 pm,56.2
01-Jan-20 06:40:00 pm,55.0
01-Jan-20 07:15:00 pm,54.5
01-Jan-20 07:50:00 pm,50.6
01-Jan-20 08:25:00 pm,49.1
01-Jan-20 09:00:00 pm,48.2
01-Jan-20 09:35:00 pm,47.4
01-Jan-20 10:10:00 pm,47.5
01-Jan-20 10:45:00 pm,46.7
01-Jan-20 11:20:00 pm,46.3
01-Jan-20 11:55:00 pm,46.5
02-Jan-20 12:30:00 am,45.8
02-Jan-20 01:05:00 am,44.7
02-Jan-20 01:40:00 am,44.5
02-Jan-20 02:15:00 am,44.1
02-Jan-20 02:50:00 am,43.9
02-Jan-20 03:25:00 am,43.8
02-Jan-20 04:00:00 am,43.0
02-Jan-20 04:35:00 am,42.6
02-Jan-20 05:10:00 am,42.6
02-Jan-20 05:45:00 am,41.8
02-Jan-20 06:20:00 am,40.3
02-Jan-20 06:55:00 am,40.1
02-Jan-20 07:30:00 am,40.1
02-Jan-20 08:05:00 am,40.5
02-Jan-20 08:40:00 am,41.0
02-Jan-20 09:15:00 am,41.8
02-Jan-20 09:50:00 am,43.0
02-Jan-20 10:25:00 am,43.7
02-Jan-20 11:00:00 am,43.7
02-Jan-20 11:35:00 am,43.3
02-Jan-20 12:10:00 pm,43.2
02-Jan-20 12:45:00 pm,42.0
02-Jan-20 01:20:00 pm,42.2
02-Jan-20 01:55:00 pm,41.7
02-Jan-20 02:30:00 pm,41.9
02-Jan-20 03:05:00 pm,41.5
02-Jan-20 03:40:00 pm,41.9
02-Jan-20 04:15:00 pm,41.7
02-Jan-20 04:50:00 pm,42.0
02-Jan-20 05:25:00 pm,42.0
02-Jan-20 06:00:00 pm,44.5
02-Jan-20 06:35:00 pm,44.9
02-Jan-20 07:10:00 pm,45.0
02-Jan-20 07:45:00 pm,45.7
02-Jan-20 08:20:00 pm,46.6
02-Jan-20 08:55:00 pm,47.3
02-Jan-20 09:30:00 pm,59.9
02-Jan-20 10:05:00 pm,51.6
02-Jan-20 10:40:00 pm,51.2
02-Jan-20 11:15:00 pm,51.8
02-Jan-20 11:50:00 pm,51.7
03-Jan-20 12:25:00 am,51.8
03-Jan-20 01:00:00 am,51.0
03-Jan-20 01:35:00 am,51.1
03-Jan-20 02:10:00 am,51.3
03-Jan-20 02:45:00 am,51.2
03-Jan-20 03:20:00 am,50.9
03-Jan-20 03:55:00 am,51.6
03-Jan-20 04:30:00 am,51.6
03-Jan-20 05:05:00 am,51.9
03-Jan-20 05:40:00 am,51.9
03-Jan-20 06:15:00 am,51.3
03-Jan-20 06:50:00 am,51.0
03-Jan-20 07:25:00 am,49.7
03-Jan-20 08:00:00 am,49.6
03-Jan-20 08:35:00 am,50.2
03-Jan-20 09:10:00 am,50.0
03-Jan-20 09:45:00 am,51.3
03-Jan-20 10:20:00 am,53.7
03-Jan-20 10:55:00 am,54.7
03-Jan-20 11:30:00 am,54.5
03-Jan-20 12:05:00 pm,56.0
03-Jan-20 12:40:00 pm,55.6
03-Jan-20 01:15:00 pm,55.8
03-Jan-20 01:50:00 pm,55.4
03-Jan-20 02:25:00 pm,54.8
03-Jan-20 03:00:00 pm,55.7
03-Jan-20 03:35:00 pm,57.3
03-Jan-20 04:10:00 pm,57.7
03-Jan-20 04:45:00 pm,59.1
03-Jan-20 05:20:00 pm,60.6
03-Jan-20 05:55:00 pm,61.4
03-Jan-20 06:30:00 pm,58.8
03-Jan-20 07:05:00 pm,54.6
03-Jan-20 07:40:00 pm,53.5
03-Jan-20 08:15:00 pm,51.2
03-Jan-20 08:50:00 pm,50.5
03-Jan-20 09:25:00 pm,50.7
03-Jan-20 10:00:00 pm,50.4
03-Jan-20 10:35:00 pm,49.1
03-Jan-20 11:10:00 pm,48.9
03-Jan-20 11:45:00 pm,48.5
04-Jan-20 12:20:00 am,47.8
04-Jan-20 12:55:00 am,46.8
04-Jan-20 01:30:00 am,46.8
04-Jan-20 02:05:00 am,47.2
04-Jan-20 02:40:00 am,47.2
04-Jan-20 03:15:00 am,46.8
04-Jan-20 03:50:00 am,46.4
04-Jan-20 04:25:00 am,45.7
04-Jan-20 05:00:00 am,45.3
04-Jan-20 05:35:00 am,44.7
04-Jan-20 06:10:00 am,43.6
04-Jan-20 06:45:00 am,42.4
04-Jan-20 07:20:00 am,42.7
04-Jan-20 07:55:00 am,42.8
04-Jan-20 08:30:00 am,43.0
04-Jan-20 09:05:00 am,44.3
04-Jan-20 09:40:00 am,44.9
04-Jan-20 10:15:00 am,47.4
04-Jan-20 10:50:00 am,47.5
04-Jan-20 11:25:00 am,47.3
04-Jan-20 12:00:00 pm,49.0
04-Jan-20 12:35:00 pm,50.6
04-Jan-20 01:10:00 pm,50.0
04-Jan-20 01:45:00 pm,48.7
04-Jan-20 02:20:00 pm,48.5
04-Jan-20 02:55:00 pm,47.5
04-Jan-20 03:30:00 pm,45.6
04-Jan-20 04:05:00 pm,60.7
04-Jan-20 04:40:00 pm,46.8
04-Jan-20 05:15:00 pm,44.9
04-Jan-20 05:50:00 pm,45.0
04-Jan-20 06:25:00 pm,45.0
04-Jan-20 07:00:00 pm,44.9
04-Jan-20 07:35:00 pm,45.3
04-Jan-20 08:10:00 pm,45.4
04-Jan-20 08:45:00 pm,44.8
04-Jan-20 09:20:00 pm,44.6
04-Jan-20 09:55:00 pm,44.9
04-Jan-20 10:30:00 pm,45.4
04-Jan-20 11:05:00 pm,45.6
04-Jan-20 11:40:00 pm,45.6
05-Jan-20 12:15:00 am,45.2
05-Jan-20 12:50:00 am,45.3
05-Jan-20 01:25:00 am,45.3
05-Jan-20 02:00:00 am,45.5
05-Jan-20 02:35:00 am,46.1
05-Jan-20 03:10:00 am,45.5
05-Jan-20 03:45:00 am,44.4
05-Jan-20 04:20:00 am,44.0
05-Jan-20 04:55:00 am,44.1
05-Jan-20 05:30:00 am,44.0
05-Jan-20 06:05:00 am,44.0
05-Jan-20 06:40:00 am,44.2
05-Jan-20 07:15:00 am,45.0
05-Jan-20 07:50:00 am,45.1
05-Jan-20 08:25:00 am,45.6
05-Jan-20 09:00:00 am,46.2
05-Jan-20 09:35:00 am,45.2
05-Jan-20 10:10:00 am,44.6
05-Jan-20 10:45:00 am,44.9
05-Jan-20 11:20:00 am,45.6
05-Jan-20 11:55:00 am,46.6
05-Jan-20 12:30:00 pm,47.6
05-Jan-20 01:05:00 pm,49.1
05-Jan-20 01:40:00 pm,49.3
05-Jan-20 02:15:00 pm,50.9
05-Jan-20 02:50:00 pm,50.9
05-Jan-20 03:25:00 pm,49.0
05-Jan-20 04:00:00 pm,48.3
05-Jan-20 04:35:00 pm,47.2
05-Jan-20 05:10:00 pm,47.2
05-Jan-20 05:45:00 pm,46.9
05-Jan-20 06:20:00 pm,46.5
05-Jan-20 06:55:00 pm,46.6
05-Jan-20 07:30:00 pm,46.0
05-Jan-20 08:05:00 pm,45.3
05-Jan-20 08:40:00 pm,45.0
05-Jan-20 09:15:00 pm,44.9
05-Jan-20 09:50:00 pm,45.0
05-Jan-20 10:25:00 pm,45.2
05-Jan-20 11:00:00 pm,45.2
05-Jan-20 11:35:00 pm,44.9
06-Jan-20 12:10:00 am,44.7
06-Jan-20 12:45:00 am,44.2
06-Jan-20 01:20:00 am,43.7
06-Jan-20 01:55:00 am,43.4
06-Jan-20 02:30:00 am,43.2
06-Jan-20 03:05:00 am,43.2
06-Jan-20 03:40:00 am,43.7
06-Jan-20 04:15:00 am,45.0
06-Jan-20 04:50:00 am,45.6
06-Jan-20 05:25:00 am,45.9
06-Jan-20 06:00:00 am,46.6
06-Jan-20 06:35:00 am,47.9
06-Jan-20 07:10:00 am,47.8
06-Jan-20 07:45:00 am,49.3
06-Jan-20 08:20:00 am,50.0
06-Jan-20 08:55:00 am,50.2
06-Jan-20 09:30:00 am,49.9
06-Jan-20 10:05:00 am,50.1
06-Jan-20 10:40:00 am,50.4
06-Jan-20 11:15:00 am,50.3
06-Jan-20 11:50:00 am,51.0
06-Jan-20 12:25:00 pm,51.4
06-Jan-20 01:00:00 pm,51.3
06-Jan-20 01:35:00 pm,51.3
06-Jan-20 02:10:00 pm,51.8
06-Jan-20 02:45:00 pm,52.2
06-Jan-20 03:20:00 pm,52.3
06-Jan-20 03:55:00 pm,52.5
06-Jan-20 04:30:00 pm,52.3
06-Jan-20 05:05:00 pm,52.3
06-Jan-20 05:40:00 pm,52.6
06-Jan-20 06:15:00 pm,54.4
06-Jan-20 06:50:00 pm,53.7
06-Jan-20 07:25:00 pm,53.7
06-Jan-20 08:00:00 pm,53.5
06-Jan-20 08:35:00 pm,52.9
06-Jan-20 09:10:00 pm,53.3
06-Jan-20 09:45:00 pm,59.8
06-Jan-20 10:20:00 pm,52.9
06-Jan-20 10:55:00 pm,52.6
06-Jan-20 11:30:00 pm,52.1
07-Jan-20 12:05:00 am,51.9
07-Jan-20 12:40:00 am,51.9
07-Jan-20 01:15:00 am,52.0
07-Jan-20 01:50:00 am,51.9
07-Jan-20 02:25:00 am,51.9
07-Jan-20 03:00:00 am,51.7
07-Jan-20 03:35:00 am,51.9
07-Jan-20 04:10:00 am,51.6
07-Jan-20 04:45:00 am,51.9
07-Jan-20 05:20:00 am,51.9
07-Jan-20 05:55:00 am,51.6
07-Jan-20 06:30:00 am,51.0
07-Jan-20 07:05:00 am,50.2
07-Jan-20 07:40:00 am,50.8
07-Jan-20 08:15:00 am,51.3
07-Jan-20 08:50:00 am,52.0
07-Jan-20 09:25:00 am,52.5
07-Jan-20 10:00:00 am,53.2
07-Jan-20 10:35:00 am,54.1
07-Jan-20 11:10:00 am,54.8
07-Jan-20 11:45:00 am,55.0
07-Jan-20 12:20:00 pm,55.9
07-Jan-20 12:55:00 pm,56.9
07-Jan-20 01:30:00 pm,57.7
07-Jan-20 02:05:00 pm,57.3
07-Jan-20 02:40:00 pm,56.2
07-Jan-20 03:15:00 pm,55.1
07-Jan-20 03:50:00 pm,52.9
07-Jan-20 04:25:00 pm,54.2
07-Jan-20 05:00:00 pm,53.9
07-Jan-20 05:35:00 pm,52.4
07-Jan-20 06:10:00 pm,54.2
07-Jan-20 06:45:00 pm,54.1
07-Jan-20 07:20:00 pm,52.9
07-Jan-20 07:55:00 pm,52.2
07-Jan-20 08:30:00 pm,51.4
07-Jan-20 09:05:00 pm,51.6
07-Jan-20 09:40:00 pm,56.0
07-Jan-20 10:15:00 pm,58.6
07-Jan-20 10:50:00 pm,51.8
07-Jan-20 11:25:00 pm,51.6
08-Jan-20 12:00:00 am,50.1
08-Jan-20 12:35:00 am,49.2
08-Jan-20 01:10:00 am,48.4
08-Jan-20 01:45:00 am,48.1
08-Jan-20 02:20:00 am,48.1
08-Jan-20 02:55:00 am,47.2
08-Jan-20 03:30:00 am,46.9
08-Jan-20 04:05:00 am,46.8
08-Jan-20 04:40:00 am,47.0
08-Jan-20 05:15:00 am,47.0
08-Jan-20 05:50:00 am,46.6
08-Jan-20 06:25:00 am,45.4
08-Jan-20 07:00:00 am,45.6
08-Jan-20 07:35:00 am,45.9
08-Jan-20 08:10:00 am,45.3
08-Jan-20 08:45:00 am,45.9
08-Jan-20 09:20:00 am,46.2
08-Jan-20 09:55:00 am,46.8
08-Jan-20 10:30:00 am,46.0
08-Jan-20 11:05:00 am,46.8
08-Jan-20 11:40:00 am,46.8
08-Jan-20 12:15:00 pm,46.5
08-Jan-20 12:50:00 pm,46.7
08-Jan-20 01:25:00 pm,47.2
08-Jan-20 02:00:00 pm,46.4
08-Jan-20 02:35:00 pm,44.9
08-Jan-20 03:10:00 pm,45.3
08-Jan-20 03:45:00 pm,44.7
08-Jan-20 04:20:00 pm,42.4
08-Jan-20 04:55:00 pm,41.4
08-Jan-20 05:30:00 pm,41.1
08-Jan-20 06:05:00 pm,42.5
08-Jan-20 06:40:00 pm,40.9
08-Jan-20 07:15:00 pm,40.7
08-Jan-20 07:50:00 pm,40.1
08-Jan-20 08:25:00 pm,38.9
08-Jan-20 09:00:00 pm,38.1
08-Jan-20 09:35:00 pm,38.5
08-Jan-20 10:10:00 pm,38.1
08-Jan-20 10:45:00 pm,37.6
08-Jan-20 11:20:00 pm,38.2
08-Jan-20 11:55:00 pm,37.3
09-Jan-20 12:30:00 am,36.8
09-Jan-20 01:05:00 am,36.7
09-Jan-20 01:40:00 am,37.0
09-Jan-20 02:15:00 am,37.7
09-Jan-20 02:50:00 am,37.7
09-Jan-20 03:25:00 am,37.5
09-Jan-20 04:00:00 am,37.8
09-Jan-20 04:35:00 am,38.4
09-Jan-20 05:10:00 am,38.8
09-Jan-20 05:45:00 am,38.7
09-Jan-20 06:20:00 am,37.7
09-Jan-20 06:55:00 am,37.5
09-Jan-20 07:30:00 am,37.3
09-Jan-20 08:05:00 am,37.4
09-Jan-20 08:40:00 am,37.7
09-Jan-20 09:15:00 am,38.0
09-Jan-20 09:50:00 am,37.9
09-Jan-20 10:25:00 am,37.8
09-Jan-20 11:00:00 am,38.3
09-Jan-20 11:35:00 am,39.7
09-Jan-20 12:10:00 pm,39.4
09-Jan-20 12:45:00 pm,40.8
09-Jan-20 01:20:00 pm,41.7
09-Jan-20 01:55:00 pm,40.8
09-Jan-20 02:30:00 pm,41.5
09-Jan-20 03:05:00 pm,40.7
09-Jan-20 03:40:00 pm,39.7
09-Jan-20 04:15:00 pm,38.4
09-Jan-20 04:50:00 pm,37.3
09-Jan-20 05:25:00 pm,36.6
09-Jan-20 06:00:00 pm,38.2
09-Jan-20 06:35:00 pm,38.2
09-Jan-20 07:10:00 pm,38.3
09-Jan-20 07:45:00 pm,38.3
09-Jan-20 08:20:00 pm,37.7
09-Jan-20 08:55:00 pm,37.2
09-Jan-20 09:30:00 pm,36.4
09-Jan-20 10:05:00 pm,36.2
09-Jan-20 10:40:00 pm,36.4
09-Jan-20 11:15:00 pm,36.8
09-Jan-20 11:50:00 pm,37.3
10-Jan-20 12:25:00 am,37.6
10-Jan-20 01:00:00 am,38.3
10-Jan-20 01:35:00 am,38.6
10-Jan-20 02:10:00 am,39.0
10-Jan-20 02:45:00 am,39.4
10-Jan-20 03:20:00 am,39.0
10-Jan-20 03:55:00 am,39.0
10-Jan-20 04:30:00 am,39.1
10-Jan-20 05:05:00 am,39.7
10-Jan-20 05:40:00 am,40.0
10-Jan-20 06:15:00 am,39.0
10-Jan-20 06:50:00 am,39.0
10-Jan-20 07:25:00 am,38.9
10-Jan-20 08:00:00 am,38.8
10-Jan-20 08:35:00 am,39.6
10-Jan-20 09:10:00 am,40.1
10-Jan-20 09:45:00 am,40.1
10-Jan-20 10:20:00 am,41.0
10-Jan-20 10:55:00 am,41.6
10-Jan-20 11:30:00 am,42.5
10-Jan-20 12:05:00 pm,43.9
10-Jan-20 12:40:00 pm,44.7
10-Jan-20 01:15:00 pm,45.6
10-Jan-20 01:50:00 pm,46.5
10-Jan-20 02:25:00 pm,47.2
10-Jan-20 03:00:00 pm,46.0
10-Jan-20 03:35:00 pm,45.6
10-Jan-20 04:10:00 pm,44.1
10-Jan-20 04:45:00 pm,44.5
10-Jan-20 05:20:00 pm,44.5
10-Jan-20 05:55:00 pm,46.0
10-Jan-20 06:30:00 pm,46.6
10-Jan-20 07:05:00 pm,46.1
10-Jan-20 07:40:00 pm,46.1
10-Jan-20 08:15:00 pm,46.0
10-Jan-20 08:50:00 pm,46.0
10-Jan-20 09:25:00 pm,45.9
10-Jan-20 10:00:00 pm,46.1
10-Jan-20 10:35:00 pm,46.1
10-Jan-20 11:10:00 pm,45.9
10-Jan-20 11:45:00 pm,46.8
11-Jan-20 12:20:00 am,46.5
11-Jan-20 12:55:00 am,46.0
11-Jan-20 01:30:00 am,46.3
11-Jan-20 02:05:00 am,46.7
11-Jan-20 02:40:00 am,46.2
11-Jan-20 03:15:00 am,45.9
11-Jan-20 03:50:00 am,45.7
11-Jan-20 04:25:00 am,45.6
11-Jan-20 05:00:00 am,45.5
11-Jan-20 05:35:00 am,45.2
11-Jan-20 06:10:00 am,45.2
11-Jan-20 06:45:00 am,45.1
11-Jan-20 07:20:00 am,45.5
11-Jan-20 07:55:00 am,45.7
11-Jan-20 08:30:00 am,45.6
11-Jan-20 09:05:00 am,45.9
11-Jan-20 09:40:00 am,45.6
11-Jan-20 10:15:00 am,45.3
11-Jan-20 10:50:00 am,45.3
11-Jan-20 11:25:00 am,46.0
11-Jan-20 12:00:00 pm,46.2
11-Jan-20 12:35:00 pm,46.2
11-Jan-20 01:10:00 pm,46.1
11-Jan-20 01:45:00 pm,46.4
11-Jan-20 02:20:00 pm,54.6
11-Jan-20 02:55:00 pm,53.0
11-Jan-20 03:30:00 pm,47.0
11-Jan-20 04:05:00 pm,46.4
11-Jan-20 04:40:00 pm,46.0
11-Jan-20 05:15:00 pm,46.0
11-Jan-20 05:50:00 pm,45.8
11-Jan-20 06:25:00 pm,45.9
11-Jan-20 07:00:00 pm,45.6
11-Jan-20 07:35:00 pm,44.7
11-Jan-20 08:10:00 pm,43.3
11-Jan-20 08:45:00 pm,43.3
11-Jan-20 09:20:00 pm,43.3
11-Jan-20 09:55:00 pm,44.0
11-Jan-20 10:30:00 pm,43.2
11-Jan-20 11:05:00 pm,42.2
11-Jan-20 11:40:00 pm,42.2
12-Jan-20 12:15:00 am,42.0
12-Jan-20 12:50:00 am,42.2
12-Jan-20 01:25:00 am,42.7
12-Jan-20 02:00:00 am,42.1
12-Jan-20 02:35:00 am,42.4
12-Jan-20 03:10:00 am,42.7
12-Jan-20 03:45:00 am,42.8
12-Jan-20 04:20:00 am,42.7
12-Jan-20 04:55:00 am,43.2
12-Jan-20 05:30:00 am,43.8
12-Jan-20 06:05:00 am,43.5
12-Jan-20 06:40:00 am,43.1
12-Jan-20 07:15:00 am,43.0
12-Jan-20 07:50:00 am,43.4
12-Jan-20 08:25:00 am,44.0
12-Jan-20 09:00:00 am,55.8
12-Jan-20 09:35:00 am,47.9
12-Jan-20 10:10:00 am,45.3
12-Jan-20 10:45:00 am,45.2
12-Jan-20 11:20:00 am,45.9
12-Jan-20 11:55:00 am,46.2
12-Jan-20 12:30:00 pm,46.5
12-Jan-20 01:05:00 pm,46.7
12-Jan-20 01:40:00 pm,42.4
12-Jan-20 02:15:00 pm,41.2
12-Jan-20 02:50:00 pm,41.1
12-Jan-20 03:25:00 pm,40.9
12-Jan-20 04:00:00 pm,43.1
12-Jan-20 04:35:00 pm,42.5
12-Jan-20 05:10:00 pm,42.4
12-Jan-20 05:45:00 pm,42.3
12-Jan-20 06:20:00 pm,41.8
12-Jan-20 06:55:00 pm,41.2
12-Jan-20 07:30:00 pm,41.3
12-Jan-20 08:05:00 pm,41.1
12-Jan-20 08:40:00 pm,40.7
12-Jan-20 09:15:00 pm,38.2
12-Jan-20 09:50:00 pm,35.8
12-Jan-20 10:25:00 pm,35.7
12-Jan-20 11:00:00 pm,35.5
12-Jan-20 11:35:00 pm,35.5
13-Jan-20 12:10:00 am,35.5
13-Jan-20 12:45:00 am,35.1
13-Jan-20 01:20:00 am,35.1
13-Jan-20 01:55:00 am,35.1
13-Jan-20 02:30:00 am,35.1
13-Jan-20 03:05:00 am,35.3
13-Jan-20 03:40:00 am,35.3
13-Jan-20 04:15:00 am,35.9
13-Jan-20 04:50:00 am,36.2
13-Jan-20 05:25:00 am,36.7
13-Jan-20 06:00:00 am,35.1
13-Jan-20 06:35:00 am,35.1
13-Jan-20 07:10:00 am,35.0
13-Jan-20 07:45:00 am,35.4
13-Jan-20 08:20:00 am,35.3
13-Jan-20 08:55:00 am,35.2
13-Jan-20 09:30:00 am,34.3
13-Jan-20 10:05:00 am,34.6
13-Jan-20 10:40:00 am,35.5
13-Jan-20 11:15:00 am,36.3
13-Jan-20 11:50:00 am,35.7
13-Jan-20 12:25:00 pm,34.6
13-Jan-20 01:00:00 pm,34.9
13-Jan-20 01:35:00 pm,34.9
13-Jan-20 02:10:00 pm,35.3
13-Jan-20 02:45:00 pm,35.3
13-Jan-20 03:20:00 pm,35.3
13-Jan-20 03:55:00 pm,34.9
13-Jan-20 04:30:00 pm,34.7
13-Jan-20 05:05:00 pm,33.8
13-Jan-20 05:40:00 pm,33.2
13-Jan-20 06:15:00 pm,35.5
13-Jan-20 06:50:00 pm,34.4
13-Jan-20 07:25:00 pm,34.2
13-Jan-20 08:00:00 pm,33.7
13-Jan-20 08:35:00 pm,33.5
13-Jan-20 09:10:00 pm,32.8
13-Jan-20 09:45:00 pm,32.7
13-Jan-20 10:20:00 pm,32.7
13-Jan-20 10:55:00 pm,32.6
13-Jan-20 11:30:00 pm,32.2
14-Jan-20 12:05:00 am,31.7
14-Jan-20 12:40:00 am,31.5
14-Jan-20 01:15:00 am,31.5
14-Jan-20 01:50:00 am,31.0
14-Jan-20 02:25:00 am,31.1
14-Jan-20 03:00:00 am,31.0
14-Jan-20 03:35:00 am,31.1
14-Jan-20 04:10:00 am,31.1
14-Jan-20 04:45:00 am,31.2
14-Jan-20 05:20:00 am,31.6
14-Jan-20 05:55:00 am,30.8
14-Jan-20 06:30:00 am,29.6
14-Jan-20 07:05:00 am,29.8
14-Jan-20 07:40:00 am,29.9
14-Jan-20 08:15:00 am,29.9
14-Jan-20 08:50:00 am,30.4
14-Jan-20 09:25:00 am,30.4
14-Jan-20 10:00:00 am,30.4
14-Jan-20 10:35:00 am,30.4
14-Jan-20 11:10:00 am,30.4
14-Jan-20 11:45:00 am,31.2
14-Jan-20 12:20:00 pm,31.0
14-Jan-20 12:55:00 pm,30.8
14-Jan-20 01:30:00 pm,31.0
14-Jan-20 02:05:00 pm,32.1
14-Jan-20 02:40:00 pm,31.6
14-Jan-20 03:15:00 pm,32.4
14-Jan-20 03:50:00 pm,31.8
14-Jan-20 04:25:00 pm,30.8
14-Jan-20 05:00:00 pm,30.4
14-Jan-20 05:35:00 pm,31.3
14-Jan-20 06:10:00 pm,35.1
14-Jan-20 06:45:00 pm,35.4
14-Jan-20 07:20:00 pm,36.0
14-Jan-20 07:55:00 pm,35.6
14-Jan-20 08:30:00 pm,35.3
14-Jan-20 09:05:00 pm,36.0
14-Jan-20 09:40:00 pm,36.3
14-Jan-20 10:15:00 pm,37.5
14-Jan-20 10:50:00 pm,38.2
14-Jan-20 11:25:00 pm,37.7
15-Jan-20 12:00:00 am,37.3
15-Jan-20 12:35:00 am,36.7
15-Jan-20 01:10:00 am,37.0
15-Jan-20 01:45:00 am,37.4
15-Jan-20 02:20:00 am,37.8
15-Jan-20 02:55:00 am,38.3
15-Jan-20 03:30:00 am,37.4
15-Jan-20 04:05:00 am,36.9
15-Jan-20 04:40:00 am,37.8
15-Jan-20 05:15:00 am,38.3
15-Jan-20 05:50:00 am,37.8
15-Jan-20 06:25:00 am,36.7
15-Jan-20 07:00:00 am,35.6
15-Jan-20 07:35:00 am,35.7
15-Jan-20 08:10:00 am,35.8
15-Jan-20 08:45:00 am,35.5
15-Jan-20 09:20:00 am,35.6
15-Jan-20 09:55:00 am,36.1
15-Jan-20 10:30:00 am,37.8
15-Jan-20 11:05:00 am,38.2
15-Jan-20 11:40:00 am,38.3
15-Jan-20 12:15:00 pm,38.7
15-Jan-20 12:50:00 pm,39.0
15-Jan-20 01:25:00 pm,37.0
15-Jan-20 02:00:00 pm,35.9
15-Jan-20 02:35:00 pm,35.0
15-Jan-20 03:10:00 pm,36.1
15-Jan-20 03:45:00 pm,38.4
15-Jan-20 04:20:00 pm,39.4
15-Jan-20 04:55:00 pm,40.1
15-Jan-20 05:30:00 pm,40.9
15-Jan-20 06:05:00 pm,42.7
15-Jan-20 06:40:00 pm,41.9
15-Jan-20 07:15:00 pm,41.3
15-Jan-20 07:50:00 pm,41.1
15-Jan-20 08:25:00 pm,40.7
15-Jan-20 09:00:00 pm,49.1
15-Jan-20 09:35:00 pm,51.1
15-Jan-20 10:10:00 pm,44.6
15-Jan-20 10:45:00 pm,43.3
15-Jan-20 11:20:00 pm,43.6
15-Jan-20 11:55:00 pm,42.3
16-Jan-20 12:30:00 am,42.0
16-Jan-20 01:05:00 am,42.7
16-Jan-20 01:40:00 am,42.4
16-Jan-20 02:15:00 am,41.8
16-Jan-20 02:50:00 am,41.3
16-Jan-20 03:25:00 am,40.5
16-Jan-20 04:00:00 am,40.8
16-Jan-20 04:35:00 am,39.9
16-Jan-20 05:10:00 am,40.0
16-Jan-20 05:45:00 am,39.8
16-Jan-20 06:20:00 am,39.6
16-Jan-20 06:55:00 am,39.4
16-Jan-20 07:30:00 am,39.2
16-Jan-20 08:05:00 am,39.4
16-Jan-20 08:40:00 am,39.8
16-Jan-20 09:15:00 am,40.5
16-Jan-20 09:50:00 am,42.9
16-Jan-20 10:25:00 am,43.6
16-Jan-20 11:00:00 am,44.9
16-Jan-20 11:35:00 am,47.5
16-Jan-20 12:10:00 pm,46.5
16-Jan-20 12:45:00 pm,47.1
16-Jan-20 01:20:00 pm,48.7
16-Jan-20 01:55:00 pm,47.8
16-Jan-20 02:30:00 pm,47.8
16-Jan-20 03:05:00 pm,47.0
16-Jan-20 03:40:00 pm,45.4
16-Jan-20 04:15:00 pm,43.5
16-Jan-20 04:50:00 pm,43.2
16-Jan-20 05:25:00 pm,41.7
16-Jan-20 06:00:00 pm,40.8
16-Jan-20 06:35:00 pm,39.4
16-Jan-20 07:10:00 pm,37.4
16-Jan-20 07:45:00 pm,37.5
16-Jan-20 08:20:00 pm,38.5
16-Jan-20 08:55:00 pm,38.5
16-Jan-20 09:30:00 pm,37.8
16-Jan-20 10:05:00 pm,37.7
16-Jan-20 10:40:00 pm,38.2
16-Jan-20 11:15:00 pm,38.0
16-Jan-20 11:50:00 pm,37.4
17-Jan-20 12:25:00 am,36.9
17-Jan-20 01:00:00 am,37.5
17-Jan-20 01:35:00 am,37.7
17-Jan-20 02:10:00 am,36.8
17-Jan-20 02:45:00 am,36.8
17-Jan-20 03:20:00 am,36.3
17-Jan-20 03:55:00 am,36.1
17-Jan-20 04:30:00 am,35.7
17-Jan-20 05:05:00 am,35.3
17-Jan-20 05:40:00 am,35.3
17-Jan-20 06:15:00 am,34.7
17-Jan-20 06:50:00 am,35.5
17-Jan-20 07:25:00 am,35.3
17-Jan-20 08:00:00 am,35.1
17-Jan-20 08:35:00 am,35.6
17-Jan-20 09:10:00 am,37.0
17-Jan-20 09:45:00 am,38.7
17-Jan-20 10:20:00 am,41.0
17-Jan-20 10:55:00 am,40.9
17-Jan-20 11:30:00 am,43.1
17-Jan-20 12:05:00 pm,42.8
17-Jan-20 12:40:00 pm,43.8
17-Jan-20 01:15:00 pm,43.4
17-Jan-20 01:50:00 pm,43.8
17-Jan-20 02:25:00 pm,43.9
17-Jan-20 03:00:00 pm,42.7
17-Jan-20 03:35:00 pm,42.9
17-Jan-20 04:10:00 pm,41.4
17-Jan-20 04:45:00 pm,40.5
17-Jan-20 05:20:00 pm,40.1
17-Jan-20 05:55:00 pm,42.2
17-Jan-20 06:30:00 pm,42.6
17-Jan-20 07:05:00 pm,42.0
17-Jan-20 07:40:00 pm,41.6
17-Jan-20 08:15:00 pm,41.9
17-Jan-20 08:50:00 pm,42.7
17-Jan-20 09:25:00 pm,42.7
17-Jan-20 10:00:00 pm,42.4
17-Jan-20 10:35:00 pm,42.9
17-Jan-20 11:10:00 pm,42.0
17-Jan-20 11:45:00 pm,41.6
18-Jan-20 12:20:00 am,41.0
18-Jan-20 12:55:00 am,40.4
18-Jan-20 01:30:00 am,41.0
18-Jan-20 02:05:00 am,41.4
18-Jan-20 02:40:00 am,41.2
18-Jan-20 03:15:00 am,41.2
18-Jan-20 03:50:00 am,41.1
18-Jan-20 04:25:00 am,40.9
18-Jan-20 05:00:00 am,41.1
18-Jan-20 05:35:00 am,41.1
18-Jan-20 06:10:00 am,40.7
18-Jan-20 06:45:00 am,41.0
18-Jan-20 07:20:00 am,41.4
18-Jan-20 07:55:00 am,41.5
18-Jan-20 08:30:00 am,41.8
18-Jan-20 09:05:00 am,42.4
18-Jan-20 09:40:00 am,43.2
18-Jan-20 10:15:00 am,44.1
18-Jan-20 10:50:00 am,45.3
18-Jan-20 11:25:00 am,47.4
18-Jan-20 12:00:00 pm,48.6
18-Jan-20 12:35:00 pm,50.8
18-Jan-20 01:10:00 pm,51.8
18-Jan-20 01:45:00 pm,52.3
18-Jan-20 02:20:00 pm,52.8
18-Jan-20 02:55:00 pm,52.5
18-Jan-20 03:30:00 pm,52.1
18-Jan-20 04:05:00 pm,51.2
18-Jan-20 04:40:00 pm,50.0
18-Jan-20 05:15:00 pm,49.4
18-Jan-20 05:50:00 pm,49.5
18-Jan-20 06:25:00 pm,49.3
18-Jan-20 07:00:00 pm,49.0
18-Jan-20 07:35:00 pm,48.8
18-Jan-20 08:10:00 pm,48.1
18-Jan-20 08:45:00 pm,46.9
18-Jan-20 09:20:00 pm,46.1
18-Jan-20 09:55:00 pm,45.3
18-Jan-20 10:30:00 pm,45.1
18-Jan-20 11:05:00 pm,45.8
18-Jan-20 11:40:00 pm,46.2
19-Jan-20 12:15:00 am,46.2
19-Jan-20 12:50:00 am,46.3
19-Jan-20 01:25:00 am,46.3
19-Jan-20 02:00:00 am,46.3
19-Jan-20 02:35:00 am,46.0
19-Jan-20 03:10:00 am,46.0
19-Jan-20 03:45:00 am,46.3
19-Jan-20 04:20:00 am,46.5
19-Jan-20 04:55:00 am,46.5
19-Jan-20 05:30:00 am,46.7
19-Jan-20 06:05:00 am,46.6
19-Jan-20 06:40:00 am,46.1
19-Jan-20 07:15:00 am,46.1
19-Jan-20 07:50:00 am,46.5
19-Jan-20 08:25:00 am,46.8
19-Jan-20 09:00:00 am,48.6
19-Jan-20 09:35:00 am,49.7
19-Jan-20 10:10:00 am,50.6
19-Jan-20 10:45:00 am,50.7
19-Jan-20 11:20:00 am,51.0
19-Jan-20 11:55:00 am,51.6
19-Jan-20 12:30:00 pm,52.1
19-Jan-20 01:05:00 pm,53.1
19-Jan-20 01:40:00 pm,53.3
19-Jan-20 02:15:00 pm,53.9
19-Jan-20 02:50:00 pm,53.7
19-Jan-20 03:25:00 pm,53.1
19-Jan-20 04:00:00 pm,51.4
19-Jan-20 04:35:00 pm,49.9
19-Jan-20 05:10:00 pm,51.5
19-Jan-20 05:45:00 pm,51.8
19-Jan-20 06:20:00 pm,50.0
19-Jan-20 06:55:00 pm,48.7
19-Jan-20 07:30:00 pm,47.6
19-Jan-20 08:05:00 pm,47.5
19-Jan-20 08:40:00 pm,47.1
19-Jan-20 09:15:00 pm,46.7
19-Jan-20 09:50:00 pm,46.0
19-Jan-20 10:25:00 pm,45.6
19-Jan-20 11:00:00 pm,45.5
19-Jan-20 11:35:00 pm,46.3
20-Jan-20 12:10:00 am,46.0
20-Jan-20 12:45:00 am,45.8
20-Jan-20 01:20:00 am,46.5
20-Jan-20 01:55:00 am,46.5
20-Jan-20 02:30:00 am,47.1
20-Jan-20 03:05:00 am,46.7
20-Jan-20 03:40:00 am,47.2
20-Jan-20 04:15:00 am,47.8
20-Jan-20 04:50:00 am,48.5
20-Jan-20 05:25:00 am,48.9
20-Jan-20 06:00:00 am,48.2
20-Jan-20 06:35:00 am,48.5
20-Jan-20 07:10:00 am,47.2
20-Jan-20 07:45:00 am,47.2
20-Jan-20 08:20:00 am,47.8
20-Jan-20 08:55:00 am,49.1
20-Jan-20 09:30:00 am,48.9
20-Jan-20 10:05:00 am,49.8
20-Jan-20 10:40:00 am,49.4
20-Jan-20 11:15:00 am,49.6
20-Jan-20 11:50:00 am,51.2
20-Jan-20 12:25:00 pm,52.1
20-Jan-20 01:00:00 pm,52.6
20-Jan-20 01:35:00 pm,52.3
20-Jan-20 02:10:00 pm,52.0
20-Jan-20 02:45:00 pm,52.3
20-Jan-20 03:20:00 pm,51.6
20-Jan-20 03:55:00 pm,50.7
20-Jan-20 04:30:00 pm,48.7
20-Jan-20 05:05:00 pm,47.2
20-Jan-20 05:40:00 pm,46.8
20-Jan-20 06:15:00 pm,48.7
20-Jan-20 06:50:00 pm,47.4
20-Jan-20 07:25:00 pm,46.5
20-Jan-20 08:00:00 pm,46.6
20-Jan-20 08:35:00 pm,46.8
20-Jan-20 09:10:00 pm,55.3
20-Jan-20 09:45:00 pm,54.9
20-Jan-20 10:20:00 pm,46.2
20-Jan-20 10:55:00 pm,45.3
20-Jan-20 11:30:00 pm,46.0
21-Jan-20 12:05:00 am,46.5
21-Jan-20 12:40:00 am,46.5
21-Jan-20 01:15:00 am,48.9
21-Jan-20 01:50:00 am,48.7
21-Jan-20 02:25:00 am,48.5
21-Jan-20 03:00:00 am,47.7
21-Jan-20 03:35:00 am,47.0
21-Jan-20 04:10:00 am,46.8
21-Jan-20 04:45:00 am,46.8
21-Jan-20 05:20:00 am,47.4
21-Jan-20 05:55:00 am,47.4
21-Jan-20 06:30:00 am,47.1
21-Jan-20 07:05:00 am,46.9
21-Jan-20 07:40:00 am,46.9
21-Jan-20 08:15:00 am,47.2
21-Jan-20 08:50:00 am,47.3
21-Jan-20 09:25:00 am,49.1
21-Jan-20 10:00:00 am,51.3
21-Jan-20 10:35:00 am,49.7
21-Jan-20 11:10:00 am,49.4
21-Jan-20 11:45:00 am,49.5
21-Jan-20 12:20:00 pm,50.5
21-Jan-20 12:55:00 pm,49.5
21-Jan-20 01:30:00 pm,50.5
21-Jan-20 02:05:00 pm,50.0
21-Jan-20 02:40:00 pm,48.6
21-Jan-20 03:15:00 pm,46.2
21-Jan-20 03:50:00 pm,47.4
21-Jan-20 04:25:00 pm,47.0
21-Jan-20 05:00:00 pm,46.7
21-Jan-20 05:35:00 pm,46.6
21-Jan-20 06:10:00 pm,49.1
21-Jan-20 06:45:00 pm,47.4
21-Jan-20 07:20:00 pm,46.9
21-Jan-20 07:55:00 pm,46.8
21-Jan-20 08:30:00 pm,47.0
21-Jan-20 09:05:00 pm,47.3
21-Jan-20 09:40:00 pm,46.6
21-Jan-20 10:15:00 pm,46.4
21-Jan-20 10:50:00 pm,65.0
21-Jan-20 11:25:00 pm,48.7
22-Jan-20 12:00:00 am,47.4
22-Jan-20 12:35:00 am,47.2
22-Jan-20 01:10:00 am,46.7
22-Jan-20 01:45:00 am,46.6
22-Jan-20 02:20:00 am,46.6
22-Jan-20 02:55:00 am,47.5
22-Jan-20 03:30:00 am,47.1
22-Jan-20 04:05:00 am,47.1
22-Jan-20 04:40:00 am,47.2
22-Jan-20 05:15:00 am,47.2
22-Jan-20 05:50:00 am,47.8
22-Jan-20 06:25:00 am,46.2
22-Jan-20 07:00:00 am,46.0
22-Jan-20 07:35:00 am,46.4
22-Jan-20 08:10:00 am,45.8
22-Jan-20 08:45:00 am,45.3
22-Jan-20 09:20:00 am,45.3
22-Jan-20 09:55:00 am,45.3
22-Jan-20 10:30:00 am,45.0
22-Jan-20 11:05:00 am,44.8
22-Jan-20 11:40:00 am,44.9
22-Jan-20 12:15:00 pm,45.6
22-Jan-20 12:50:00 pm,45.5
22-Jan-20 01:25:00 pm,46.4
22-Jan-20 02:00:00 pm,46.4
22-Jan-20 02:35:00 pm,46.3
22-Jan-20 03:10:00 pm,46.2
22-Jan-20 03:45:00 pm,46.4
22-Jan-20 04:20:00 pm,46.3
22-Jan-20 04:55:00 pm,46.4
22-Jan-20 05:30:00 pm,46.7
22-Jan-20 06:05:00 pm,49.5
22-Jan-20 06:40:00 pm,48.6
22-Jan-20 07:15:00 pm,48.6
22-Jan-20 07:50:00 pm,49.0
22-Jan-20 08:25:00 pm,49.0
22-Jan-20 09:00:00 pm,48.9
22-Jan-20 09:35:00 pm,49.0
22-Jan-20 10:10:00 pm,63.7
22-Jan-20 10:45:00 pm,50.1
22-Jan-20 11:20:00 pm,49.3
22-Jan-20 11:55:00 pm,65.0
23-Jan-20 12:30:00 am,51.7
23-Jan-20 01:05:00 am,50.7
23-Jan-20 01:40:00 am,50.1
23-Jan-20 02:15:00 am,50.9
23-Jan-20 02:50:00 am,52.3
23-Jan-20 03:25:00 am,52.5
23-Jan-20 04:00:00 am,52.6
23-Jan-20 04:35:00 am,53.9
23-Jan-20 05:10:00 am,53.9
23-Jan-20 05:45:00 am,53.1
23-Jan-20 06:20:00 am,53.1
23-Jan-20 06:55:00 am,52.9
23-Jan-20 07:30:00 am,52.2
23-Jan-20 08:05:00 am,51.6
23-Jan-20 08:40:00 am,51.7
23-Jan-20 09:15:00 am,52.7
23-Jan-20 09:50:00 am,54.2
23-Jan-20 10:25:00 am,54.4
23-Jan-20 11:00:00 am,54.4
23-Jan-20 11:35:00 am,54.6
23-Jan-20 12:10:00 pm,53.8
23-Jan-20 12:45:00 pm,54.2
23-Jan-20 01:20:00 pm,54.4
23-Jan-20 01:55:00 pm,54.2
23-Jan-20 02:30:00 pm,54.4
23-Jan-20 03:05:00 pm,54.4
23-Jan-20 03:40:00 pm,54.3
23-Jan-20 04:15:00 pm,54.0
23-Jan-20 04:50:00 pm,54.0
23-Jan-20 05:25:00 pm,54.0
23-Jan-20 06:00:00 pm,54.9
23-Jan-20 06:35:00 pm,54.3
23-Jan-20 07:10:00 pm,54.8
23-Jan-20 07:45:00 pm,54.2
23-Jan-20 08:20:00 pm,54.1
23-Jan-20 08:55:00 pm,53.5
23-Jan-20 09:30:00 pm,53.2
23-Jan-20 10:05:00 pm,65.5
23-Jan-20 10:40:00 pm,54.7
23-Jan-20 11:15:00 pm,52.5
23-Jan-20 11:50:00 pm,51.9
24-Jan-20 12:25:00 am,51.9
24-Jan-20 01:00:00 am,52.0
24-Jan-20 01:35:00 am,51.6
24-Jan-20 02:10:00 am,51.6
24-Jan-20 02:45:00 am,51.2
24-Jan-20 03:20:00 am,50.7
24-Jan-20 03:55:00 am,51.2
24-Jan-20 04:30:00 am,51.1
24-Jan-20 05:05:00 am,51.8
24-Jan-20 05:40:00 am,51.8
24-Jan-20 06:15:00 am,50.0
24-Jan-20 06:50:00 am,49.5
24-Jan-20 07:25:00 am,50.1
24-Jan-20 08:00:00 am,50.7
24-Jan-20 08:35:00 am,51.9
24-Jan-20 09:10:00 am,51.7
24-Jan-20 09:45:00 am,52.2
24-Jan-20 10:20:00 am,51.7
24-Jan-20 10:55:00 am,52.5
24-Jan-20 11:30:00 am,52.9
24-Jan-20 12:05:00 pm,52.1
24-Jan-20 12:40:00 pm,53.2
24-Jan-20 01:15:00 pm,52.4
24-Jan-20 01:50:00 pm,50.6
24-Jan-20 02:25:00 pm,52.9
24-Jan-20 03:00:00 pm,52.1
24-Jan-20 03:35:00 pm,50.6
24-Jan-20 04:10:00 pm,50.5
24-Jan-20 04:45:00 pm,49.5
24-Jan-20 05:20:00 pm,49.1
24-Jan-20 05:55:00 pm,50.0
24-Jan-20 06:30:00 pm,50.7
24-Jan-20 07:05:00 pm,50.5
24-Jan-20 07:40:00 pm,50.0
24-Jan-20 08:15:00 pm,50.4
24-Jan-20 08:50:00 pm,50.8
24-Jan-20 09:25:00 pm,50.1
24-Jan-20 10:00:00 pm,50.3
24-Jan-20 10:35:00 pm,49.9
24-Jan-20 11:10:00 pm,49.3
24-Jan-20 11:45:00 pm,48.7
25-Jan-20 12:20:00 am,48.0
25-Jan-20 12:55:00 am,47.5
25-Jan-20 01:30:00 am,47.8
25-Jan-20 02:05:00 am,48.1
25-Jan-20 02:40:00 am,48.1
25-Jan-20 03:15:00 am,47.9
25-Jan-20 03:50:00 am,47.8
25-Jan-20 04:25:00 am,47.8
25-Jan-20 05:00:00 am,47.7
25-Jan-20 05:35:00 am,47.7
25-Jan-20 06:10:00 am,47.6
25-Jan-20 06:45:00 am,47.6
25-Jan-20 07:20:00 am,47.5
25-Jan-20 07:55:00 am,47.5
25-Jan-20 08:30:00 am,48.1
25-Jan-20 09:05:00 am,48.6
25-Jan-20 09:40:00 am,49.4
25-Jan-20 10:15:00 am,50.2
25-Jan-20 10:50:00 am,51.3
25-Jan-20 11:25:00 am,51.7
25-Jan-20 12:00:00 pm,51.9
25-Jan-20 12:35:00 pm,52.6
25-Jan-20 01:10:00 pm,53.6
25-Jan-20 01:45:00 pm,53.4
25-Jan-20 02:20:00 pm,52.5
25-Jan-20 02:55:00 pm,52.5
25-Jan-20 03:30:00 pm,51.9
25-Jan-20 04:05:00 pm,51.3
25-Jan-20 04:40:00 pm,50.8
25-Jan-20 05:15:00 pm,49.5
25-Jan-20 05:50:00 pm,48.4
25-Jan-20 06:25:00 pm,47.9
25-Jan-20 07:00:00 pm,48.0
25-Jan-20 07:35:00 pm,47.9
25-Jan-20 08:10:00 pm,47.8
25-Jan-20 08:45:00 pm,47.8
25-Jan-20 09:20:00 pm,47.2
25-Jan-20 09:55:00 pm,46.7
25-Jan-20 10:30:00 pm,46.7
25-Jan-20 11:05:00 pm,46.5
25-Jan-20 11:40:00 pm,46.2
26-Jan-20 12:15:00 am,46.3
26-Jan-20 12:50:00 am,46.4
26-Jan-20 01:25:00 am,47.4
26-Jan-20 02:00:00 am,49.1
26-Jan-20 02:35:00 am,49.0
26-Jan-20 03:10:00 am,48.4
26-Jan-20 03:45:00 am,48.5
26-Jan-20 04:20:00 am,49.3
26-Jan-20 04:55:00 am,49.4
26-Jan-20 05:30:00 am,49.1
26-Jan-20 06:05:00 am,48.8
26-Jan-20 06:40:00 am,49.4
26-Jan-20 07:15:00 am,50.2
26-Jan-20 07:50:00 am,50.9
26-Jan-20 08:25:00 am,50.2
26-Jan-20 09:00:00 am,50.4
26-Jan-20 09:35:00 am,51.3
26-Jan-20 10:10:00 am,51.2
26-Jan-20 10:45:00 am,52.0
26-Jan-20 11:20:00 am,53.9
26-Jan-20 11:55:00 am,55.7
26-Jan-20 12:30:00 pm,57.6
26-Jan-20 01:05:00 pm,58.7
26-Jan-20 01:40:00 pm,57.4
26-Jan-20 02:15:00 pm,58.7
26-Jan-20 02:50:00 pm,58.0
26-Jan-20 03:25:00 pm,56.2
26-Jan-20 04:00:00 pm,52.0
26-Jan-20 04:35:00 pm,50.3
26-Jan-20 05:10:00 pm,50.3
26-Jan-20 05:45:00 pm,50.7
26-Jan-20 06:20:00 pm,58.4
26-Jan-20 06:55:00 pm,53.6
26-Jan-20 07:30:00 pm,50.8
26-Jan-20 08:05:00 pm,50.5
26-Jan-20 08:40:00 pm,48.7
26-Jan-20 09:15:00 pm,48.6
26-Jan-20 09:50:00 pm,48.5
26-Jan-20 10:25:00 pm,49.3
26-Jan-20 11:00:00 pm,49.3
26-Jan-20 11:35:00 pm,48.6
27-Jan-20 12:10:00 am,48.4
27-Jan-20 12:45:00 am,48.4
27-Jan-20 01:20:00 am,47.8
27-Jan-20 01:55:00 am,47.3
27-Jan-20 02:30:00 am,47.9
27-Jan-20 03:05:00 am,47.2
27-Jan-20 03:40:00 am,46.6
27-Jan-20 04:15:00 am,45.8
27-Jan-20 04:50:00 am,45.8
27-Jan-20 05:25:00 am,45.8
27-Jan-20 06:00:00 am,45.3
27-Jan-20 06:35:00 am,46.2
27-Jan-20 07:10:00 am,45.5
27-Jan-20 07:45:00 am,44.8
27-Jan-20 08:20:00 am,44.6
27-Jan-20 08:55:00 am,46.1
27-Jan-20 09:30:00 am,48.6
27-Jan-20 10:05:00 am,50.6
27-Jan-20 10:40:00 am,51.4
27-Jan-20 11:15:00 am,52.5
27-Jan-20 11:50:00 am,54.6
27-Jan-20 12:25:00 pm,53.4
27-Jan-20 01:00:00 pm,52.3
27-Jan-20 01:35:00 pm,51.8
27-Jan-20 02:10:00 pm,52.1
27-Jan-20 02:45:00 pm,51.6
27-Jan-20 03:20:00 pm,51.3
27-Jan-20 03:55:00 pm,49.9
27-Jan-20 04:30:00 pm,47.8
27-Jan-20 05:05:00 pm,46.9
27-Jan-20 05:40:00 pm,45.8
27-Jan-20 06:15:00 pm,47.5
27-Jan-20 06:50:00 pm,47.6
27-Jan-20 07:25:00 pm,47.5
27-Jan-20 08:00:00 pm,46.6
27-Jan-20 08:35:00 pm,46.8
27-Jan-20 09:10:00 pm,46.7
27-Jan-20 09:45:00 pm,52.6
27-Jan-20 10:20:00 pm,58.8
27-Jan-20 10:55:00 pm,48.5
27-Jan-20 11:30:00 pm,49.2
28-Jan-20 12:05:00 am,49.3
28-Jan-20 12:40:00 am,49.0
28-Jan-20 01:15:00 am,48.6
28-Jan-20 01:50:00 am,48.2
28-Jan-20 02:25:00 am,48.3
28-Jan-20 03:00:00 am,48.7
28-Jan-20 03:35:00 am,48.6
28-Jan-20 04:10:00 am,47.9
28-Jan-20 04:45:00 am,48.2
28-Jan-20 05:20:00 am,48.4
28-Jan-20 05:55:00 am,47.6
28-Jan-20 06:30:00 am,47.5
28-Jan-20 07:05:00 am,46.8
28-Jan-20 07:40:00 am,46.9
28-Jan-20 08:15:00 am,47.0
28-Jan-20 08:50:00 am,47.5
28-Jan-20 09:25:00 am,47.8
28-Jan-20 10:00:00 am,48.9
28-Jan-20 10:35:00 am,49.8
28-Jan-20 11:10:00 am,50.7
28-Jan-20 11:45:00 am,50.9
28-Jan-20 12:20:00 pm,52.6
28-Jan-20 12:55:00 pm,52.3
28-Jan-20 01:30:00 pm,52.8
28-Jan-20 02:05:00 pm,52.2
28-Jan-20 02:40:00 pm,52.1
28-Jan-20 03:15:00 pm,50.9
28-Jan-20 03:50:00 pm,50.9
28-Jan-20 04:25:00 pm,50.7
28-Jan-20 05:00:00 pm,50.3
28-Jan-20 05:35:00 pm,49.1
28-Jan-20 06:10:00 pm,50.7
28-Jan-20 06:45:00 pm,50.3
28-Jan-20 07:20:00 pm,50.4
28-Jan-20 07:55:00 pm,50.6
28-Jan-20 08:30:00 pm,62.3
28-Jan-20 09:05:00 pm,50.6
28-Jan-20 09:40:00 pm,50.1
28-Jan-20 10:15:00 pm,49.7
28-Jan-20 10:50:00 pm,49.6
28-Jan-20 11:25:00 pm,49.6
29-Jan-20 12:00:00 am,49.7
29-Jan-20 12:35:00 am,49.8
29-Jan-20 01:10:00 am,49.8
29-Jan-20 01:45:00 am,49.9
29-Jan-20 02:20:00 am,56.1
29-Jan-20 02:55:00 am,59.6
29-Jan-20 03:30:00 am,50.3
29-Jan-20 04:05:00 am,49.7
29-Jan-20 04:40:00 am,49.7
29-Jan-20 05:15:00 am,49.9
29-Jan-20 05:50:00 am,49.7
29-Jan-20 06:25:00 am,48.9
29-Jan-20 07:00:00 am,48.1
29-Jan-20 07:35:00 am,47.8
29-Jan-20 08:10:00 am,47.8
29-Jan-20 08:45:00 am,47.9
29-Jan-20 09:20:00 am,47.7
29-Jan-20 09:55:00 am,47.3
29-Jan-20 10:30:00 am,47.6
29-Jan-20 11:05:00 am,48.4
29-Jan-20 11:40:00 am,48.6
29-Jan-20 12:15:00 pm,49.3
29-Jan-20 12:50:00 pm,49.4
29-Jan-20 01:25:00 pm,49.4
29-Jan-20 02:00:00 pm,50.6
29-Jan-20 02:35:00 pm,50.3
29-Jan-20 03:10:00 pm,50.4
29-Jan-20 03:45:00 pm,49.9
29-Jan-20 04:20:00 pm,49.1
29-Jan-20 04:55:00 pm,49.1
29-Jan-20 05:30:00 pm,47.5
29-Jan-20 06:05:00 pm,49.7
29-Jan-20 06:40:00 pm,49.7
29-Jan-20 07:15:00 pm,49.2
29-Jan-20 07:50:00 pm,48.6
29-Jan-20 08:25:00 pm,47.7
29-Jan-20 09:00:00 pm,46.4
29-Jan-20 09:35:00 pm,45.5
29-Jan-20 10:10:00 pm,65.0
29-Jan-20 10:45:00 pm,46.9
29-Jan-20 11:20:00 pm,44.4
29-Jan-20 11:55:00 pm,44.1
30-Jan-20 12:30:00 am,44.4
30-Jan-20 01:05:00 am,45.2
30-Jan-20 01:40:00 am,45.3
30-Jan-20 02:15:00 am,45.5
30-Jan-20 02:50:00 am,46.3
30-Jan-20 03:25:00 am,46.5
30-Jan-20 04:00:00 am,45.4
30-Jan-20 04:35:00 am,44.7
30-Jan-20 05:10:00 am,44.7
30-Jan-20 05:45:00 am,43.8
30-Jan-20 06:20:00 am,42.3
30-Jan-20 06:55:00 am,42.0
30-Jan-20 07:30:00 am,42.2
30-Jan-20 08:05:00 am,42.0
30-Jan-20 08:40:00 am,42.7
30-Jan-20 09:15:00 am,44.3
30-Jan-20 09:50:00 am,45.5
30-Jan-20 10:25:00 am,46.0
30-Jan-20 11:00:00 am,48.2
30-Jan-20 11:35:00 am,47.7
30-Jan-20 12:10:00 pm,47.8
30-Jan-20 12:45:00 pm,48.7
30-Jan-20 01:20:00 pm,48.4
30-Jan-20 01:55:00 pm,47.8
30-Jan-20 02:30:00 pm,48.5
30-Jan-20 03:05:00 pm,48.1
30-Jan-20 03:40:00 pm,47.7
30-Jan-20 04:15:00 pm,47.5
30-Jan-20 04:50:00 pm,47.0
30-Jan-20 05:25:00 pm,47.4
30-Jan-20 06:00:00 pm,48.7
30-Jan-20 06:35:00 pm,48.8
30-Jan-20 07:10:00 pm,48.6
30-Jan-20 07:45:00 pm,48.9
30-Jan-20 08:20:00 pm,49.1
30-Jan-20 08:55:00 pm,49.5
30-Jan-20 09:30:00 pm,54.5
30-Jan-20 10:05:00 pm,60.3
30-Jan-20 10:40:00 pm,51.3
30-Jan-20 11:15:00 pm,51.3
30-Jan-20 11:50:00 pm,52.4
31-Jan-20 12:25:00 am,52.9
31-Jan-20 01:00:00 am,53.3
31-Jan-20 01:35:00 am,53.5
31-Jan-20 02:10:00 am,53.7
31-Jan-20 02:45:00 am,53.9
31-Jan-20 03:20:00 am,54.0
31-Jan-20 03:55:00 am,54.2
31-Jan-20 04:30:00 am,54.3
31-Jan-20 05:05:00 am,54.7
31-Jan-20 05:40:00 am,54.8
31-Jan-20 06:15:00 am,54.4
31-Jan-20 06:50:00 am,54.4
31-Jan-20 07:25:00 am,54.8
31-Jan-20 08:00:00 am,54.7
31-Jan-20 08:35:00 am,54.4
31-Jan-20 09:10:00 am,54.5
31-Jan-20 09:45:00 am,55.1
31-Jan-20 10:20:00 am,55.6
31-Jan-20 10:55:00 am,56.3
31-Jan-20 11:30:00 am,57.7
31-Jan-20 12:05:00 pm,59.0
31-Jan-20 12:40:00 pm,58.2
31-Jan-20 01:15:00 pm,58.0
31-Jan-20 01:50:00 pm,58.2
31-Jan-20 02:25:00 pm,57.8
31-Jan-20 03:00:00 pm,57.6
31-Jan-20 03:35:00 pm,57.9
31-Jan-20 04:10:00 pm,58.1
31-Jan-20 04:45:00 pm,58.5
31-Jan-20 05:20:00 pm,58.5
31-Jan-20 05:55:00 pm,58.2
31-Jan-20 06:30:00 pm,58.2
31-Jan-20 07:05:00 pm,58.1
31-Jan-20 07:40:00 pm,58.9
31-Jan-20 08:15:00 pm,59.3
31-Jan-20 08:50:00 pm,59.5
31-Jan-20 09:25:00 pm,58.5
31-Jan-20 10:00:00 pm,56.6
31-Jan-20 10:35:00 pm,56.2
31-Jan-20 11:10:00 pm,55.9
31-Jan-20 11:45:00 pm,55.8
01-Feb-20 12:20:00 am,55.7
01-Feb-20 12:55:00 am,55.3
01-Feb-20 01:30:00 am,54.6
01-Feb-20 02:05:00 am,54.4
01-Feb-20 02:40:00 am,54.4
01-Feb-20 03:15:00 am,54.2
01-Feb-20 03:50:00 am,54.2
01-Feb-20 04:25:00 am,54.2
01-Feb-20 05:00:00 am,54.2
01-Feb-20 05:35:00 am,54.0
01-Feb-20 06:10:00 am,54.0
01-Feb-20 06:45:00 am,53.7
01-Feb-20 07:20:00 am,53.9
01-Feb-20 07:55:00 am,53.5
01-Feb-20 08:30:00 am,53.5
01-Feb-20 09:05:00 am,53.4
01-Feb-20 09:40:00 am,50.6
01-Feb-20 10:15:00 am,49.5
01-Feb-20 10:50:00 am,48.7
01-Feb-20 11:25:00 am,48.4
01-Feb-20 12:00:00 pm,48.6
01-Feb-20 12:35:00 pm,48.9
01-Feb-20 01:10:00 pm,48.0
01-Feb-20 01:45:00 pm,46.0
01-Feb-20 02:20:00 pm,45.0
01-Feb-20 02:55:00 pm,44.0
01-Feb-20 03:30:00 pm,42.7
01-Feb-20 04:05:00 pm,41.9
01-Feb-20 04:40:00 pm,41.4
01-Feb-20 05:15:00 pm,40.9
01-Feb-20 05:50:00 pm,39.9
01-Feb-20 06:25:00 pm,38.9
01-Feb-20 07:00:00 pm,38.2
01-Feb-20 07:35:00 pm,38.1
01-Feb-20 08:10:00 pm,38.6
01-Feb-20 08:45:00 pm,38.5
01-Feb-20 09:20:00 pm,38.4
01-Feb-20 09:55:00 pm,38.8
01-Feb-20 10:30:00 pm,38.2
01-Feb-20 11:05:00 pm,37.7
01-Feb-20 11:40:00 pm,38.3
02-Feb-20 12:15:00 am,39.1
02-Feb-20 12:50:00 am,38.0
02-Feb-20 01:25:00 am,37.4
02-Feb-20 02:00:00 am,37.3
02-Feb-20 02:35:00 am,36.7
02-Feb-20 03:10:00 am,36.2
02-Feb-20 03:45:00 am,36.6
02-Feb-20 04:20:00 am,37.1
02-Feb-20 04:55:00 am,37.3
02-Feb-20 05:30:00 am,37.1
02-Feb-20 06:05:00 am,38.1
02-Feb-20 06:40:00 am,36.8
02-Feb-20 07:15:00 am,36.1
02-Feb-20 07:50:00 am,35.5
02-Feb-20 08:25:00 am,35.7
02-Feb-20 09:00:00 am,37.7
02-Feb-20 09:35:00 am,39.9
02-Feb-20 10:10:00 am,41.7
02-Feb-20 10:45:00 am,46.5
02-Feb-20 11:20:00 am,48.6
02-Feb-20 11:55:00 am,50.0
02-Feb-20 12:30:00 pm,50.7
02-Feb-20 01:05:00 pm,51.9
02-Feb-20 01:40:00 pm,51.7
02-Feb-20 02:15:00 pm,51.8
02-Feb-20 02:50:00 pm,50.4
02-Feb-20 03:25:00 pm,48.5
02-Feb-20 04:00:00 pm,47.0
02-Feb-20 04:35:00 pm,44.0
02-Feb-20 05:10:00 pm,41.5
02-Feb-20 05:45:00 pm,39.5
02-Feb-20 06:20:00 pm,38.6
02-Feb-20 06:55:00 pm,37.9
02-Feb-20 07:30:00 pm,37.3
02-Feb-20 08:05:00 pm,36.9
02-Feb-20 08:40:00 pm,37.0
02-Feb-20 09:15:00 pm,37.4
02-Feb-20 09:50:00 pm,38.8
02-Feb-20 10:25:00 pm,39.1
02-Feb-20 11:00:00 pm,39.3
02-Feb-20 11:35:00 pm,39.2
03-Feb-20 12:10:00 am,39.2
03-Feb-20 12:45:00 am,39.5
03-Feb-20 01:20:00 am,39.7
03-Feb-20 01:55:00 am,39.2
03-Feb-20 02:30:00 am,39.0
03-Feb-20 03:05:00 am,38.8
03-Feb-20 03:40:00 am,38.8
03-Feb-20 04:15:00 am,38.5
03-Feb-20 04:50:00 am,38.4
03-Feb-20 05:25:00 am,38.7
03-Feb-20 06:00:00 am,38.1
03-Feb-20 06:35:00 am,37.7
03-Feb-20 07:10:00 am,37.4
03-Feb-20 07:45:00 am,36.7
03-Feb-20 08:20:00 am,37.3
03-Feb-20 08:55:00 am,39.1
03-Feb-20 09:30:00 am,39.9
03-Feb-20 10:05:00 am,39.8
03-Feb-20 10:40:00 am,40.8
03-Feb-20 11:15:00 am,41.8
03-Feb-20 11:50:00 am,41.5
03-Feb-20 12:25:00 pm,41.4
03-Feb-20 01:00:00 pm,42.6
03-Feb-20 01:35:00 pm,46.2
03-Feb-20 02:10:00 pm,45.5
03-Feb-20 02:45:00 pm,45.1
03-Feb-20 03:20:00 pm,42.7
03-Feb-20 03:55:00 pm,42.7
03-Feb-20 04:30:00 pm,40.4
03-Feb-20 05:05:00 pm,38.7
03-Feb-20 05:40:00 pm,37.0
03-Feb-20 06:15:00 pm,38.5
03-Feb-20 06:50:00 pm,37.4
03-Feb-20 07:25:00 pm,37.6
03-Feb-20 08:00:00 pm,37.9
03-Feb-20 08:35:00 pm,37.4
03-Feb-20 09:10:00 pm,36.9
03-Feb-20 09:45:00 pm,43.7
03-Feb-20 10:20:00 pm,51.4
03-Feb-20 10:55:00 pm,36.5
03-Feb-20 11:30:00 pm,35.9
04-Feb-20 12:05:00 am,35.7
04-Feb-20 12:40:00 am,35.0
04-Feb-20 01:15:00 am,34.2
04-Feb-20 01:50:00 am,33.8
04-Feb-20 02:25:00 am,34.4
04-Feb-20 03:00:00 am,34.2
04-Feb-20 03:35:00 am,34.2
04-Feb-20 04:10:00 am,34.6
04-Feb-20 04:45:00 am,35.4
04-Feb-20 05:20:00 am,35.8
04-Feb-20 05:55:00 am,35.9
04-Feb-20 06:30:00 am,35.3
04-Feb-20 07:05:00 am,35.3
04-Feb-20 07:40:00 am,35.5
04-Feb-20 08:15:00 am,36.2
04-Feb-20 08:50:00 am,37.4
04-Feb-20 09:25:00 am,38.6
04-Feb-20 10:00:00 am,39.2
04-Feb-20 10:35:00 am,38.4
04-Feb-20 11:10:00 am,37.2
04-Feb-20 11:45:00 am,36.9
04-Feb-20 12:20:00 pm,36.7
04-Feb-20 12:55:00 pm,36.7
04-Feb-20 01:30:00 pm,37.5
04-Feb-20 02:05:00 pm,38.1
04-Feb-20 02:40:00 pm,39.0
04-Feb-20 03:15:00 pm,39.5
04-Feb-20 03:50:00 pm,40.0
04-Feb-20 04:25:00 pm,40.0
04-Feb-20 05:00:00 pm,40.3
04-Feb-20 05:35:00 pm,40.2
04-Feb-20 06:10:00 pm,54.0
04-Feb-20 06:45:00 pm,41.9
04-Feb-20 07:20:00 pm,41.7
04-Feb-20 07:55:00 pm,41.6
04-Feb-20 08:30:00 pm,41.9
04-Feb-20 09:05:00 pm,42.0
04-Feb-20 09:40:00 pm,42.4
04-Feb-20 10:15:00 pm,54.3
04-Feb-20 10:50:00 pm,44.1
04-Feb-20 11:25:00 pm,43.2
05-Feb-20 12:00:00 am,43.4
05-Feb-20 12:35:00 am,43.7
05-Feb-20 01:10:00 am,43.7
05-Feb-20 01:45:00 am,44.0
05-Feb-20 02:20:00 am,44.6
05-Feb-20 02:55:00 am,44.9
05-Feb-20 03:30:00 am,45.0
05-Feb-20 04:05:00 am,45.3
05-Feb-20 04:40:00 am,45.6
05-Feb-20 05:15:00 am,45.9
05-Feb-20 05:50:00 am,45.7
05-Feb-20 06:25:00 am,45.5
05-Feb-20 07:00:00 am,45.9
05-Feb-20 07:35:00 am,46.2
05-Feb-20 08:10:00 am,46.7
05-Feb-20 08:45:00 am,47.1
05-Feb-20 09:20:00 am,47.4
05-Feb-20 09:55:00 am,47.7
05-Feb-20 10:30:00 am,48.0
05-Feb-20 11:05:00 am,47.9
05-Feb-20 11:40:00 am,48.2
05-Feb-20 12:15:00 pm,48.4
05-Feb-20 12:50:00 pm,48.5
05-Feb-20 01:25:00 pm,49.2
05-Feb-20 02:00:00 pm,48.9
05-Feb-20 02:35:00 pm,49.3
05-Feb-20 03:10:00 pm,49.1
05-Feb-20 03:45:00 pm,49.7
05-Feb-20 04:20:00 pm,49.7
05-Feb-20 04:55:00 pm,50.1
05-Feb-20 05:30:00 pm,50.4
05-Feb-20 06:05:00 pm,52.8
05-Feb-20 06:40:00 pm,52.2
05-Feb-20 07:15:00 pm,52.0
05-Feb-20 07:50:00 pm,51.9
05-Feb-20 08:25:00 pm,51.4
05-Feb-20 09:00:00 pm,51.1
05-Feb-20 09:35:00 pm,51.1
05-Feb-20 10:10:00 pm,51.0
05-Feb-20 10:45:00 pm,51.2
05-Feb-20 11:20:00 pm,51.3
05-Feb-20 11:55:00 pm,51.4
06-Feb-20 12:30:00 am,51.6
06-Feb-20 01:05:00 am,51.5
06-Feb-20 01:40:00 am,50.8
06-Feb-20 02:15:00 am,50.2
06-Feb-20 02:50:00 am,50.0
06-Feb-20 03:25:00 am,49.8
06-Feb-20 04:00:00 am,49.2
06-Feb-20 04:35:00 am,49.4
06-Feb-20 05:10:00 am,49.4
06-Feb-20 05:45:00 am,48.9
06-Feb-20 06:20:00 am,47.7
06-Feb-20 06:55:00 am,47.7
06-Feb-20 07:30:00 am,47.8
06-Feb-20 08:05:00 am,48.4
06-Feb-20 08:40:00 am,48.5
06-Feb-20 09:15:00 am,48.6
06-Feb-20 09:50:00 am,49.1
06-Feb-20 10:25:00 am,48.6
06-Feb-20 11:00:00 am,47.9
06-Feb-20 11:35:00 am,47.5
06-Feb-20 12:10:00 pm,47.7
06-Feb-20 12:45:00 pm,47.0
06-Feb-20 01:20:00 pm,47.0
06-Feb-20 01:55:00 pm,47.5
06-Feb-20 02:30:00 pm,47.6
06-Feb-20 03:05:00 pm,47.6
06-Feb-20 03:40:00 pm,47.6
06-Feb-20 04:15:00 pm,47.4
06-Feb-20 04:50:00 pm,46.9
06-Feb-20 05:25:00 pm,46.2
06-Feb-20 06:00:00 pm,48.0
06-Feb-20 06:35:00 pm,48.2
06-Feb-20 07:10:00 pm,48.4
06-Feb-20 07:45:00 pm,48.1
06-Feb-20 08:20:00 pm,47.9
06-Feb-20 08:55:00 pm,47.8
06-Feb-20 09:30:00 pm,48.0
06-Feb-20 10:05:00 pm,48.1
06-Feb-20 10:40:00 pm,48.0
06-Feb-20 11:15:00 pm,48.0
06-Feb-20 11:50:00 pm,47.8
07-Feb-20 12:25:00 am,47.7
07-Feb-20 01:00:00 am,47.8
07-Feb-20 01:35:00 am,47.5
07-Feb-20 02:10:00 am,47.4
07-Feb-20 02:45:00 am,47.2
07-Feb-20 03:20:00 am,47.0
07-Feb-20 03:55:00 am,46.8
07-Feb-20 04:30:00 am,46.5
07-Feb-20 05:05:00 am,46.8
07-Feb-20 05:40:00 am,46.9
07-Feb-20 06:15:00 am,45.0
07-Feb-20 06:50:00 am,45.1
07-Feb-20 07:25:00 am,45.6
07-Feb-20 08:00:00 am,47.5
07-Feb-20 08:35:00 am,49.0
07-Feb-20 09:10:00 am,50.6
07-Feb-20 09:45:00 am,52.0
07-Feb-20 10:20:00 am,52.8
07-Feb-20 10:55:00 am,53.3
07-Feb-20 11:30:00 am,53.7
07-Feb-20 12:05:00 pm,54.3
07-Feb-20 12:40:00 pm,55.0
07-Feb-20 01:15:00 pm,56.3
07-Feb-20 01:50:00 pm,55.6
07-Feb-20 02:25:00 pm,54.5
07-Feb-20 03:00:00 pm,51.1
07-Feb-20 03:35:00 pm,50.6
07-Feb-20 04:10:00 pm,52.5
07-Feb-20 04:45:00 pm,51.8
07-Feb-20 05:20:00 pm,51.0
07-Feb-20 05:55:00 pm,50.7
07-Feb-20 06:30:00 pm,51.0
07-Feb-20 07:05:00 pm,49.4
07-Feb-20 07:40:00 pm,49.9
07-Feb-20 08:15:00 pm,49.8
07-Feb-20 08:50:00 pm,49.8
07-Feb-20 09:25:00 pm,49.7
07-Feb-20 10:00:00 pm,49.1
07-Feb-20 10:35:00 pm,48.7
07-Feb-20 11:10:00 pm,48.7
07-Feb-20 11:45:00 pm,49.1
08-Feb-20 12:20:00 am,48.9
08-Feb-20 12:55:00 am,48.7
08-Feb-20 01:30:00 am,48.6
08-Feb-20 02:05:00 am,48.8
08-Feb-20 02:40:00 am,49.7
08-Feb-20 03:15:00 am,50.1
08-Feb-20 03:50:00 am,49.8
08-Feb-20 04:25:00 am,47.1
08-Feb-20 05:00:00 am,45.5
08-Feb-20 05:35:00 am,44.5
08-Feb-20 06:10:00 am,43.9
08-Feb-20 06:45:00 am,44.0
08-Feb-20 07:20:00 am,44.4
08-Feb-20 07:55:00 am,44.6
08-Feb-20 08:30:00 am,45.5
08-Feb-20 09:05:00 am,46.2
08-Feb-20 09:40:00 am,47.6
08-Feb-20 10:15:00 am,49.6
08-Feb-20 10:50:00 am,51.1
08-Feb-20 11:25:00 am,46.7
08-Feb-20 12:00:00 pm,45.8
08-Feb-20 12:35:00 pm,46.5
08-Feb-20 01:10:00 pm,46.3
08-Feb-20 01:45:00 pm,48.3
08-Feb-20 02:20:00 pm,50.2
08-Feb-20 02:55:00 pm,49.6
08-Feb-20 03:30:00 pm,49.7
08-Feb-20 04:05:00 pm,48.2
08-Feb-20 04:40:00 pm,47.5
08-Feb-20 05:15:00 pm,45.4
08-Feb-20 05:50:00 pm,43.8
08-Feb-20 06:25:00 pm,44.3
08-Feb-20 07:00:00 pm,44.5
08-Feb-20 07:35:00 pm,44.6
08-Feb-20 08:10:00 pm,44.7
08-Feb-20 08:45:00 pm,44.3
08-Feb-20 09:20:00 pm,42.7
08-Feb-20 09:55:00 pm,42.8
08-Feb-20 10:30:00 pm,43.5
08-Feb-20 11:05:00 pm,42.7
08-Feb-20 11:40:00 pm,41.9
09-Feb-20 12:15:00 am,41.2
09-Feb-20 12:50:00 am,42.1
09-Feb-20 01:25:00 am,41.7
09-Feb-20 02:00:00 am,41.1
09-Feb-20 02:35:00 am,40.1
09-Feb-20 03:10:00 am,39.1
09-Feb-20 03:45:00 am,38.1
09-Feb-20 04:20:00 am,38.2
09-Feb-20 04:55:00 am,53.3
09-Feb-20 05:30:00 am,38.3
09-Feb-20 06:05:00 am,37.7
09-Feb-20 06:40:00 am,37.5
09-Feb-20 07:15:00 am,37.2
09-Feb-20 07:50:00 am,37.4
09-Feb-20 08:25:00 am,39.2
09-Feb-20 09:00:00 am,41.5
09-Feb-20 09:35:00 am,43.3
09-Feb-20 10:10:00 am,44.0
09-Feb-20 10:45:00 am,47.2
09-Feb-20 11:20:00 am,50.8
09-Feb-20 11:55:00 am,51.7
09-Feb-20 12:30:00 pm,55.2
09-Feb-20 01:05:00 pm,55.9
09-Feb-20 01:40:00 pm,55.5
09-Feb-20 02:15:00 pm,52.7
09-Feb-20 02:50:00 pm,52.8
09-Feb-20 03:25:00 pm,52.0
09-Feb-20 04:00:00 pm,51.6
09-Feb-20 04:35:00 pm,50.0
09-Feb-20 05:10:00 pm,47.2
09-Feb-20 05:45:00 pm,57.4
09-Feb-20 06:20:00 pm,45.7
09-Feb-20 06:55:00 pm,42.8
09-Feb-20 07:30:00 pm,41.3
09-Feb-20 08:05:00 pm,41.1
09-Feb-20 08:40:00 pm,40.7
09-Feb-20 09:15:00 pm,40.2
09-Feb-20 09:50:00 pm,39.5
09-Feb-20 10:25:00 pm,39.3
09-Feb-20 11:00:00 pm,39.1
09-Feb-20 11:35:00 pm,39.7
10-Feb-20 12:10:00 am,39.5
10-Feb-20 12:45:00 am,39.7
10-Feb-20 01:20:00 am,40.3
10-Feb-20 01:55:00 am,40.7
10-Feb-20 02:30:00 am,40.8
10-Feb-20 03:05:00 am,40.8
10-Feb-20 03:40:00 am,40.8
10-Feb-20 04:15:00 am,40.9
10-Feb-20 04:50:00 am,41.4
10-Feb-20 05:25:00 am,41.6
10-Feb-20 06:00:00 am,40.7
10-Feb-20 06:35:00 am,40.4
10-Feb-20 07:10:00 am,39.8
10-Feb-20 07:45:00 am,40.0
10-Feb-20 08:20:00 am,41.8
10-Feb-20 08:55:00 am,42.7
10-Feb-20 09:30:00 am,43.5
10-Feb-20 10:05:00 am,45.9
10-Feb-20 10:40:00 am,46.8
10-Feb-20 11:15:00 am,48.0
10-Feb-20 11:50:00 am,50.1
10-Feb-20 12:25:00 pm,51.6
10-Feb-20 01:00:00 pm,51.9
10-Feb-20 01:35:00 pm,51.3
10-Feb-20 02:10:00 pm,51.7
10-Feb-20 02:45:00 pm,51.8
10-Feb-20 03:20:00 pm,50.5
10-Feb-20 03:55:00 pm,50.4
10-Feb-20 04:30:00 pm,49.1
10-Feb-20 05:05:00 pm,47.0
10-Feb-20 05:40:00 pm,44.7
10-Feb-20 06:15:00 pm,45.8
10-Feb-20 06:50:00 pm,44.3
10-Feb-20 07:25:00 pm,43.3
10-Feb-20 08:00:00 pm,42.6
10-Feb-20 08:35:00 pm,41.9
10-Feb-20 09:10:00 pm,40.7
10-Feb-20 09:45:00 pm,39.8
10-Feb-20 10:20:00 pm,39.3
10-Feb-20 10:55:00 pm,39.1
10-Feb-20 11:30:00 pm,39.6
11-Feb-20 12:05:00 am,40.1
11-Feb-20 12:40:00 am,40.0
11-Feb-20 01:15:00 am,39.9
11-Feb-20 01:50:00 am,39.9
11-Feb-20 02:25:00 am,39.7
11-Feb-20 03:00:00 am,55.4
11-Feb-20 03:35:00 am,40.1
11-Feb-20 04:10:00 am,39.5
11-Feb-20 04:45:00 am,39.2
11-Feb-20 05:20:00 am,39.1
11-Feb-20 05:55:00 am,38.9
11-Feb-20 06:30:00 am,38.8
11-Feb-20 07:05:00 am,40.1
11-Feb-20 07:40:00 am,41.4
11-Feb-20 08:15:00 am,42.8
11-Feb-20 08:50:00 am,43.0
11-Feb-20 09:25:00 am,44.0
11-Feb-20 10:00:00 am,43.8
11-Feb-20 10:35:00 am,44.7
11-Feb-20 11:10:00 am,44.6
11-Feb-20 11:45:00 am,45.9
11-Feb-20 12:20:00 pm,47.8
11-Feb-20 12:55:00 pm,47.8
11-Feb-20 01:30:00 pm,47.8
11-Feb-20 02:05:00 pm,48.0
11-Feb-20 02:40:00 pm,47.5
11-Feb-20 03:15:00 pm,46.9
11-Feb-20 03:50:00 pm,47.3
11-Feb-20 04:25:00 pm,46.7
11-Feb-20 05:00:00 pm,46.7
11-Feb-20 05:35:00 pm,46.7
11-Feb-20 06:10:00 pm,48.8
11-Feb-20 06:45:00 pm,47.9
11-Feb-20 07:20:00 pm,46.8
11-Feb-20 07:55:00 pm,46.0
11-Feb-20 08:30:00 pm,47.2
11-Feb-20 09:05:00 pm,47.2
11-Feb-20 09:40:00 pm,47.5
11-Feb-20 10:15:00 pm,47.5
11-Feb-20 10:50:00 pm,47.8
11-Feb-20 11:25:00 pm,47.2
12-Feb-20 12:00:00 am,46.7
12-Feb-20 12:35:00 am,46.4
12-Feb-20 01:10:00 am,46.5
12-Feb-20 01:45:00 am,46.5
12-Feb-20 02:20:00 am,46.4
12-Feb-20 02:55:00 am,46.2
12-Feb-20 03:30:00 am,46.0
12-Feb-20 04:05:00 am,45.7
12-Feb-20 04:40:00 am,45.6
12-Feb-20 05:15:00 am,45.5
12-Feb-20 05:50:00 am,44.6
12-Feb-20 06:25:00 am,43.4
12-Feb-20 07:00:00 am,42.7
12-Feb-20 07:35:00 am,43.1
12-Feb-20 08:10:00 am,44.3
12-Feb-20 08:45:00 am,45.8
12-Feb-20 09:20:00 am,46.3
12-Feb-20 09:55:00 am,46.2
12-Feb-20 10:30:00 am,47.3
12-Feb-20 11:05:00 am,48.1
12-Feb-20 11:40:00 am,49.9
12-Feb-20 12:15:00 pm,50.0
12-Feb-20 12:50:00 pm,49.6
12-Feb-20 01:25:00 pm,49.9
12-Feb-20 02:00:00 pm,50.1
12-Feb-20 02:35:00 pm,50.0
12-Feb-20 03:10:00 pm,49.9
12-Feb-20 03:45:00 pm,49.9
12-Feb-20 04:20:00 pm,49.0
12-Feb-20 04:55:00 pm,48.2
12-Feb-20 05:30:00 pm,47.2
12-Feb-20 06:05:00 pm,49.7
12-Feb-20 06:40:00 pm,48.6
12-Feb-20 07:15:00 pm,47.9
12-Feb-20 07:50:00 pm,47.5
12-Feb-20 08:25:00 pm,47.2
12-Feb-20 09:00:00 pm,46.7
12-Feb-20 09:35:00 pm,46.6
12-Feb-20 10:10:00 pm,65.6
12-Feb-20 10:45:00 pm,47.5
12-Feb-20 11:20:00 pm,44.3
12-Feb-20 11:55:00 pm,44.9
13-Feb-20 12:30:00 am,45.1
13-Feb-20 01:05:00 am,45.3
13-Feb-20 01:40:00 am,45.0
13-Feb-20 02:15:00 am,44.9
13-Feb-20 02:50:00 am,44.6
13-Feb-20 03:25:00 am,44.7
13-Feb-20 04:00:00 am,42.8
13-Feb-20 04:35:00 am,42.8
13-Feb-20 05:10:00 am,43.0
13-Feb-20 05:45:00 am,41.9
13-Feb-20 06:20:00 am,42.5
13-Feb-20 06:55:00 am,42.7
13-Feb-20 07:30:00 am,43.2
13-Feb-20 08:05:00 am,43.3
13-Feb-20 08:40:00 am,43.9
13-Feb-20 09:15:00 am,43.2
13-Feb-20 09:50:00 am,44.1
13-Feb-20 10:25:00 am,44.5
13-Feb-20 11:00:00 am,45.4
13-Feb-20 11:35:00 am,46.8
13-Feb-20 12:10:00 pm,47.9
13-Feb-20 12:45:00 pm,48.0
13-Feb-20 01:20:00 pm,47.7
13-Feb-20 01:55:00 pm,48.7
13-Feb-20 02:30:00 pm,49.0
13-Feb-20 03:05:00 pm,48.7
13-Feb-20 03:40:00 pm,49.1
13-Feb-20 04:15:00 pm,42.8
13-Feb-20 04:50:00 pm,42.4
13-Feb-20 05:25:00 pm,42.7
13-Feb-20 06:00:00 pm,44.2
13-Feb-20 06:35:00 pm,44.3
13-Feb-20 07:10:00 pm,44.0
13-Feb-20 07:45:00 pm,44.2
13-Feb-20 08:20:00 pm,44.1
13-Feb-20 08:55:00 pm,44.0
13-Feb-20 09:30:00 pm,44.4
13-Feb-20 10:05:00 pm,45.3
13-Feb-20 10:40:00 pm,45.7
13-Feb-20 11:15:00 pm,46.0
13-Feb-20 11:50:00 pm,46.3
14-Feb-20 12:25:00 am,46.2
14-Feb-20 01:00:00 am,46.1
14-Feb-20 01:35:00 am,45.8
14-Feb-20 02:10:00 am,45.9
14-Feb-20 02:45:00 am,45.6
14-Feb-20 03:20:00 am,45.4
14-Feb-20 03:55:00 am,45.3
14-Feb-20 04:30:00 am,46.0
14-Feb-20 05:05:00 am,46.2
14-Feb-20 05:40:00 am,46.6
14-Feb-20 06:15:00 am,44.3
14-Feb-20 06:50:00 am,45.3
14-Feb-20 07:25:00 am,44.7
14-Feb-20 08:00:00 am,45.0
14-Feb-20 08:35:00 am,44.6
14-Feb-20 09:10:00 am,45.1
14-Feb-20 09:45:00 am,45.4
14-Feb-20 10:20:00 am,46.2
14-Feb-20 10:55:00 am,46.8
14-Feb-20 11:30:00 am,49.6
14-Feb-20 12:05:00 pm,50.0
14-Feb-20 12:40:00 pm,50.7
14-Feb-20 01:15:00 pm,53.2
14-Feb-20 01:50:00 pm,54.3
14-Feb-20 02:25:00 pm,51.6
14-Feb-20 03:00:00 pm,51.1
14-Feb-20 03:35:00 pm,51.3
14-Feb-20 04:10:00 pm,50.6
14-Feb-20 04:45:00 pm,49.9
14-Feb-20 05:20:00 pm,48.4
14-Feb-20 05:55:00 pm,49.4
14-Feb-20 06:30:00 pm,49.9
14-Feb-20 07:05:00 pm,49.1
14-Feb-20 07:40:00 pm,49.0
14-Feb-20 08:15:00 pm,48.5
14-Feb-20 08:50:00 pm,46.1
14-Feb-20 09:25:00 pm,45.0
14-Feb-20 10:00:00 pm,45.0
14-Feb-20 10:35:00 pm,44.4
14-Feb-20 11:10:00 pm,44.1
14-Feb-20 11:45:00 pm,43.7
15-Feb-20 12:20:00 am,43.7
15-Feb-20 12:55:00 am,44.0
15-Feb-20 01:30:00 am,44.1
15-Feb-20 02:05:00 am,44.5
15-Feb-20 02:40:00 am,44.1
15-Feb-20 03:15:00 am,44.2
15-Feb-20 03:50:00 am,44.8
15-Feb-20 04:25:00 am,44.6
15-Feb-20 05:00:00 am,45.4
15-Feb-20 05:35:00 am,45.3
15-Feb-20 06:10:00 am,45.1
15-Feb-20 06:45:00 am,45.3
15-Feb-20 07:20:00 am,45.9
15-Feb-20 07:55:00 am,46.7
15-Feb-20 08:30:00 am,47.1
15-Feb-20 09:05:00 am,47.4
15-Feb-20 09:40:00 am,47.8
15-Feb-20 10:15:00 am,48.8
15-Feb-20 10:50:00 am,49.4
15-Feb-20 11:25:00 am,50.3
15-Feb-20 12:00:00 pm,50.3
15-Feb-20 12:35:00 pm,50.5
15-Feb-20 01:10:00 pm,50.8
15-Feb-20 01:45:00 pm,48.7
15-Feb-20 02:20:00 pm,48.0
15-Feb-20 02:55:00 pm,47.9
15-Feb-20 03:30:00 pm,48.0
15-Feb-20 04:05:00 pm,48.1
15-Feb-20 04:40:00 pm,47.8
15-Feb-20 05:15:00 pm,47.5
15-Feb-20 05:50:00 pm,47.2
15-Feb-20 06:25:00 pm,46.9
15-Feb-20 07:00:00 pm,46.2
15-Feb-20 07:35:00 pm,46.1
15-Feb-20 08:10:00 pm,46.2
15-Feb-20 08:45:00 pm,45.5
15-Feb-20 09:20:00 pm,44.6
15-Feb-20 09:55:00 pm,43.7
15-Feb-20 10:30:00 pm,43.5
15-Feb-20 11:05:00 pm,43.2
15-Feb-20 11:40:00 pm,43.0
16-Feb-20 12:15:00 am,42.5
16-Feb-20 12:50:00 am,41.7
16-Feb-20 01:25:00 am,41.6
16-Feb-20 02:00:00 am,41.3
16-Feb-20 02:35:00 am,41.2
16-Feb-20 03:10:00 am,41.4
16-Feb-20 03:45:00 am,41.2
16-Feb-20 04:20:00 am,40.9
16-Feb-20 04:55:00 am,41.1
16-Feb-20 05:30:00 am,40.4
16-Feb-20 06:05:00 am,39.8
16-Feb-20 06:40:00 am,40.7
16-Feb-20 07:15:00 am,41.4
16-Feb-20 07:50:00 am,42.0
16-Feb-20 08:25:00 am,42.3
16-Feb-20 09:00:00 am,43.0
16-Feb-20 09:35:00 am,44.4
16-Feb-20 10:10:00 am,45.6
16-Feb-20 10:45:00 am,47.1
16-Feb-20 11:20:00 am,51.0
16-Feb-20 11:55:00 am,53.0
16-Feb-20 12:30:00 pm,50.3
16-Feb-20 01:05:00 pm,50.1
16-Feb-20 01:40:00 pm,51.0
16-Feb-20 02:15:00 pm,50.2
16-Feb-20 02:50:00 pm,49.2
16-Feb-20 03:25:00 pm,49.1
16-Feb-20 04:00:00 pm,47.3
16-Feb-20 04:35:00 pm,44.9
16-Feb-20 05:10:00 pm,44.6
16-Feb-20 05:45:00 pm,43.7
16-Feb-20 06:20:00 pm,43.3
16-Feb-20 06:55:00 pm,52.9
16-Feb-20 07:30:00 pm,48.2
16-Feb-20 08:05:00 pm,42.9
16-Feb-20 08:40:00 pm,42.5
16-Feb-20 09:15:00 pm,42.5
16-Feb-20 09:50:00 pm,41.2
16-Feb-20 10:25:00 pm,40.2
16-Feb-20 11:00:00 pm,40.7
16-Feb-20 11:35:00 pm,40.4
17-Feb-20 12:10:00 am,40.3
17-Feb-20 12:45:00 am,40.7
17-Feb-20 01:20:00 am,41.2
17-Feb-20 01:55:00 am,41.1
17-Feb-20 02:30:00 am,40.3
17-Feb-20 03:05:00 am,39.9
17-Feb-20 03:40:00 am,40.1
17-Feb-20 04:15:00 am,40.2
17-Feb-20 04:50:00 am,39.8
17-Feb-20 05:25:00 am,39.3
17-Feb-20 06:00:00 am,38.6
17-Feb-20 06:35:00 am,37.8
17-Feb-20 07:10:00 am,38.0
17-Feb-20 07:45:00 am,38.6
17-Feb-20 08:20:00 am,39.4
17-Feb-20 08:55:00 am,42.4
17-Feb-20 09:30:00 am,45.4
17-Feb-20 10:05:00 am,46.4
17-Feb-20 10:40:00 am,47.3
17-Feb-20 11:15:00 am,45.5
17-Feb-20 11:50:00 am,43.9
17-Feb-20 12:25:00 pm,46.2
17-Feb-20 01:00:00 pm,47.6
17-Feb-20 01:35:00 pm,46.8
17-Feb-20 02:10:00 pm,49.4
17-Feb-20 02:45:00 pm,48.9
17-Feb-20 03:20:00 pm,48.2
17-Feb-20 03:55:00 pm,48.8
17-Feb-20 04:30:00 pm,46.9
17-Feb-20 05:05:00 pm,44.2
17-Feb-20 05:40:00 pm,42.3
17-Feb-20 06:15:00 pm,43.4
17-Feb-20 06:50:00 pm,42.5
17-Feb-20 07:25:00 pm,41.4
17-Feb-20 08:00:00 pm,41.3
17-Feb-20 08:35:00 pm,40.4
17-Feb-20 09:10:00 pm,40.7
17-Feb-20 09:45:00 pm,41.1
17-Feb-20 10:20:00 pm,40.8
17-Feb-20 10:55:00 pm,40.1
17-Feb-20 11:30:00 pm,39.5
18-Feb-20 12:05:00 am,38.5
18-Feb-20 12:40:00 am,37.5
18-Feb-20 01:15:00 am,37.3
18-Feb-20 01:50:00 am,36.7
18-Feb-20 02:25:00 am,35.8
18-Feb-20 03:00:00 am,35.0
18-Feb-20 03:35:00 am,34.5
18-Feb-20 04:10:00 am,34.5
18-Feb-20 04:45:00 am,34.2
18-Feb-20 05:20:00 am,34.2
18-Feb-20 05:55:00 am,33.5
18-Feb-20 06:30:00 am,31.7
18-Feb-20 07:05:00 am,31.7
18-Feb-20 07:40:00 am,31.9
18-Feb-20 08:15:00 am,32.7
18-Feb-20 08:50:00 am,36.4
18-Feb-20 09:25:00 am,38.8
18-Feb-20 10:00:00 am,41.0
18-Feb-20 10:35:00 am,43.2
18-Feb-20 11:10:00 am,44.9
18-Feb-20 11:45:00 am,47.2
18-Feb-20 12:20:00 pm,48.4
18-Feb-20 12:55:00 pm,49.3
18-Feb-20 01:30:00 pm,51.1
18-Feb-20 02:05:00 pm,50.6
18-Feb-20 02:40:00 pm,49.7
18-Feb-20 03:15:00 pm,49.7
18-Feb-20 03:50:00 pm,50.2
18-Feb-20 04:25:00 pm,49.0
18-Feb-20 05:00:00 pm,47.1
18-Feb-20 05:35:00 pm,44.7
18-Feb-20 06:10:00 pm,45.3
18-Feb-20 06:45:00 pm,42.8
18-Feb-20 07:20:00 pm,41.3
18-Feb-20 07:55:00 pm,40.1
18-Feb-20 08:30:00 pm,56.7
18-Feb-20 09:05:00 pm,39.2
18-Feb-20 09:40:00 pm,38.2
18-Feb-20 10:15:00 pm,37.4
18-Feb-20 10:50:00 pm,36.7
18-Feb-20 11:25:00 pm,36.4
19-Feb-20 12:00:00 am,36.8
19-Feb-20 12:35:00 am,35.6
19-Feb-20 01:10:00 am,34.9
19-Feb-20 01:45:00 am,34.4
19-Feb-20 02:20:00 am,33.9
19-Feb-20 02:55:00 am,33.7
19-Feb-20 03:30:00 am,33.6
19-Feb-20 04:05:00 am,33.5
19-Feb-20 04:40:00 am,33.3
19-Feb-20 05:15:00 am,33.5
19-Feb-20 05:50:00 am,33.3
19-Feb-20 06:25:00 am,33.4
19-Feb-20 07:00:00 am,34.0
19-Feb-20 07:35:00 am,33.3
19-Feb-20 08:10:00 am,35.0
19-Feb-20 08:45:00 am,39.8
19-Feb-20 09:20:00 am,44.4
19-Feb-20 09:55:00 am,48.0
19-Feb-20 10:30:00 am,50.2
19-Feb-20 11:05:00 am,51.9
19-Feb-20 11:40:00 am,54.0
19-Feb-20 12:15:00 pm,55.8
19-Feb-20 12:50:00 pm,57.6
19-Feb-20 01:25:00 pm,59.1
19-Feb-20 02:00:00 pm,59.0
19-Feb-20 02:35:00 pm,58.1
19-Feb-20 03:10:00 pm,58.4
19-Feb-20 03:45:00 pm,57.3
19-Feb-20 04:20:00 pm,55.5
19-Feb-20 04:55:00 pm,54.0
19-Feb-20 05:30:00 pm,50.1
19-Feb-20 06:05:00 pm,48.7
19-Feb-20 06:40:00 pm,47.6
19-Feb-20 07:15:00 pm,47.2
19-Feb-20 07:50:00 pm,46.5
19-Feb-20 08:25:00 pm,47.2
19-Feb-20 09:00:00 pm,46.8
19-Feb-20 09:35:00 pm,45.9
19-Feb-20 10:10:00 pm,63.0
19-Feb-20 10:45:00 pm,46.8
19-Feb-20 11:20:00 pm,43.0
19-Feb-20 11:55:00 pm,41.7
20-Feb-20 12:30:00 am,40.9
20-Feb-20 01:05:00 am,39.8
20-Feb-20 01:40:00 am,38.7
20-Feb-20 02:15:00 am,38.3
20-Feb-20 02:50:00 am,37.6
20-Feb-20 03:25:00 am,37.4
20-Feb-20 04:00:00 am,36.9
20-Feb-20 04:35:00 am,37.3
20-Feb-20 05:10:00 am,37.0
20-Feb-20 05:45:00 am,36.4
20-Feb-20 06:20:00 am,35.1
20-Feb-20 06:55:00 am,34.9
20-Feb-20 07:30:00 am,35.0
20-Feb-20 08:05:00 am,35.7
20-Feb-20 08:40:00 am,39.4
20-Feb-20 09:15:00 am,43.1
20-Feb-20 09:50:00 am,46.0
20-Feb-20 10:25:00 am,48.2
20-Feb-20 11:00:00 am,50.9
20-Feb-20 11:35:00 am,53.9
20-Feb-20 12:10:00 pm,53.9
20-Feb-20 12:45:00 pm,55.9
20-Feb-20 01:20:00 pm,56.8
20-Feb-20 01:55:00 pm,58.9
20-Feb-20 02:30:00 pm,59.4
20-Feb-20 03:05:00 pm,58.7
20-Feb-20 03:40:00 pm,59.4
20-Feb-20 04:15:00 pm,58.3
20-Feb-20 04:50:00 pm,57.0
20-Feb-20 05:25:00 pm,52.8
20-Feb-20 06:00:00 pm,50.1
20-Feb-20 06:35:00 pm,48.6
20-Feb-20 07:10:00 pm,47.6
20-Feb-20 07:45:00 pm,46.3
20-Feb-20 08:20:00 pm,45.5
20-Feb-20 08:55:00 pm,65.7
20-Feb-20 09:30:00 pm,45.4
20-Feb-20 10:05:00 pm,41.9
20-Feb-20 10:40:00 pm,41.1
20-Feb-20 11:15:00 pm,41.1
20-Feb-20 11:50:00 pm,40.1
21-Feb-20 12:25:00 am,39.7
21-Feb-20 01:00:00 am,38.8
21-Feb-20 01:35:00 am,38.0
21-Feb-20 02:10:00 am,37.7
21-Feb-20 02:45:00 am,37.2
21-Feb-20 03:20:00 am,36.7
21-Feb-20 03:55:00 am,36.4
21-Feb-20 04:30:00 am,36.4
21-Feb-20 05:05:00 am,36.0
21-Feb-20 05:40:00 am,35.8
21-Feb-20 06:15:00 am,34.8
21-Feb-20 06:50:00 am,34.3
21-Feb-20 07:25:00 am,35.4
21-Feb-20 08:00:00 am,37.1
21-Feb-20 08:35:00 am,39.1
21-Feb-20 09:10:00 am,44.0
21-Feb-20 09:45:00 am,45.0
21-Feb-20 10:20:00 am,47.2
21-Feb-20 10:55:00 am,51.3
21-Feb-20 11:30:00 am,51.6
21-Feb-20 12:05:00 pm,53.2
21-Feb-20 12:40:00 pm,56.9
21-Feb-20 01:15:00 pm,57.3
21-Feb-20 01:50:00 pm,58.4
21-Feb-20 02:25:00 pm,58.5
21-Feb-20 03:00:00 pm,58.4
21-Feb-20 03:35:00 pm,57.7
21-Feb-20 04:10:00 pm,56.0
21-Feb-20 04:45:00 pm,54.0
21-Feb-20 05:20:00 pm,51.8
21-Feb-20 05:55:00 pm,51.9
21-Feb-20 06:30:00 pm,50.3
21-Feb-20 07:05:00 pm,49.4
21-Feb-20 07:40:00 pm,49.3
21-Feb-20 08:15:00 pm,47.6
21-Feb-20 08:50:00 pm,46.1
21-Feb-20 09:25:00 pm,45.5
21-Feb-20 10:00:00 pm,45.1
21-Feb-20 10:35:00 pm,44.7
21-Feb-20 11:10:00 pm,44.6
21-Feb-20 11:45:00 pm,44.9
22-Feb-20 12:20:00 am,45.3
22-Feb-20 12:55:00 am,45.0
22-Feb-20 01:30:00 am,45.2
22-Feb-20 02:05:00 am,45.0
22-Feb-20 02:40:00 am,44.8
22-Feb-20 03:15:00 am,44.5
22-Feb-20 03:50:00 am,44.6
22-Feb-20 04:25:00 am,44.4
22-Feb-20 05:00:00 am,44.9
22-Feb-20 05:35:00 am,44.6
22-Feb-20 06:10:00 am,45.1
22-Feb-20 06:45:00 am,45.2
22-Feb-20 07:20:00 am,45.5
22-Feb-20 07:55:00 am,45.8
22-Feb-20 08:30:00 am,46.4
22-Feb-20 09:05:00 am,46.7
22-Feb-20 09:40:00 am,46.9
22-Feb-20 10:15:00 am,47.4
22-Feb-20 10:50:00 am,47.8
22-Feb-20 11:25:00 am,48.7
22-Feb-20 12:00:00 pm,51.3
22-Feb-20 12:35:00 pm,51.0
22-Feb-20 01:10:00 pm,52.9
22-Feb-20 01:45:00 pm,51.9
22-Feb-20 02:20:00 pm,51.8
22-Feb-20 02:55:00 pm,52.2
22-Feb-20 03:30:00 pm,50.9
22-Feb-20 04:05:00 pm,50.5
22-Feb-20 04:40:00 pm,50.1
22-Feb-20 05:15:00 pm,49.0
22-Feb-20 05:50:00 pm,47.2
22-Feb-20 06:25:00 pm,46.5
22-Feb-20 07:00:00 pm,46.1
22-Feb-20 07:35:00 pm,45.8
22-Feb-20 08:10:00 pm,45.7
22-Feb-20 08:45:00 pm,45.4
22-Feb-20 09:20:00 pm,45.4
22-Feb-20 09:55:00 pm,45.4
22-Feb-20 10:30:00 pm,45.6
22-Feb-20 11:05:00 pm,45.3
22-Feb-20 11:40:00 pm,44.9
23-Feb-20 12:15:00 am,44.3
23-Feb-20 12:50:00 am,43.7
23-Feb-20 01:25:00 am,42.8
23-Feb-20 02:00:00 am,42.7
23-Feb-20 02:35:00 am,43.5
23-Feb-20 03:10:00 am,44.1
23-Feb-20 03:45:00 am,44.5
23-Feb-20 04:20:00 am,44.9
23-Feb-20 04:55:00 am,45.7
23-Feb-20 05:30:00 am,46.8
23-Feb-20 06:05:00 am,47.6
23-Feb-20 06:40:00 am,48.1
23-Feb-20 07:15:00 am,46.7
23-Feb-20 07:50:00 am,45.6
23-Feb-20 08:25:00 am,45.2
23-Feb-20 09:00:00 am,45.4
23-Feb-20 09:35:00 am,47.2
23-Feb-20 10:10:00 am,48.1
23-Feb-20 10:45:00 am,48.6
23-Feb-20 11:20:00 am,49.0
23-Feb-20 11:55:00 am,48.7
23-Feb-20 12:30:00 pm,52.2
23-Feb-20 01:05:00 pm,51.5
23-Feb-20 01:40:00 pm,52.2
23-Feb-20 02:15:00 pm,52.8
23-Feb-20 02:50:00 pm,53.2
23-Feb-20 03:25:00 pm,50.8
23-Feb-20 04:00:00 pm,51.2
23-Feb-20 04:35:00 pm,49.1
23-Feb-20 05:10:00 pm,47.7
23-Feb-20 05:45:00 pm,46.3
23-Feb-20 06:20:00 pm,45.6
23-Feb-20 06:55:00 pm,61.2
23-Feb-20 07:30:00 pm,47.2
23-Feb-20 08:05:00 pm,46.2
23-Feb-20 08:40:00 pm,46.2
23-Feb-20 09:15:00 pm,46.2
23-Feb-20 09:50:00 pm,46.0
23-Feb-20 10:25:00 pm,46.0
23-Feb-20 11:00:00 pm,45.9
23-Feb-20 11:35:00 pm,45.7
24-Feb-20 12:10:00 am,45.6
24-Feb-20 12:45:00 am,45.7
24-Feb-20 01:20:00 am,45.6
24-Feb-20 01:55:00 am,45.2
24-Feb-20 02:30:00 am,44.1
24-Feb-20 03:05:00 am,43.3
24-Feb-20 03:40:00 am,43.3
24-Feb-20 04:15:00 am,43.6
24-Feb-20 04:50:00 am,43.9
24-Feb-20 05:25:00 am,44.0
24-Feb-20 06:00:00 am,43.2
24-Feb-20 06:35:00 am,42.7
24-Feb-20 07:10:00 am,42.6
24-Feb-20 07:45:00 am,43.4
24-Feb-20 08:20:00 am,44.7
24-Feb-20 08:55:00 am,45.7
24-Feb-20 09:30:00 am,46.6
24-Feb-20 10:05:00 am,47.5
24-Feb-20 10:40:00 am,47.4
24-Feb-20 11:15:00 am,50.3
24-Feb-20 11:50:00 am,51.2
24-Feb-20 12:25:00 pm,49.2
24-Feb-20 01:00:00 pm,52.6
24-Feb-20 01:35:00 pm,50.0
24-Feb-20 02:10:00 pm,49.7
24-Feb-20 02:45:00 pm,50.4
24-Feb-20 03:20:00 pm,50.8
24-Feb-20 03:55:00 pm,50.2
24-Feb-20 04:30:00 pm,48.1
24-Feb-20 05:05:00 pm,46.5
24-Feb-20 05:40:00 pm,45.3
24-Feb-20 06:15:00 pm,46.1
24-Feb-20 06:50:00 pm,44.9
24-Feb-20 07:25:00 pm,44.8
24-Feb-20 08:00:00 pm,44.6
24-Feb-20 08:35:00 pm,64.1
24-Feb-20 09:10:00 pm,45.7
24-Feb-20 09:45:00 pm,44.0
24-Feb-20 10:20:00 pm,43.0
24-Feb-20 10:55:00 pm,43.0
24-Feb-20 11:30:00 pm,42.9
25-Feb-20 12:05:00 am,42.8
25-Feb-20 12:40:00 am,42.2
25-Feb-20 01:15:00 am,41.0
25-Feb-20 01:50:00 am,39.7
25-Feb-20 02:25:00 am,39.1
25-Feb-20 03:00:00 am,38.6
25-Feb-20 03:35:00 am,38.3
25-Feb-20 04:10:00 am,38.5
25-Feb-20 04:45:00 am,38.6
25-Feb-20 05:20:00 am,38.4
25-Feb-20 05:55:00 am,37.7
25-Feb-20 06:30:00 am,36.9
25-Feb-20 07:05:00 am,36.8
25-Feb-20 07:40:00 am,37.6
25-Feb-20 08:15:00 am,39.9
25-Feb-20 08:50:00 am,41.6
25-Feb-20 09:25:00 am,43.2
25-Feb-20 10:00:00 am,45.9
25-Feb-20 10:35:00 am,46.9
25-Feb-20 11:10:00 am,46.6
25-Feb-20 11:45:00 am,47.1
25-Feb-20 12:20:00 pm,48.4
25-Feb-20 12:55:00 pm,49.3
25-Feb-20 01:30:00 pm,51.8
25-Feb-20 02:05:00 pm,54.3
25-Feb-20 02:40:00 pm,52.1
25-Feb-20 03:15:00 pm,50.4
25-Feb-20 03:50:00 pm,50.5
25-Feb-20 04:25:00 pm,50.7
25-Feb-20 05:00:00 pm,49.9
25-Feb-20 05:35:00 pm,48.6
25-Feb-20 06:10:00 pm,50.7
25-Feb-20 06:45:00 pm,50.1
25-Feb-20 07:20:00 pm,48.1
25-Feb-20 07:55:00 pm,47.6
25-Feb-20 08:30:00 pm,47.5
25-Feb-20 09:05:00 pm,66.2
25-Feb-20 09:40:00 pm,49.6
25-Feb-20 10:15:00 pm,47.4
25-Feb-20 10:50:00 pm,47.5
25-Feb-20 11:25:00 pm,47.5
26-Feb-20 12:00:00 am,47.6
26-Feb-20 12:35:00 am,47.5
26-Feb-20 01:10:00 am,47.4
26-Feb-20 01:45:00 am,47.3
26-Feb-20 02:20:00 am,47.4
26-Feb-20 02:55:00 am,47.1
26-Feb-20 03:30:00 am,46.4
26-Feb-20 04:05:00 am,46.1
26-Feb-20 04:40:00 am,46.4
26-Feb-20 05:15:00 am,46.6
26-Feb-20 05:50:00 am,46.0
26-Feb-20 06:25:00 am,45.1
26-Feb-20 07:00:00 am,45.1
26-Feb-20 07:35:00 am,45.9
26-Feb-20 08:10:00 am,46.0
26-Feb-20 08:45:00 am,46.8
26-Feb-20 09:20:00 am,47.7
26-Feb-20 09:55:00 am,49.7
26-Feb-20 10:30:00 am,49.2
26-Feb-20 11:05:00 am,49.2
26-Feb-20 11:40:00 am,51.3
26-Feb-20 12:15:00 pm,51.1
26-Feb-20 12:50:00 pm,51.2
26-Feb-20 01:25:00 pm,54.4
26-Feb-20 02:00:00 pm,56.8
26-Feb-20 02:35:00 pm,55.7
26-Feb-20 03:10:00 pm,53.9
26-Feb-20 03:45:00 pm,52.5
26-Feb-20 04:20:00 pm,52.9
26-Feb-20 04:55:00 pm,52.1
26-Feb-20 05:30:00 pm,49.4
26-Feb-20 06:05:00 pm,49.8
26-Feb-20 06:40:00 pm,48.7
26-Feb-20 07:15:00 pm,48.1
26-Feb-20 07:50:00 pm,47.6
26-Feb-20 08:25:00 pm,46.5
26-Feb-20 09:00:00 pm,50.8
26-Feb-20 09:35:00 pm,59.1
26-Feb-20 10:10:00 pm,46.4
26-Feb-20 10:45:00 pm,45.2
26-Feb-20 11:20:00 pm,44.5
26-Feb-20 11:55:00 pm,44.0
27-Feb-20 12:30:00 am,43.9
27-Feb-20 01:05:00 am,43.7
27-Feb-20 01:40:00 am,43.9
27-Feb-20 02:15:00 am,43.7
27-Feb-20 02:50:00 am,43.9
27-Feb-20 03:25:00 am,44.0
27-Feb-20 04:00:00 am,44.0
27-Feb-20 04:35:00 am,44.3
27-Feb-20 05:10:00 am,44.5
27-Feb-20 05:45:00 am,44.0
27-Feb-20 06:20:00 am,42.7
27-Feb-20 06:55:00 am,41.8
27-Feb-20 07:30:00 am,43.3
27-Feb-20 08:05:00 am,44.9
27-Feb-20 08:40:00 am,45.4
27-Feb-20 09:15:00 am,48.3
27-Feb-20 09:50:00 am,51.5
27-Feb-20 10:25:00 am,52.1
27-Feb-20 11:00:00 am,53.0
27-Feb-20 11:35:00 am,56.2
27-Feb-20 12:10:00 pm,56.9
27-Feb-20 12:45:00 pm,56.9
27-Feb-20 01:20:00 pm,58.8
27-Feb-20 01:55:00 pm,58.9
27-Feb-20 02:30:00 pm,59.3
27-Feb-20 03:05:00 pm,57.3
27-Feb-20 03:40:00 pm,58.2
27-Feb-20 04:15:00 pm,57.7
27-Feb-20 04:50:00 pm,56.7
27-Feb-20 05:25:00 pm,54.4
27-Feb-20 06:00:00 pm,52.0
27-Feb-20 06:35:00 pm,50.7
27-Feb-20 07:10:00 pm,49.1
27-Feb-20 07:45:00 pm,47.8
27-Feb-20 08:20:00 pm,56.4
27-Feb-20 08:55:00 pm,58.2
27-Feb-20 09:30:00 pm,46.7
27-Feb-20 10:05:00 pm,45.3
27-Feb-20 10:40:00 pm,44.7
27-Feb-20 11:15:00 pm,43.9
27-Feb-20 11:50:00 pm,43.1
28-Feb-20 12:25:00 am,42.6
28-Feb-20 01:00:00 am,42.0
28-Feb-20 01:35:00 am,41.4
28-Feb-20 02:10:00 am,40.7
28-Feb-20 02:45:00 am,40.4
28-Feb-20 03:20:00 am,39.9
28-Feb-20 03:55:00 am,39.4
28-Feb-20 04:30:00 am,39.5
28-Feb-20 05:05:00 am,39.7
28-Feb-20 05:40:00 am,41.0
28-Feb-20 06:15:00 am,39.5
28-Feb-20 06:50:00 am,39.4
28-Feb-20 07:25:00 am,39.5
28-Feb-20 08:00:00 am,40.3
28-Feb-20 08:35:00 am,41.7
28-Feb-20 09:10:00 am,43.7
28-Feb-20 09:45:00 am,45.9
28-Feb-20 10:20:00 am,46.8
28-Feb-20 10:55:00 am,44.8
28-Feb-20 11:30:00 am,47.1
28-Feb-20 12:05:00 pm,48.8
28-Feb-20 12:40:00 pm,50.3
28-Feb-20 01:15:00 pm,53.5
28-Feb-20 01:50:00 pm,55.7
28-Feb-20 02:25:00 pm,53.9
28-Feb-20 03:00:00 pm,54.2
28-Feb-20 03:35:00 pm,52.5
28-Feb-20 04:10:00 pm,51.6
28-Feb-20 04:45:00 pm,49.9
28-Feb-20 05:20:00 pm,50.0
28-Feb-20 05:55:00 pm,48.4
28-Feb-20 06:30:00 pm,47.3
28-Feb-20 07:05:00 pm,46.5
28-Feb-20 07:40:00 pm,46.5
28-Feb-20 08:15:00 pm,46.6
28-Feb-20 08:50:00 pm,46.1
28-Feb-20 09:25:00 pm,46.5
28-Feb-20 10:00:00 pm,46.8
28-Feb-20 10:35:00 pm,46.6
28-Feb-20 11:10:00 pm,46.5
28-Feb-20 11:45:00 pm,46.1
29-Feb-20 12:20:00 am,46.0
29-Feb-20 12:55:00 am,45.9
29-Feb-20 01:30:00 am,45.9
29-Feb-20 02:05:00 am,45.9
29-Feb-20 02:40:00 am,46.0
29-Feb-20 03:15:00 am,46.6
29-Feb-20 03:50:00 am,46.4
29-Feb-20 04:25:00 am,46.6
29-Feb-20 05:00:00 am,46.2
29-Feb-20 05:35:00 am,45.9
29-Feb-20 06:10:00 am,45.1
29-Feb-20 06:45:00 am,43.0
29-Feb-20 07:20:00 am,43.7
29-Feb-20 07:55:00 am,44.7
29-Feb-20 08:30:00 am,45.5
29-Feb-20 09:05:00 am,46.6
29-Feb-20 09:40:00 am,48.3
29-Feb-20 10:15:00 am,48.9
29-Feb-20 10:50:00 am,49.3
29-Feb-20 11:25:00 am,50.0
29-Feb-20 12:00:00 pm,52.7
29-Feb-20 12:35:00 pm,52.0
29-Feb-20 01:10:00 pm,52.6
29-Feb-20 01:45:00 pm,57.4
29-Feb-20 02:20:00 pm,58.5
29-Feb-20 02:55:00 pm,56.1
29-Feb-20 03:30:00 pm,53.2
29-Feb-20 04:05:00 pm,51.8
29-Feb-20 04:40:00 pm,49.5
29-Feb-20 05:15:00 pm,46.5
29-Feb-20 05:50:00 pm,45.2
29-Feb-20 06:25:00 pm,43.7
29-Feb-20 07:00:00 pm,43.0
29-Feb-20 07:35:00 pm,41.8
29-Feb-20 08:10:00 pm,40.7
29-Feb-20 08:45:00 pm,39.1
29-Feb-20 09:20:00 pm,38.1
29-Feb-20 09:55:00 pm,37.6
29-Feb-20 10:30:00 pm,37.0
29-Feb-20 11:05:00 pm,37.0
29-Feb-20 11:40:00 pm,37.7
01-Mar-20 12:15:00 am,38.2
01-Mar-20 12:50:00 am,38.6
01-Mar-20 01:25:00 am,38.1
01-Mar-20 02:00:00 am,37.7
01-Mar-20 02:35:00 am,38.1
01-Mar-20 03:10:00 am,37.7
01-Mar-20 03:45:00 am,37.9
01-Mar-20 04:20:00 am,38.5
01-Mar-20 04:55:00 am,38.8
01-Mar-20 05:30:00 am,38.5
01-Mar-20 06:05:00 am,38.1
01-Mar-20 06:40:00 am,37.0
01-Mar-20 07:15:00 am,36.5
01-Mar-20 07:50:00 am,37.4
01-Mar-20 08:25:00 am,39.8
01-Mar-20 09:00:00 am,41.9
01-Mar-20 09:35:00 am,46.3
01-Mar-20 10:10:00 am,48.4
01-Mar-20 10:45:00 am,50.9
01-Mar-20 11:20:00 am,50.9