Timestamp,RTU_1 EconCapacity(%)
01-Jan-20 12:00:00 am,0
01-Jan-20 12:35:00 am,0
01-Jan-20 01:10:00 am,0
01-Jan-20 01:45:00 am,0
01-Jan-20 02:20:00 am,0
01-Jan-20 02:55:00 am,0
01-Jan-20 03:30:00 am,0
01-Jan-20 04:05:00 am,0
01-Jan-20 04:40:00 am,0
01-Jan-20 05:15:00 am,0
01-Jan-20 05:50:00 am,26
01-Jan-20 06:25:00 am,71
01-Jan-20 07:00:00 am,71
01-Jan-20 07:35:00 am,71
01-Jan-20 08:10:00 am,71
01-Jan-20 08:45:00 am,64
01-Jan-20 09:20:00 am,61
01-Jan-20 09:55:00 am,61
01-Jan-20 10:30:00 am,66
01-Jan-20 11:05:00 am,70
01-Jan-20 11:40:00 am,82
01-Jan-20 12:15:00 pm,94
01-Jan-20 12:50:00 pm,96
01-Jan-20 01:25:00 pm,99
01-Jan-20 02:00:00 pm,93
01-Jan-20 02:35:00 pm,71
01-Jan-20 03:10:00 pm,68
01-Jan-20 03:45:00 pm,68
01-Jan-20 04:20:00 pm,68
01-Jan-20 04:55:00 pm,68
01-Jan-20 05:30:00 pm,68
01-Jan-20 06:05:00 pm,0
01-Jan-20 06:40:00 pm,0
01-Jan-20 07:15:00 pm,0
01-Jan-20 07:50:00 pm,0
01-Jan-20 08:25:00 pm,0
01-Jan-20 09:00:00 pm,0
01-Jan-20 09:35:00 pm,0
01-Jan-20 10:10:00 pm,0
01-Jan-20 10:45:00 pm,0
01-Jan-20 11:20:00 pm,0
01-Jan-20 11:55:00 pm,0
02-Jan-20 12:30:00 am,0
02-Jan-20 01:05:00 am,0
02-Jan-20 01:40:00 am,0
02-Jan-20 02:15:00 am,0
02-Jan-20 02:50:00 am,0
02-Jan-20 03:25:00 am,0
02-Jan-20 04:00:00 am,0
02-Jan-20 04:35:00 am,0
02-Jan-20 05:10:00 am,0
02-Jan-20 05:45:00 am,9
02-Jan-20 06:20:00 am,35
02-Jan-20 06:55:00 am,40
02-Jan-20 07:30:00 am,41
02-Jan-20 08:05:00 am,41
02-Jan-20 08:40:00 am,41
02-Jan-20 09:15:00 am,41
02-Jan-20 09:50:00 am,49
02-Jan-20 10:25:00 am,79
02-Jan-20 11:00:00 am,82
02-Jan-20 11:35:00 am,82
02-Jan-20 12:10:00 pm,76
02-Jan-20 12:45:00 pm,76
02-Jan-20 01:20:00 pm,76
02-Jan-20 01:55:00 pm,75
02-Jan-20 02:30:00 pm,75
02-Jan-20 03:05:00 pm,68
02-Jan-20 03:40:00 pm,46
02-Jan-20 04:15:00 pm,39
02-Jan-20 04:50:00 pm,39
02-Jan-20 05:25:00 pm,39
02-Jan-20 06:00:00 pm,13
02-Jan-20 06:35:00 pm,0
02-Jan-20 07:10:00 pm,0
02-Jan-20 07:45:00 pm,0
02-Jan-20 08:20:00 pm,0
02-Jan-20 08:55:00 pm,0
02-Jan-20 09:30:00 pm,21
02-Jan-20 10:05:00 pm,0
02-Jan-20 10:40:00 pm,0
02-Jan-20 11:15:00 pm,0
02-Jan-20 11:50:00 pm,0
03-Jan-20 12:25:00 am,0
03-Jan-20 01:00:00 am,0
03-Jan-20 01:35:00 am,0
03-Jan-20 02:10:00 am,0
03-Jan-20 02:45:00 am,0
03-Jan-20 03:20:00 am,0
03-Jan-20 03:55:00 am,0
03-Jan-20 04:30:00 am,0
03-Jan-20 05:05:00 am,0
03-Jan-20 05:40:00 am,0
03-Jan-20 06:15:00 am,55
03-Jan-20 06:50:00 am,64
03-Jan-20 07:25:00 am,64
03-Jan-20 08:00:00 am,75
03-Jan-20 08:35:00 am,88
03-Jan-20 09:10:00 am,89
03-Jan-20 09:45:00 am,89
03-Jan-20 10:20:00 am,98
03-Jan-20 10:55:00 am,100
03-Jan-20 11:30:00 am,100
03-Jan-20 12:05:00 pm,100
03-Jan-20 12:40:00 pm,100
03-Jan-20 01:15:00 pm,76
03-Jan-20 01:50:00 pm,71
03-Jan-20 02:25:00 pm,71
03-Jan-20 03:00:00 pm,71
03-Jan-20 03:35:00 pm,71
03-Jan-20 04:10:00 pm,75
03-Jan-20 04:45:00 pm,80
03-Jan-20 05:20:00 pm,83
03-Jan-20 05:55:00 pm,41
03-Jan-20 06:30:00 pm,0
03-Jan-20 07:05:00 pm,0
03-Jan-20 07:40:00 pm,0
03-Jan-20 08:15:00 pm,0
03-Jan-20 08:50:00 pm,0
03-Jan-20 09:25:00 pm,0
03-Jan-20 10:00:00 pm,0
03-Jan-20 10:35:00 pm,0
03-Jan-20 11:10:00 pm,0
03-Jan-20 11:45:00 pm,0
04-Jan-20 12:20:00 am,0
04-Jan-20 12:55:00 am,0
04-Jan-20 01:30:00 am,0
04-Jan-20 02:05:00 am,0
04-Jan-20 02:40:00 am,0
04-Jan-20 03:15:00 am,0
04-Jan-20 03:50:00 am,0
04-Jan-20 04:25:00 am,0
04-Jan-20 05:00:00 am,0
04-Jan-20 05:35:00 am,0
04-Jan-20 06:10:00 am,0
04-Jan-20 06:45:00 am,0
04-Jan-20 07:20:00 am,0
04-Jan-20 07:55:00 am,0
04-Jan-20 08:30:00 am,0
04-Jan-20 09:05:00 am,0
04-Jan-20 09:40:00 am,0
04-Jan-20 10:15:00 am,0
04-Jan-20 10:50:00 am,0
04-Jan-20 11:25:00 am,0
04-Jan-20 12:00:00 pm,0
04-Jan-20 12:35:00 pm,0
04-Jan-20 01:10:00 pm,0
04-Jan-20 01:45:00 pm,0
04-Jan-20 02:20:00 pm,0
04-Jan-20 02:55:00 pm,0
04-Jan-20 03:30:00 pm,0
04-Jan-20 04:05:00 pm,20
04-Jan-20 04:40:00 pm,0
04-Jan-20 05:15:00 pm,0
04-Jan-20 05:50:00 pm,0
04-Jan-20 06:25:00 pm,0
04-Jan-20 07:00:00 pm,0
04-Jan-20 07:35:00 pm,0
04-Jan-20 08:10:00 pm,0
04-Jan-20 08:45:00 pm,0
04-Jan-20 09:20:00 pm,0
04-Jan-20 09:55:00 pm,0
04-Jan-20 10:30:00 pm,0
04-Jan-20 11:05:00 pm,0
04-Jan-20 11:40:00 pm,0
05-Jan-20 12:15:00 am,0
05-Jan-20 12:50:00 am,0
05-Jan-20 01:25:00 am,0
05-Jan-20 02:00:00 am,0
05-Jan-20 02:35:00 am,0
05-Jan-20 03:10:00 am,0
05-Jan-20 03:45:00 am,0
05-Jan-20 04:20:00 am,0
05-Jan-20 04:55:00 am,0
05-Jan-20 05:30:00 am,0
05-Jan-20 06:05:00 am,0
05-Jan-20 06:40:00 am,0
05-Jan-20 07:15:00 am,0
05-Jan-20 07:50:00 am,0
05-Jan-20 08:25:00 am,0
05-Jan-20 09:00:00 am,0
05-Jan-20 09:35:00 am,0
05-Jan-20 10:10:00 am,0
05-Jan-20 10:45:00 am,0
05-Jan-20 11:20:00 am,0
05-Jan-20 11:55:00 am,0
05-Jan-20 12:30:00 pm,0
05-Jan-20 01:05:00 pm,0
05-Jan-20 01:40:00 pm,0
05-Jan-20 02:15:00 pm,0
05-Jan-20 02:50:00 pm,0
05-Jan-20 03:25:00 pm,0
05-Jan-20 04:00:00 pm,0
05-Jan-20 04:35:00 pm,0
05-Jan-20 05:10:00 pm,0
05-Jan-20 05:45:00 pm,0
05-Jan-20 06:20:00 pm,0
05-Jan-20 06:55:00 pm,0
05-Jan-20 07:30:00 pm,0
05-Jan-20 08:05:00 pm,0
05-Jan-20 08:40:00 pm,0
05-Jan-20 09:15:00 pm,0
05-Jan-20 09:50:00 pm,0
05-Jan-20 10:25:00 pm,0
05-Jan-20 11:00:00 pm,0
05-Jan-20 11:35:00 pm,0
06-Jan-20 12:10:00 am,0
06-Jan-20 12:45:00 am,0
06-Jan-20 01:20:00 am,0
06-Jan-20 01:55:00 am,0
06-Jan-20 02:30:00 am,0
06-Jan-20 03:05:00 am,0
06-Jan-20 03:40:00 am,0
06-Jan-20 04:15:00 am,0
06-Jan-20 04:50:00 am,0
06-Jan-20 05:25:00 am,0
06-Jan-20 06:00:00 am,18
06-Jan-20 06:35:00 am,45
06-Jan-20 07:10:00 am,49
06-Jan-20 07:45:00 am,50
06-Jan-20 08:20:00 am,54
06-Jan-20 08:55:00 am,55
06-Jan-20 09:30:00 am,62
06-Jan-20 10:05:00 am,83
06-Jan-20 10:40:00 am,87
06-Jan-20 11:15:00 am,87
06-Jan-20 11:50:00 am,86
06-Jan-20 12:25:00 pm,58
06-Jan-20 01:00:00 pm,87
06-Jan-20 01:35:00 pm,82
06-Jan-20 02:10:00 pm,72
06-Jan-20 02:45:00 pm,62
06-Jan-20 03:20:00 pm,62
06-Jan-20 03:55:00 pm,62
06-Jan-20 04:30:00 pm,62
06-Jan-20 05:05:00 pm,62
06-Jan-20 05:40:00 pm,62
06-Jan-20 06:15:00 pm,0
06-Jan-20 06:50:00 pm,0
06-Jan-20 07:25:00 pm,0
06-Jan-20 08:00:00 pm,0
06-Jan-20 08:35:00 pm,0
06-Jan-20 09:10:00 pm,0
06-Jan-20 09:45:00 pm,7
06-Jan-20 10:20:00 pm,0
06-Jan-20 10:55:00 pm,0
06-Jan-20 11:30:00 pm,0
07-Jan-20 12:05:00 am,0
07-Jan-20 12:40:00 am,0
07-Jan-20 01:15:00 am,0
07-Jan-20 01:50:00 am,0
07-Jan-20 02:25:00 am,0
07-Jan-20 03:00:00 am,0
07-Jan-20 03:35:00 am,0
07-Jan-20 04:10:00 am,0
07-Jan-20 04:45:00 am,0
07-Jan-20 05:20:00 am,0
07-Jan-20 05:55:00 am,21
07-Jan-20 06:30:00 am,67
07-Jan-20 07:05:00 am,67
07-Jan-20 07:40:00 am,67
07-Jan-20 08:15:00 am,67
07-Jan-20 08:50:00 am,67
07-Jan-20 09:25:00 am,67
07-Jan-20 10:00:00 am,69
07-Jan-20 10:35:00 am,70
07-Jan-20 11:10:00 am,70
07-Jan-20 11:45:00 am,71
07-Jan-20 12:20:00 pm,74
07-Jan-20 12:55:00 pm,75
07-Jan-20 01:30:00 pm,76
07-Jan-20 02:05:00 pm,77
07-Jan-20 02:40:00 pm,92
07-Jan-20 03:15:00 pm,97
07-Jan-20 03:50:00 pm,100
07-Jan-20 04:25:00 pm,100
07-Jan-20 05:00:00 pm,100
07-Jan-20 05:35:00 pm,100
07-Jan-20 06:10:00 pm,0
07-Jan-20 06:45:00 pm,0
07-Jan-20 07:20:00 pm,0
07-Jan-20 07:55:00 pm,0
07-Jan-20 08:30:00 pm,0
07-Jan-20 09:05:00 pm,0
07-Jan-20 09:40:00 pm,10
07-Jan-20 10:15:00 pm,7
07-Jan-20 10:50:00 pm,0
07-Jan-20 11:25:00 pm,0
08-Jan-20 12:00:00 am,0
08-Jan-20 12:35:00 am,0
08-Jan-20 01:10:00 am,0
08-Jan-20 01:45:00 am,0
08-Jan-20 02:20:00 am,0
08-Jan-20 02:55:00 am,0
08-Jan-20 03:30:00 am,0
08-Jan-20 04:05:00 am,0
08-Jan-20 04:40:00 am,0
08-Jan-20 05:15:00 am,0
08-Jan-20 05:50:00 am,14
08-Jan-20 06:25:00 am,42
08-Jan-20 07:00:00 am,45
08-Jan-20 07:35:00 am,45
08-Jan-20 08:10:00 am,45
08-Jan-20 08:45:00 am,45
08-Jan-20 09:20:00 am,50
08-Jan-20 09:55:00 am,50
08-Jan-20 10:30:00 am,50
08-Jan-20 11:05:00 am,50
08-Jan-20 11:40:00 am,50
08-Jan-20 12:15:00 pm,50
08-Jan-20 12:50:00 pm,54
08-Jan-20 01:25:00 pm,54
08-Jan-20 02:00:00 pm,54
08-Jan-20 02:35:00 pm,54
08-Jan-20 03:10:00 pm,54
08-Jan-20 03:45:00 pm,54
08-Jan-20 04:20:00 pm,54
08-Jan-20 04:55:00 pm,54
08-Jan-20 05:30:00 pm,54
08-Jan-20 06:05:00 pm,0
08-Jan-20 06:40:00 pm,0
08-Jan-20 07:15:00 pm,0
08-Jan-20 07:50:00 pm,0
08-Jan-20 08:25:00 pm,0
08-Jan-20 09:00:00 pm,0
08-Jan-20 09:35:00 pm,0
08-Jan-20 10:10:00 pm,0
08-Jan-20 10:45:00 pm,0
08-Jan-20 11:20:00 pm,0
08-Jan-20 11:55:00 pm,0
09-Jan-20 12:30:00 am,0
09-Jan-20 01:05:00 am,0
09-Jan-20 01:40:00 am,0
09-Jan-20 02:15:00 am,0
09-Jan-20 02:50:00 am,0
09-Jan-20 03:25:00 am,0
09-Jan-20 04:00:00 am,0
09-Jan-20 04:35:00 am,0
09-Jan-20 05:10:00 am,0
09-Jan-20 05:45:00 am,7
09-Jan-20 06:20:00 am,29
09-Jan-20 06:55:00 am,35
09-Jan-20 07:30:00 am,35
09-Jan-20 08:05:00 am,35
09-Jan-20 08:40:00 am,35
09-Jan-20 09:15:00 am,35
09-Jan-20 09:50:00 am,35
09-Jan-20 10:25:00 am,35
09-Jan-20 11:00:00 am,26
09-Jan-20 11:35:00 am,39
09-Jan-20 12:10:00 pm,46
09-Jan-20 12:45:00 pm,48
09-Jan-20 01:20:00 pm,51
09-Jan-20 01:55:00 pm,51
09-Jan-20 02:30:00 pm,66
09-Jan-20 03:05:00 pm,80
09-Jan-20 03:40:00 pm,73
09-Jan-20 04:15:00 pm,46
09-Jan-20 04:50:00 pm,52
09-Jan-20 05:25:00 pm,75
09-Jan-20 06:00:00 pm,25
09-Jan-20 06:35:00 pm,0
09-Jan-20 07:10:00 pm,0
09-Jan-20 07:45:00 pm,0
09-Jan-20 08:20:00 pm,0
09-Jan-20 08:55:00 pm,0
09-Jan-20 09:30:00 pm,0
09-Jan-20 10:05:00 pm,0
09-Jan-20 10:40:00 pm,0
09-Jan-20 11:15:00 pm,0
09-Jan-20 11:50:00 pm,0
10-Jan-20 12:25:00 am,0
10-Jan-20 01:00:00 am,0
10-Jan-20 01:35:00 am,0
10-Jan-20 02:10:00 am,0
10-Jan-20 02:45:00 am,0
10-Jan-20 03:20:00 am,0
10-Jan-20 03:55:00 am,0
10-Jan-20 04:30:00 am,0
10-Jan-20 05:05:00 am,0
10-Jan-20 05:40:00 am,0
10-Jan-20 06:15:00 am,26
10-Jan-20 06:50:00 am,36
10-Jan-20 07:25:00 am,37
10-Jan-20 08:00:00 am,37
10-Jan-20 08:35:00 am,37
10-Jan-20 09:10:00 am,37
10-Jan-20 09:45:00 am,37
10-Jan-20 10:20:00 am,37
10-Jan-20 10:55:00 am,37
10-Jan-20 11:30:00 am,42
10-Jan-20 12:05:00 pm,47
10-Jan-20 12:40:00 pm,47
10-Jan-20 01:15:00 pm,47
10-Jan-20 01:50:00 pm,47
10-Jan-20 02:25:00 pm,47
10-Jan-20 03:00:00 pm,47
10-Jan-20 03:35:00 pm,47
10-Jan-20 04:10:00 pm,69
10-Jan-20 04:45:00 pm,83
10-Jan-20 05:20:00 pm,71
10-Jan-20 05:55:00 pm,28
10-Jan-20 06:30:00 pm,0
10-Jan-20 07:05:00 pm,0
10-Jan-20 07:40:00 pm,0
10-Jan-20 08:15:00 pm,0
10-Jan-20 08:50:00 pm,0
10-Jan-20 09:25:00 pm,0
10-Jan-20 10:00:00 pm,0
10-Jan-20 10:35:00 pm,0
10-Jan-20 11:10:00 pm,0
10-Jan-20 11:45:00 pm,0
11-Jan-20 12:20:00 am,0
11-Jan-20 12:55:00 am,0
11-Jan-20 01:30:00 am,0
11-Jan-20 02:05:00 am,0
11-Jan-20 02:40:00 am,0
11-Jan-20 03:15:00 am,0
11-Jan-20 03:50:00 am,0
11-Jan-20 04:25:00 am,0
11-Jan-20 05:00:00 am,0
11-Jan-20 05:35:00 am,0
11-Jan-20 06:10:00 am,0
11-Jan-20 06:45:00 am,0
11-Jan-20 07:20:00 am,0
11-Jan-20 07:55:00 am,0
11-Jan-20 08:30:00 am,0
11-Jan-20 09:05:00 am,0
11-Jan-20 09:40:00 am,0
11-Jan-20 10:15:00 am,0
11-Jan-20 10:50:00 am,0
11-Jan-20 11:25:00 am,0
11-Jan-20 12:00:00 pm,0
11-Jan-20 12:35:00 pm,0
11-Jan-20 01:10:00 pm,0
11-Jan-20 01:45:00 pm,0
11-Jan-20 02:20:00 pm,10
11-Jan-20 02:55:00 pm,0
11-Jan-20 03:30:00 pm,0
11-Jan-20 04:05:00 pm,0
11-Jan-20 04:40:00 pm,0
11-Jan-20 05:15:00 pm,0
11-Jan-20 05:50:00 pm,0
11-Jan-20 06:25:00 pm,0
11-Jan-20 07:00:00 pm,0
11-Jan-20 07:35:00 pm,0
11-Jan-20 08:10:00 pm,0
11-Jan-20 08:45:00 pm,0
11-Jan-20 09:20:00 pm,0
11-Jan-20 09:55:00 pm,0
11-Jan-20 10:30:00 pm,0
11-Jan-20 11:05:00 pm,0
11-Jan-20 11:40:00 pm,0
12-Jan-20 12:15:00 am,0
12-Jan-20 12:50:00 am,0
12-Jan-20 01:25:00 am,0
12-Jan-20 02:00:00 am,0
12-Jan-20 02:35:00 am,0
12-Jan-20 03:10:00 am,0
12-Jan-20 03:45:00 am,0
12-Jan-20 04:20:00 am,0
12-Jan-20 04:55:00 am,0
12-Jan-20 05:30:00 am,0
12-Jan-20 06:05:00 am,0
12-Jan-20 06:40:00 am,0
12-Jan-20 07:15:00 am,0
12-Jan-20 07:50:00 am,0
12-Jan-20 08:25:00 am,0
12-Jan-20 09:00:00 am,13
12-Jan-20 09:35:00 am,0
12-Jan-20 10:10:00 am,0
12-Jan-20 10:45:00 am,0
12-Jan-20 11:20:00 am,0
12-Jan-20 11:55:00 am,0
12-Jan-20 12:30:00 pm,0
12-Jan-20 01:05:00 pm,0
12-Jan-20 01:40:00 pm,0
12-Jan-20 02:15:00 pm,0
12-Jan-20 02:50:00 pm,0
12-Jan-20 03:25:00 pm,0
12-Jan-20 04:00:00 pm,0
12-Jan-20 04:35:00 pm,0
12-Jan-20 05:10:00 pm,0
12-Jan-20 05:45:00 pm,0
12-Jan-20 06:20:00 pm,0
12-Jan-20 06:55:00 pm,0
12-Jan-20 07:30:00 pm,0
12-Jan-20 08:05:00 pm,0
12-Jan-20 08:40:00 pm,0
12-Jan-20 09:15:00 pm,0
12-Jan-20 09:50:00 pm,0
12-Jan-20 10:25:00 pm,0
12-Jan-20 11:00:00 pm,0
12-Jan-20 11:35:00 pm,0
13-Jan-20 12:10:00 am,0
13-Jan-20 12:45:00 am,0
13-Jan-20 01:20:00 am,0
13-Jan-20 01:55:00 am,0
13-Jan-20 02:30:00 am,0
13-Jan-20 03:05:00 am,0
13-Jan-20 03:40:00 am,0
13-Jan-20 04:15:00 am,0
13-Jan-20 04:50:00 am,0
13-Jan-20 05:25:00 am,0
13-Jan-20 06:00:00 am,13
13-Jan-20 06:35:00 am,20
13-Jan-20 07:10:00 am,20
13-Jan-20 07:45:00 am,20
13-Jan-20 08:20:00 am,20
13-Jan-20 08:55:00 am,20
13-Jan-20 09:30:00 am,22
13-Jan-20 10:05:00 am,23
13-Jan-20 10:40:00 am,25
13-Jan-20 11:15:00 am,28
13-Jan-20 11:50:00 am,28
13-Jan-20 12:25:00 pm,28
13-Jan-20 01:00:00 pm,28
13-Jan-20 01:35:00 pm,28
13-Jan-20 02:10:00 pm,28
13-Jan-20 02:45:00 pm,28
13-Jan-20 03:20:00 pm,28
13-Jan-20 03:55:00 pm,28
13-Jan-20 04:30:00 pm,28
13-Jan-20 05:05:00 pm,28
13-Jan-20 05:40:00 pm,28
13-Jan-20 06:15:00 pm,0
13-Jan-20 06:50:00 pm,0
13-Jan-20 07:25:00 pm,0
13-Jan-20 08:00:00 pm,0
13-Jan-20 08:35:00 pm,0
13-Jan-20 09:10:00 pm,0
13-Jan-20 09:45:00 pm,0
13-Jan-20 10:20:00 pm,0
13-Jan-20 10:55:00 pm,0
13-Jan-20 11:30:00 pm,0
14-Jan-20 12:05:00 am,0
14-Jan-20 12:40:00 am,0
14-Jan-20 01:15:00 am,0
14-Jan-20 01:50:00 am,0
14-Jan-20 02:25:00 am,0
14-Jan-20 03:00:00 am,0
14-Jan-20 03:35:00 am,0
14-Jan-20 04:10:00 am,0
14-Jan-20 04:45:00 am,0
14-Jan-20 05:20:00 am,0
14-Jan-20 05:55:00 am,10
14-Jan-20 06:30:00 am,20
14-Jan-20 07:05:00 am,20
14-Jan-20 07:40:00 am,20
14-Jan-20 08:15:00 am,20
14-Jan-20 08:50:00 am,20
14-Jan-20 09:25:00 am,20
14-Jan-20 10:00:00 am,20
14-Jan-20 10:35:00 am,20
14-Jan-20 11:10:00 am,21
14-Jan-20 11:45:00 am,21
14-Jan-20 12:20:00 pm,23
14-Jan-20 12:55:00 pm,23
14-Jan-20 01:30:00 pm,23
14-Jan-20 02:05:00 pm,23
14-Jan-20 02:40:00 pm,23
14-Jan-20 03:15:00 pm,23
14-Jan-20 03:50:00 pm,23
14-Jan-20 04:25:00 pm,23
14-Jan-20 05:00:00 pm,23
14-Jan-20 05:35:00 pm,23
14-Jan-20 06:10:00 pm,0
14-Jan-20 06:45:00 pm,0
14-Jan-20 07:20:00 pm,0
14-Jan-20 07:55:00 pm,0
14-Jan-20 08:30:00 pm,0
14-Jan-20 09:05:00 pm,0
14-Jan-20 09:40:00 pm,0
14-Jan-20 10:15:00 pm,0
14-Jan-20 10:50:00 pm,0
14-Jan-20 11:25:00 pm,0
15-Jan-20 12:00:00 am,0
15-Jan-20 12:35:00 am,0
15-Jan-20 01:10:00 am,0
15-Jan-20 01:45:00 am,0
15-Jan-20 02:20:00 am,0
15-Jan-20 02:55:00 am,0
15-Jan-20 03:30:00 am,0
15-Jan-20 04:05:00 am,0
15-Jan-20 04:40:00 am,0
15-Jan-20 05:15:00 am,0
15-Jan-20 05:50:00 am,10
15-Jan-20 06:25:00 am,20
15-Jan-20 07:00:00 am,20
15-Jan-20 07:35:00 am,20
15-Jan-20 08:10:00 am,20
15-Jan-20 08:45:00 am,20
15-Jan-20 09:20:00 am,21
15-Jan-20 09:55:00 am,22
15-Jan-20 10:30:00 am,23
15-Jan-20 11:05:00 am,26
15-Jan-20 11:40:00 am,29
15-Jan-20 12:15:00 pm,29
15-Jan-20 12:50:00 pm,29
15-Jan-20 01:25:00 pm,29
15-Jan-20 02:00:00 pm,29
15-Jan-20 02:35:00 pm,24
15-Jan-20 03:10:00 pm,20
15-Jan-20 03:45:00 pm,20
15-Jan-20 04:20:00 pm,21
15-Jan-20 04:55:00 pm,22
15-Jan-20 05:30:00 pm,32
15-Jan-20 06:05:00 pm,0
15-Jan-20 06:40:00 pm,0
15-Jan-20 07:15:00 pm,0
15-Jan-20 07:50:00 pm,0
15-Jan-20 08:25:00 pm,0
15-Jan-20 09:00:00 pm,7
15-Jan-20 09:35:00 pm,0
15-Jan-20 10:10:00 pm,0
15-Jan-20 10:45:00 pm,0
15-Jan-20 11:20:00 pm,0
15-Jan-20 11:55:00 pm,0
16-Jan-20 12:30:00 am,0
16-Jan-20 01:05:00 am,0
16-Jan-20 01:40:00 am,0
16-Jan-20 02:15:00 am,0
16-Jan-20 02:50:00 am,0
16-Jan-20 03:25:00 am,0
16-Jan-20 04:00:00 am,0
16-Jan-20 04:35:00 am,0
16-Jan-20 05:10:00 am,0
16-Jan-20 05:45:00 am,8
16-Jan-20 06:20:00 am,23
16-Jan-20 06:55:00 am,23
16-Jan-20 07:30:00 am,25
16-Jan-20 08:05:00 am,28
16-Jan-20 08:40:00 am,28
16-Jan-20 09:15:00 am,30
16-Jan-20 09:50:00 am,42
16-Jan-20 10:25:00 am,46
16-Jan-20 11:00:00 am,46
16-Jan-20 11:35:00 am,55
16-Jan-20 12:10:00 pm,55
16-Jan-20 12:45:00 pm,55
16-Jan-20 01:20:00 pm,56
16-Jan-20 01:55:00 pm,59
16-Jan-20 02:30:00 pm,54
16-Jan-20 03:05:00 pm,83
16-Jan-20 03:40:00 pm,83
16-Jan-20 04:15:00 pm,80
16-Jan-20 04:50:00 pm,75
16-Jan-20 05:25:00 pm,59
16-Jan-20 06:00:00 pm,12
16-Jan-20 06:35:00 pm,0
16-Jan-20 07:10:00 pm,0
16-Jan-20 07:45:00 pm,0
16-Jan-20 08:20:00 pm,0
16-Jan-20 08:55:00 pm,0
16-Jan-20 09:30:00 pm,0
16-Jan-20 10:05:00 pm,0
16-Jan-20 10:40:00 pm,0
16-Jan-20 11:15:00 pm,0
16-Jan-20 11:50:00 pm,0
17-Jan-20 12:25:00 am,0
17-Jan-20 01:00:00 am,0
17-Jan-20 01:35:00 am,0
17-Jan-20 02:10:00 am,0
17-Jan-20 02:45:00 am,0
17-Jan-20 03:20:00 am,0
17-Jan-20 03:55:00 am,0
17-Jan-20 04:30:00 am,0
17-Jan-20 05:05:00 am,0
17-Jan-20 05:40:00 am,0
17-Jan-20 06:15:00 am,20
17-Jan-20 06:50:00 am,22
17-Jan-20 07:25:00 am,23
17-Jan-20 08:00:00 am,23
17-Jan-20 08:35:00 am,23
17-Jan-20 09:10:00 am,25
17-Jan-20 09:45:00 am,28
17-Jan-20 10:20:00 am,32
17-Jan-20 10:55:00 am,32
17-Jan-20 11:30:00 am,42
17-Jan-20 12:05:00 pm,51
17-Jan-20 12:40:00 pm,69
17-Jan-20 01:15:00 pm,50
17-Jan-20 01:50:00 pm,50
17-Jan-20 02:25:00 pm,50
17-Jan-20 03:00:00 pm,50
17-Jan-20 03:35:00 pm,50
17-Jan-20 04:10:00 pm,50
17-Jan-20 04:45:00 pm,46
17-Jan-20 05:20:00 pm,45
17-Jan-20 05:55:00 pm,21
17-Jan-20 06:30:00 pm,0
17-Jan-20 07:05:00 pm,0
17-Jan-20 07:40:00 pm,0
17-Jan-20 08:15:00 pm,0
17-Jan-20 08:50:00 pm,0
17-Jan-20 09:25:00 pm,0
17-Jan-20 10:00:00 pm,0
17-Jan-20 10:35:00 pm,0
17-Jan-20 11:10:00 pm,0
17-Jan-20 11:45:00 pm,0
18-Jan-20 12:20:00 am,0
18-Jan-20 12:55:00 am,0
18-Jan-20 01:30:00 am,0
18-Jan-20 02:05:00 am,0
18-Jan-20 02:40:00 am,0
18-Jan-20 03:15:00 am,0
18-Jan-20 03:50:00 am,0
18-Jan-20 04:25:00 am,0
18-Jan-20 05:00:00 am,0
18-Jan-20 05:35:00 am,0
18-Jan-20 06:10:00 am,0
18-Jan-20 06:45:00 am,0
18-Jan-20 07:20:00 am,0
18-Jan-20 07:55:00 am,0
18-Jan-20 08:30:00 am,0
18-Jan-20 09:05:00 am,0
18-Jan-20 09:40:00 am,0
18-Jan-20 10:15:00 am,0
18-Jan-20 10:50:00 am,0
18-Jan-20 11:25:00 am,0
18-Jan-20 12:00:00 pm,0
18-Jan-20 12:35:00 pm,0
18-Jan-20 01:10:00 pm,0
18-Jan-20 01:45:00 pm,0
18-Jan-20 02:20:00 pm,0
18-Jan-20 02:55:00 pm,0
18-Jan-20 03:30:00 pm,0
18-Jan-20 04:05:00 pm,0
18-Jan-20 04:40:00 pm,0
18-Jan-20 05:15:00 pm,0
18-Jan-20 05:50:00 pm,0
18-Jan-20 06:25:00 pm,0
18-Jan-20 07:00:00 pm,0
18-Jan-20 07:35:00 pm,0
18-Jan-20 08:10:00 pm,0
18-Jan-20 08:45:00 pm,0
18-Jan-20 09:20:00 pm,0
18-Jan-20 09:55:00 pm,0
18-Jan-20 10:30:00 pm,0
18-Jan-20 11:05:00 pm,0
18-Jan-20 11:40:00 pm,0
19-Jan-20 12:15:00 am,0
19-Jan-20 12:50:00 am,0
19-Jan-20 01:25:00 am,0
19-Jan-20 02:00:00 am,0
19-Jan-20 02:35:00 am,0
19-Jan-20 03:10:00 am,0
19-Jan-20 03:45:00 am,0
19-Jan-20 04:20:00 am,0
19-Jan-20 04:55:00 am,0
19-Jan-20 05:30:00 am,0
19-Jan-20 06:05:00 am,0
19-Jan-20 06:40:00 am,0
19-Jan-20 07:15:00 am,0
19-Jan-20 07:50:00 am,0
19-Jan-20 08:25:00 am,0
19-Jan-20 09:00:00 am,0
19-Jan-20 09:35:00 am,0
19-Jan-20 10:10:00 am,0
19-Jan-20 10:45:00 am,0
19-Jan-20 11:20:00 am,0
19-Jan-20 11:55:00 am,0
19-Jan-20 12:30:00 pm,0
19-Jan-20 01:05:00 pm,0
19-Jan-20 01:40:00 pm,0
19-Jan-20 02:15:00 pm,0
19-Jan-20 02:50:00 pm,0
19-Jan-20 03:25:00 pm,0
19-Jan-20 04:00:00 pm,0
19-Jan-20 04:35:00 pm,0
19-Jan-20 05:10:00 pm,0
19-Jan-20 05:45:00 pm,0
19-Jan-20 06:20:00 pm,0
19-Jan-20 06:55:00 pm,0
19-Jan-20 07:30:00 pm,0
19-Jan-20 08:05:00 pm,0
19-Jan-20 08:40:00 pm,0
19-Jan-20 09:15:00 pm,0
19-Jan-20 09:50:00 pm,0
19-Jan-20 10:25:00 pm,0
19-Jan-20 11:00:00 pm,0
19-Jan-20 11:35:00 pm,0
20-Jan-20 12:10:00 am,0
20-Jan-20 12:45:00 am,0
20-Jan-20 01:20:00 am,0
20-Jan-20 01:55:00 am,0
20-Jan-20 02:30:00 am,0
20-Jan-20 03:05:00 am,0
20-Jan-20 03:40:00 am,0
20-Jan-20 04:15:00 am,0
20-Jan-20 04:50:00 am,0
20-Jan-20 05:25:00 am,0
20-Jan-20 06:00:00 am,20
20-Jan-20 06:35:00 am,53
20-Jan-20 07:10:00 am,55
20-Jan-20 07:45:00 am,55
20-Jan-20 08:20:00 am,55
20-Jan-20 08:55:00 am,55
20-Jan-20 09:30:00 am,55
20-Jan-20 10:05:00 am,57
20-Jan-20 10:40:00 am,58
20-Jan-20 11:15:00 am,60
20-Jan-20 11:50:00 am,63
20-Jan-20 12:25:00 pm,66
20-Jan-20 01:00:00 pm,66
20-Jan-20 01:35:00 pm,67
20-Jan-20 02:10:00 pm,67
20-Jan-20 02:45:00 pm,67
20-Jan-20 03:20:00 pm,67
20-Jan-20 03:55:00 pm,67
20-Jan-20 04:30:00 pm,67
20-Jan-20 05:05:00 pm,63
20-Jan-20 05:40:00 pm,58
20-Jan-20 06:15:00 pm,0
20-Jan-20 06:50:00 pm,0
20-Jan-20 07:25:00 pm,0
20-Jan-20 08:00:00 pm,0
20-Jan-20 08:35:00 pm,0
20-Jan-20 09:10:00 pm,10
20-Jan-20 09:45:00 pm,15
20-Jan-20 10:20:00 pm,0
20-Jan-20 10:55:00 pm,0
20-Jan-20 11:30:00 pm,0
21-Jan-20 12:05:00 am,0
21-Jan-20 12:40:00 am,0
21-Jan-20 01:15:00 am,0
21-Jan-20 01:50:00 am,0
21-Jan-20 02:25:00 am,0
21-Jan-20 03:00:00 am,0
21-Jan-20 03:35:00 am,0
21-Jan-20 04:10:00 am,0
21-Jan-20 04:45:00 am,0
21-Jan-20 05:20:00 am,0
21-Jan-20 05:55:00 am,16
21-Jan-20 06:30:00 am,52
21-Jan-20 07:05:00 am,55
21-Jan-20 07:40:00 am,55
21-Jan-20 08:15:00 am,55
21-Jan-20 08:50:00 am,55
21-Jan-20 09:25:00 am,58
21-Jan-20 10:00:00 am,67
21-Jan-20 10:35:00 am,83
21-Jan-20 11:10:00 am,87
21-Jan-20 11:45:00 am,87
21-Jan-20 12:20:00 pm,88
21-Jan-20 12:55:00 pm,84
21-Jan-20 01:30:00 pm,81
21-Jan-20 02:05:00 pm,86
21-Jan-20 02:40:00 pm,86
21-Jan-20 03:15:00 pm,71
21-Jan-20 03:50:00 pm,52
21-Jan-20 04:25:00 pm,51
21-Jan-20 05:00:00 pm,51
21-Jan-20 05:35:00 pm,51
21-Jan-20 06:10:00 pm,0
21-Jan-20 06:45:00 pm,0
21-Jan-20 07:20:00 pm,0
21-Jan-20 07:55:00 pm,0
21-Jan-20 08:30:00 pm,0
21-Jan-20 09:05:00 pm,0
21-Jan-20 09:40:00 pm,0
21-Jan-20 10:15:00 pm,0
21-Jan-20 10:50:00 pm,20
21-Jan-20 11:25:00 pm,0
22-Jan-20 12:00:00 am,0
22-Jan-20 12:35:00 am,0
22-Jan-20 01:10:00 am,0
22-Jan-20 01:45:00 am,0
22-Jan-20 02:20:00 am,0
22-Jan-20 02:55:00 am,0
22-Jan-20 03:30:00 am,0
22-Jan-20 04:05:00 am,0
22-Jan-20 04:40:00 am,0
22-Jan-20 05:15:00 am,0
22-Jan-20 05:50:00 am,15
22-Jan-20 06:25:00 am,45
22-Jan-20 07:00:00 am,50
22-Jan-20 07:35:00 am,53
22-Jan-20 08:10:00 am,53
22-Jan-20 08:45:00 am,53
22-Jan-20 09:20:00 am,53
22-Jan-20 09:55:00 am,53
22-Jan-20 10:30:00 am,53
22-Jan-20 11:05:00 am,47
22-Jan-20 11:40:00 am,47
22-Jan-20 12:15:00 pm,46
22-Jan-20 12:50:00 pm,46
22-Jan-20 01:25:00 pm,46
22-Jan-20 02:00:00 pm,46
22-Jan-20 02:35:00 pm,46
22-Jan-20 03:10:00 pm,46
22-Jan-20 03:45:00 pm,71
22-Jan-20 04:20:00 pm,80
22-Jan-20 04:55:00 pm,65
22-Jan-20 05:30:00 pm,56
22-Jan-20 06:05:00 pm,0
22-Jan-20 06:40:00 pm,0
22-Jan-20 07:15:00 pm,0
22-Jan-20 07:50:00 pm,0
22-Jan-20 08:25:00 pm,0
22-Jan-20 09:00:00 pm,0
22-Jan-20 09:35:00 pm,0
22-Jan-20 10:10:00 pm,20
22-Jan-20 10:45:00 pm,0
22-Jan-20 11:20:00 pm,0
22-Jan-20 11:55:00 pm,10
23-Jan-20 12:30:00 am,0
23-Jan-20 01:05:00 am,0
23-Jan-20 01:40:00 am,0
23-Jan-20 02:15:00 am,0
23-Jan-20 02:50:00 am,0
23-Jan-20 03:25:00 am,0
23-Jan-20 04:00:00 am,0
23-Jan-20 04:35:00 am,0
23-Jan-20 05:10:00 am,0
23-Jan-20 05:45:00 am,15
23-Jan-20 06:20:00 am,70
23-Jan-20 06:55:00 am,70
23-Jan-20 07:30:00 am,70
23-Jan-20 08:05:00 am,70
23-Jan-20 08:40:00 am,70
23-Jan-20 09:15:00 am,70
23-Jan-20 09:50:00 am,81
23-Jan-20 10:25:00 am,96
23-Jan-20 11:00:00 am,100
23-Jan-20 11:35:00 am,100
23-Jan-20 12:10:00 pm,100
23-Jan-20 12:45:00 pm,100
23-Jan-20 01:20:00 pm,100
23-Jan-20 01:55:00 pm,100
23-Jan-20 02:30:00 pm,100
23-Jan-20 03:05:00 pm,100
23-Jan-20 03:40:00 pm,79
23-Jan-20 04:15:00 pm,65
23-Jan-20 04:50:00 pm,65
23-Jan-20 05:25:00 pm,65
23-Jan-20 06:00:00 pm,22
23-Jan-20 06:35:00 pm,0
23-Jan-20 07:10:00 pm,0
23-Jan-20 07:45:00 pm,0
23-Jan-20 08:20:00 pm,0
23-Jan-20 08:55:00 pm,0
23-Jan-20 09:30:00 pm,0
23-Jan-20 10:05:00 pm,20
23-Jan-20 10:40:00 pm,0
23-Jan-20 11:15:00 pm,0
23-Jan-20 11:50:00 pm,0
24-Jan-20 12:25:00 am,0
24-Jan-20 01:00:00 am,0
24-Jan-20 01:35:00 am,0
24-Jan-20 02:10:00 am,0
24-Jan-20 02:45:00 am,0
24-Jan-20 03:20:00 am,0
24-Jan-20 03:55:00 am,0
24-Jan-20 04:30:00 am,0
24-Jan-20 05:05:00 am,0
24-Jan-20 05:40:00 am,0
24-Jan-20 06:15:00 am,58
24-Jan-20 06:50:00 am,66
24-Jan-20 07:25:00 am,66
24-Jan-20 08:00:00 am,66
24-Jan-20 08:35:00 am,66
24-Jan-20 09:10:00 am,66
24-Jan-20 09:45:00 am,57
24-Jan-20 10:20:00 am,69
24-Jan-20 10:55:00 am,70
24-Jan-20 11:30:00 am,86
24-Jan-20 12:05:00 pm,87
24-Jan-20 12:40:00 pm,75
24-Jan-20 01:15:00 pm,66
24-Jan-20 01:50:00 pm,64
24-Jan-20 02:25:00 pm,67
24-Jan-20 03:00:00 pm,86
24-Jan-20 03:35:00 pm,89
24-Jan-20 04:10:00 pm,87
24-Jan-20 04:45:00 pm,82
24-Jan-20 05:20:00 pm,82
24-Jan-20 05:55:00 pm,41
24-Jan-20 06:30:00 pm,0
24-Jan-20 07:05:00 pm,0
24-Jan-20 07:40:00 pm,0
24-Jan-20 08:15:00 pm,0
24-Jan-20 08:50:00 pm,0
24-Jan-20 09:25:00 pm,0
24-Jan-20 10:00:00 pm,0
24-Jan-20 10:35:00 pm,0
24-Jan-20 11:10:00 pm,0
24-Jan-20 11:45:00 pm,0
25-Jan-20 12:20:00 am,0
25-Jan-20 12:55:00 am,0
25-Jan-20 01:30:00 am,0
25-Jan-20 02:05:00 am,0
25-Jan-20 02:40:00 am,0
25-Jan-20 03:15:00 am,0
25-Jan-20 03:50:00 am,0
25-Jan-20 04:25:00 am,0
25-Jan-20 05:00:00 am,0
25-Jan-20 05:35:00 am,0
25-Jan-20 06:10:00 am,0
25-Jan-20 06:45:00 am,0
25-Jan-20 07:20:00 am,0
25-Jan-20 07:55:00 am,0
25-Jan-20 08:30:00 am,0
25-Jan-20 09:05:00 am,0
25-Jan-20 09:40:00 am,0
25-Jan-20 10:15:00 am,0
25-Jan-20 10:50:00 am,0
25-Jan-20 11:25:00 am,0
25-Jan-20 12:00:00 pm,0
25-Jan-20 12:35:00 pm,0
25-Jan-20 01:10:00 pm,0
25-Jan-20 01:45:00 pm,0
25-Jan-20 02:20:00 pm,0
25-Jan-20 02:55:00 pm,0
25-Jan-20 03:30:00 pm,0
25-Jan-20 04:05:00 pm,0
25-Jan-20 04:40:00 pm,0
25-Jan-20 05:15:00 pm,0
25-Jan-20 05:50:00 pm,0
25-Jan-20 06:25:00 pm,0
25-Jan-20 07:00:00 pm,0
25-Jan-20 07:35:00 pm,0
25-Jan-20 08:10:00 pm,0
25-Jan-20 08:45:00 pm,0
25-Jan-20 09:20:00 pm,0
25-Jan-20 09:55:00 pm,0
25-Jan-20 10:30:00 pm,0
25-Jan-20 11:05:00 pm,0
25-Jan-20 11:40:00 pm,0
26-Jan-20 12:15:00 am,0
26-Jan-20 12:50:00 am,0
26-Jan-20 01:25:00 am,0
26-Jan-20 02:00:00 am,0
26-Jan-20 02:35:00 am,0
26-Jan-20 03:10:00 am,0
26-Jan-20 03:45:00 am,0
26-Jan-20 04:20:00 am,0
26-Jan-20 04:55:00 am,0
26-Jan-20 05:30:00 am,0
26-Jan-20 06:05:00 am,0
26-Jan-20 06:40:00 am,0
26-Jan-20 07:15:00 am,0
26-Jan-20 07:50:00 am,0
26-Jan-20 08:25:00 am,0
26-Jan-20 09:00:00 am,0
26-Jan-20 09:35:00 am,0
26-Jan-20 10:10:00 am,0
26-Jan-20 10:45:00 am,0
26-Jan-20 11:20:00 am,0
26-Jan-20 11:55:00 am,0
26-Jan-20 12:30:00 pm,0
26-Jan-20 01:05:00 pm,0
26-Jan-20 01:40:00 pm,0
26-Jan-20 02:15:00 pm,0
26-Jan-20 02:50:00 pm,0
26-Jan-20 03:25:00 pm,0
26-Jan-20 04:00:00 pm,0
26-Jan-20 04:35:00 pm,0
26-Jan-20 05:10:00 pm,0
26-Jan-20 05:45:00 pm,0
26-Jan-20 06:20:00 pm,20
26-Jan-20 06:55:00 pm,0
26-Jan-20 07:30:00 pm,0
26-Jan-20 08:05:00 pm,0
26-Jan-20 08:40:00 pm,0
26-Jan-20 09:15:00 pm,0
26-Jan-20 09:50:00 pm,0
26-Jan-20 10:25:00 pm,0
26-Jan-20 11:00:00 pm,0
26-Jan-20 11:35:00 pm,0
27-Jan-20 12:10:00 am,0
27-Jan-20 12:45:00 am,0
27-Jan-20 01:20:00 am,0
27-Jan-20 01:55:00 am,0
27-Jan-20 02:30:00 am,0
27-Jan-20 03:05:00 am,0
27-Jan-20 03:40:00 am,0
27-Jan-20 04:15:00 am,0
27-Jan-20 04:50:00 am,0
27-Jan-20 05:25:00 am,0
27-Jan-20 06:00:00 am,18
27-Jan-20 06:35:00 am,43
27-Jan-20 07:10:00 am,46
27-Jan-20 07:45:00 am,46
27-Jan-20 08:20:00 am,46
27-Jan-20 08:55:00 am,47
27-Jan-20 09:30:00 am,57
27-Jan-20 10:05:00 am,62
27-Jan-20 10:40:00 am,80
27-Jan-20 11:15:00 am,94
27-Jan-20 11:50:00 am,100
27-Jan-20 12:25:00 pm,100
27-Jan-20 01:00:00 pm,99
27-Jan-20 01:35:00 pm,88
27-Jan-20 02:10:00 pm,86
27-Jan-20 02:45:00 pm,84
27-Jan-20 03:20:00 pm,73
27-Jan-20 03:55:00 pm,57
27-Jan-20 04:30:00 pm,55
27-Jan-20 05:05:00 pm,54
27-Jan-20 05:40:00 pm,54
27-Jan-20 06:15:00 pm,0
27-Jan-20 06:50:00 pm,0
27-Jan-20 07:25:00 pm,0
27-Jan-20 08:00:00 pm,0
27-Jan-20 08:35:00 pm,0
27-Jan-20 09:10:00 pm,0
27-Jan-20 09:45:00 pm,7
27-Jan-20 10:20:00 pm,13
27-Jan-20 10:55:00 pm,0
27-Jan-20 11:30:00 pm,0
28-Jan-20 12:05:00 am,0
28-Jan-20 12:40:00 am,0
28-Jan-20 01:15:00 am,0
28-Jan-20 01:50:00 am,0
28-Jan-20 02:25:00 am,0
28-Jan-20 03:00:00 am,0
28-Jan-20 03:35:00 am,0
28-Jan-20 04:10:00 am,0
28-Jan-20 04:45:00 am,0
28-Jan-20 05:20:00 am,0
28-Jan-20 05:55:00 am,16
28-Jan-20 06:30:00 am,47
28-Jan-20 07:05:00 am,49
28-Jan-20 07:40:00 am,49
28-Jan-20 08:15:00 am,49
28-Jan-20 08:50:00 am,75
28-Jan-20 09:25:00 am,80
28-Jan-20 10:00:00 am,83
28-Jan-20 10:35:00 am,66
28-Jan-20 11:10:00 am,84
28-Jan-20 11:45:00 am,90
28-Jan-20 12:20:00 pm,95
28-Jan-20 12:55:00 pm,96
28-Jan-20 01:30:00 pm,98
28-Jan-20 02:05:00 pm,78
28-Jan-20 02:40:00 pm,81
28-Jan-20 03:15:00 pm,80
28-Jan-20 03:50:00 pm,63
28-Jan-20 04:25:00 pm,62
28-Jan-20 05:00:00 pm,62
28-Jan-20 05:35:00 pm,62
28-Jan-20 06:10:00 pm,0
28-Jan-20 06:45:00 pm,0
28-Jan-20 07:20:00 pm,0
28-Jan-20 07:55:00 pm,0
28-Jan-20 08:30:00 pm,13
28-Jan-20 09:05:00 pm,0
28-Jan-20 09:40:00 pm,0
28-Jan-20 10:15:00 pm,0
28-Jan-20 10:50:00 pm,0
28-Jan-20 11:25:00 pm,0
29-Jan-20 12:00:00 am,0
29-Jan-20 12:35:00 am,0
29-Jan-20 01:10:00 am,0
29-Jan-20 01:45:00 am,0
29-Jan-20 02:20:00 am,10
29-Jan-20 02:55:00 am,10
29-Jan-20 03:30:00 am,0
29-Jan-20 04:05:00 am,0
29-Jan-20 04:40:00 am,0
29-Jan-20 05:15:00 am,0
29-Jan-20 05:50:00 am,19
29-Jan-20 06:25:00 am,60
29-Jan-20 07:00:00 am,61
29-Jan-20 07:35:00 am,61
29-Jan-20 08:10:00 am,61
29-Jan-20 08:45:00 am,61
29-Jan-20 09:20:00 am,68
29-Jan-20 09:55:00 am,82
29-Jan-20 10:30:00 am,86
29-Jan-20 11:05:00 am,86
29-Jan-20 11:40:00 am,86
29-Jan-20 12:15:00 pm,86
29-Jan-20 12:50:00 pm,87
29-Jan-20 01:25:00 pm,76
29-Jan-20 02:00:00 pm,62
29-Jan-20 02:35:00 pm,59
29-Jan-20 03:10:00 pm,78
29-Jan-20 03:45:00 pm,86
29-Jan-20 04:20:00 pm,82
29-Jan-20 04:55:00 pm,82
29-Jan-20 05:30:00 pm,80
29-Jan-20 06:05:00 pm,0
29-Jan-20 06:40:00 pm,0
29-Jan-20 07:15:00 pm,0
29-Jan-20 07:50:00 pm,0
29-Jan-20 08:25:00 pm,0
29-Jan-20 09:00:00 pm,0
29-Jan-20 09:35:00 pm,0
29-Jan-20 10:10:00 pm,20
29-Jan-20 10:45:00 pm,0
29-Jan-20 11:20:00 pm,0
29-Jan-20 11:55:00 pm,0
30-Jan-20 12:30:00 am,0
30-Jan-20 01:05:00 am,0
30-Jan-20 01:40:00 am,0
30-Jan-20 02:15:00 am,0
30-Jan-20 02:50:00 am,0
30-Jan-20 03:25:00 am,0
30-Jan-20 04:00:00 am,0
30-Jan-20 04:35:00 am,0
30-Jan-20 05:10:00 am,0
30-Jan-20 05:45:00 am,9
30-Jan-20 06:20:00 am,33
30-Jan-20 06:55:00 am,37
30-Jan-20 07:30:00 am,44
30-Jan-20 08:05:00 am,44
30-Jan-20 08:40:00 am,44
30-Jan-20 09:15:00 am,49
30-Jan-20 09:50:00 am,53
30-Jan-20 10:25:00 am,53
30-Jan-20 11:00:00 am,53
30-Jan-20 11:35:00 am,61
30-Jan-20 12:10:00 pm,61
30-Jan-20 12:45:00 pm,61
30-Jan-20 01:20:00 pm,62
30-Jan-20 01:55:00 pm,62
30-Jan-20 02:30:00 pm,62
30-Jan-20 03:05:00 pm,62
30-Jan-20 03:40:00 pm,62
30-Jan-20 04:15:00 pm,62
30-Jan-20 04:50:00 pm,62
30-Jan-20 05:25:00 pm,62
30-Jan-20 06:00:00 pm,21
30-Jan-20 06:35:00 pm,0
30-Jan-20 07:10:00 pm,0
30-Jan-20 07:45:00 pm,0
30-Jan-20 08:20:00 pm,0
30-Jan-20 08:55:00 pm,0
30-Jan-20 09:30:00 pm,7
30-Jan-20 10:05:00 pm,10
30-Jan-20 10:40:00 pm,0
30-Jan-20 11:15:00 pm,0
30-Jan-20 11:50:00 pm,0
31-Jan-20 12:25:00 am,0
31-Jan-20 01:00:00 am,0
31-Jan-20 01:35:00 am,0
31-Jan-20 02:10:00 am,0
31-Jan-20 02:45:00 am,0
31-Jan-20 03:20:00 am,0
31-Jan-20 03:55:00 am,0
31-Jan-20 04:30:00 am,0
31-Jan-20 05:05:00 am,0
31-Jan-20 05:40:00 am,0
31-Jan-20 06:15:00 am,45
31-Jan-20 06:50:00 am,73
31-Jan-20 07:25:00 am,73
31-Jan-20 08:00:00 am,73
31-Jan-20 08:35:00 am,73
31-Jan-20 09:10:00 am,73
31-Jan-20 09:45:00 am,73
31-Jan-20 10:20:00 am,46
31-Jan-20 10:55:00 am,20
31-Jan-20 11:30:00 am,20
31-Jan-20 12:05:00 pm,20
31-Jan-20 12:40:00 pm,20
31-Jan-20 01:15:00 pm,20
31-Jan-20 01:50:00 pm,20
31-Jan-20 02:25:00 pm,20
31-Jan-20 03:00:00 pm,20
31-Jan-20 03:35:00 pm,20
31-Jan-20 04:10:00 pm,20
31-Jan-20 04:45:00 pm,20
31-Jan-20 05:20:00 pm,20
31-Jan-20 05:55:00 pm,10
31-Jan-20 06:30:00 pm,0
31-Jan-20 07:05:00 pm,0
31-Jan-20 07:40:00 pm,0
31-Jan-20 08:15:00 pm,0
31-Jan-20 08:50:00 pm,0
31-Jan-20 09:25:00 pm,0
31-Jan-20 10:00:00 pm,0
31-Jan-20 10:35:00 pm,0
31-Jan-20 11:10:00 pm,0
31-Jan-20 11:45:00 pm,0
01-Feb-20 12:20:00 am,0
01-Feb-20 12:55:00 am,0
01-Feb-20 01:30:00 am,0
01-Feb-20 02:05:00 am,0
01-Feb-20 02:40:00 am,0
01-Feb-20 03:15:00 am,0
01-Feb-20 03:50:00 am,0
01-Feb-20 04:25:00 am,0
01-Feb-20 05:00:00 am,0
01-Feb-20 05:35:00 am,0
01-Feb-20 06:10:00 am,0
01-Feb-20 06:45:00 am,0
01-Feb-20 07:20:00 am,0
01-Feb-20 07:55:00 am,0
01-Feb-20 08:30:00 am,0
01-Feb-20 09:05:00 am,0
01-Feb-20 09:40:00 am,0
01-Feb-20 10:15:00 am,0
01-Feb-20 10:50:00 am,0
01-Feb-20 11:25:00 am,0
01-Feb-20 12:00:00 pm,0
01-Feb-20 12:35:00 pm,0
01-Feb-20 01:10:00 pm,0
01-Feb-20 01:45:00 pm,0
01-Feb-20 02:20:00 pm,0
01-Feb-20 02:55:00 pm,0
01-Feb-20 03:30:00 pm,0
01-Feb-20 04:05:00 pm,0
01-Feb-20 04:40:00 pm,0
01-Feb-20 05:15:00 pm,0
01-Feb-20 05:50:00 pm,0
01-Feb-20 06:25:00 pm,0
01-Feb-20 07:00:00 pm,0
01-Feb-20 07:35:00 pm,0
01-Feb-20 08:10:00 pm,0
01-Feb-20 08:45:00 pm,0
01-Feb-20 09:20:00 pm,0
01-Feb-20 09:55:00 pm,0
01-Feb-20 10:30:00 pm,0
01-Feb-20 11:05:00 pm,0
01-Feb-20 11:40:00 pm,0
02-Feb-20 12:15:00 am,0
02-Feb-20 12:50:00 am,0
02-Feb-20 01:25:00 am,0
02-Feb-20 02:00:00 am,0
02-Feb-20 02:35:00 am,0
02-Feb-20 03:10:00 am,0
02-Feb-20 03:45:00 am,0
02-Feb-20 04:20:00 am,0
02-Feb-20 04:55:00 am,0
02-Feb-20 05:30:00 am,0
02-Feb-20 06:05:00 am,0
02-Feb-20 06:40:00 am,0
02-Feb-20 07:15:00 am,0
02-Feb-20 07:50:00 am,0
02-Feb-20 08:25:00 am,0
02-Feb-20 09:00:00 am,0
02-Feb-20 09:35:00 am,0
02-Feb-20 10:10:00 am,0
02-Feb-20 10:45:00 am,0
02-Feb-20 11:20:00 am,0
02-Feb-20 11:55:00 am,0
02-Feb-20 12:30:00 pm,0
02-Feb-20 01:05:00 pm,0
02-Feb-20 01:40:00 pm,0
02-Feb-20 02:15:00 pm,0
02-Feb-20 02:50:00 pm,0
02-Feb-20 03:25:00 pm,0
02-Feb-20 04:00:00 pm,0
02-Feb-20 04:35:00 pm,0
02-Feb-20 05:10:00 pm,0
02-Feb-20 05:45:00 pm,0
02-Feb-20 06:20:00 pm,0
02-Feb-20 06:55:00 pm,0
02-Feb-20 07:30:00 pm,0
02-Feb-20 08:05:00 pm,0
02-Feb-20 08:40:00 pm,0
02-Feb-20 09:15:00 pm,0
02-Feb-20 09:50:00 pm,0
02-Feb-20 10:25:00 pm,0
02-Feb-20 11:00:00 pm,0
02-Feb-20 11:35:00 pm,0
03-Feb-20 12:10:00 am,0
03-Feb-20 12:45:00 am,0
03-Feb-20 01:20:00 am,0
03-Feb-20 01:55:00 am,0
03-Feb-20 02:30:00 am,0
03-Feb-20 03:05:00 am,0
03-Feb-20 03:40:00 am,0
03-Feb-20 04:15:00 am,0
03-Feb-20 04:50:00 am,0
03-Feb-20 05:25:00 am,0
03-Feb-20 06:00:00 am,13
03-Feb-20 06:35:00 am,26
03-Feb-20 07:10:00 am,30
03-Feb-20 07:45:00 am,30
03-Feb-20 08:20:00 am,30
03-Feb-20 08:55:00 am,30
03-Feb-20 09:30:00 am,40
03-Feb-20 10:05:00 am,41
03-Feb-20 10:40:00 am,43
03-Feb-20 11:15:00 am,44
03-Feb-20 11:50:00 am,44
03-Feb-20 12:25:00 pm,44
03-Feb-20 01:00:00 pm,44
03-Feb-20 01:35:00 pm,46
03-Feb-20 02:10:00 pm,52
03-Feb-20 02:45:00 pm,54
03-Feb-20 03:20:00 pm,78
03-Feb-20 03:55:00 pm,81
03-Feb-20 04:30:00 pm,77
03-Feb-20 05:05:00 pm,74
03-Feb-20 05:40:00 pm,73
03-Feb-20 06:15:00 pm,0
03-Feb-20 06:50:00 pm,0
03-Feb-20 07:25:00 pm,0
03-Feb-20 08:00:00 pm,0
03-Feb-20 08:35:00 pm,0
03-Feb-20 09:10:00 pm,0
03-Feb-20 09:45:00 pm,7
03-Feb-20 10:20:00 pm,10
03-Feb-20 10:55:00 pm,0
03-Feb-20 11:30:00 pm,0
04-Feb-20 12:05:00 am,0
04-Feb-20 12:40:00 am,0
04-Feb-20 01:15:00 am,0
04-Feb-20 01:50:00 am,0
04-Feb-20 02:25:00 am,0
04-Feb-20 03:00:00 am,0
04-Feb-20 03:35:00 am,0
04-Feb-20 04:10:00 am,0
04-Feb-20 04:45:00 am,0
04-Feb-20 05:20:00 am,0
04-Feb-20 05:55:00 am,10
04-Feb-20 06:30:00 am,24
04-Feb-20 07:05:00 am,33
04-Feb-20 07:40:00 am,33
04-Feb-20 08:15:00 am,33
04-Feb-20 08:50:00 am,33
04-Feb-20 09:25:00 am,45
04-Feb-20 10:00:00 am,77
04-Feb-20 10:35:00 am,74
04-Feb-20 11:10:00 am,72
04-Feb-20 11:45:00 am,72
04-Feb-20 12:20:00 pm,71
04-Feb-20 12:55:00 pm,61
04-Feb-20 01:30:00 pm,31
04-Feb-20 02:05:00 pm,22
04-Feb-20 02:40:00 pm,23
04-Feb-20 03:15:00 pm,71
04-Feb-20 03:50:00 pm,74
04-Feb-20 04:25:00 pm,57
04-Feb-20 05:00:00 pm,44
04-Feb-20 05:35:00 pm,44
04-Feb-20 06:10:00 pm,0
04-Feb-20 06:45:00 pm,0
04-Feb-20 07:20:00 pm,0
04-Feb-20 07:55:00 pm,0
04-Feb-20 08:30:00 pm,0
04-Feb-20 09:05:00 pm,0
04-Feb-20 09:40:00 pm,0
04-Feb-20 10:15:00 pm,7
04-Feb-20 10:50:00 pm,0
04-Feb-20 11:25:00 pm,0
05-Feb-20 12:00:00 am,0
05-Feb-20 12:35:00 am,0
05-Feb-20 01:10:00 am,0
05-Feb-20 01:45:00 am,0
05-Feb-20 02:20:00 am,0
05-Feb-20 02:55:00 am,0
05-Feb-20 03:30:00 am,0
05-Feb-20 04:05:00 am,0
05-Feb-20 04:40:00 am,0
05-Feb-20 05:15:00 am,0
05-Feb-20 05:50:00 am,12
05-Feb-20 06:25:00 am,36
05-Feb-20 07:00:00 am,40
05-Feb-20 07:35:00 am,41
05-Feb-20 08:10:00 am,48
05-Feb-20 08:45:00 am,48
05-Feb-20 09:20:00 am,48
05-Feb-20 09:55:00 am,75
05-Feb-20 10:30:00 am,85
05-Feb-20 11:05:00 am,86
05-Feb-20 11:40:00 am,86
05-Feb-20 12:15:00 pm,86
05-Feb-20 12:50:00 pm,86
05-Feb-20 01:25:00 pm,86
05-Feb-20 02:00:00 pm,86
05-Feb-20 02:35:00 pm,86
05-Feb-20 03:10:00 pm,78
05-Feb-20 03:45:00 pm,82
05-Feb-20 04:20:00 pm,87
05-Feb-20 04:55:00 pm,73
05-Feb-20 05:30:00 pm,61
05-Feb-20 06:05:00 pm,0
05-Feb-20 06:40:00 pm,0
05-Feb-20 07:15:00 pm,0
05-Feb-20 07:50:00 pm,0
05-Feb-20 08:25:00 pm,0
05-Feb-20 09:00:00 pm,0
05-Feb-20 09:35:00 pm,0
05-Feb-20 10:10:00 pm,0
05-Feb-20 10:45:00 pm,0
05-Feb-20 11:20:00 pm,0
05-Feb-20 11:55:00 pm,0
06-Feb-20 12:30:00 am,0
06-Feb-20 01:05:00 am,0
06-Feb-20 01:40:00 am,0
06-Feb-20 02:15:00 am,0
06-Feb-20 02:50:00 am,0
06-Feb-20 03:25:00 am,0
06-Feb-20 04:00:00 am,0
06-Feb-20 04:35:00 am,0
06-Feb-20 05:10:00 am,0
06-Feb-20 05:45:00 am,11
06-Feb-20 06:20:00 am,56
06-Feb-20 06:55:00 am,58
06-Feb-20 07:30:00 am,58
06-Feb-20 08:05:00 am,58
06-Feb-20 08:40:00 am,58
06-Feb-20 09:15:00 am,58
06-Feb-20 09:50:00 am,59
06-Feb-20 10:25:00 am,60
06-Feb-20 11:00:00 am,60
06-Feb-20 11:35:00 am,60
06-Feb-20 12:10:00 pm,60
06-Feb-20 12:45:00 pm,60
06-Feb-20 01:20:00 pm,60
06-Feb-20 01:55:00 pm,60
06-Feb-20 02:30:00 pm,60
06-Feb-20 03:05:00 pm,60
06-Feb-20 03:40:00 pm,60
06-Feb-20 04:15:00 pm,60
06-Feb-20 04:50:00 pm,60
06-Feb-20 05:25:00 pm,69
06-Feb-20 06:00:00 pm,21
06-Feb-20 06:35:00 pm,0
06-Feb-20 07:10:00 pm,0
06-Feb-20 07:45:00 pm,0
06-Feb-20 08:20:00 pm,0
06-Feb-20 08:55:00 pm,0
06-Feb-20 09:30:00 pm,0
06-Feb-20 10:05:00 pm,0
06-Feb-20 10:40:00 pm,0
06-Feb-20 11:15:00 pm,0
06-Feb-20 11:50:00 pm,0
07-Feb-20 12:25:00 am,0
07-Feb-20 01:00:00 am,0
07-Feb-20 01:35:00 am,0
07-Feb-20 02:10:00 am,0
07-Feb-20 02:45:00 am,0
07-Feb-20 03:20:00 am,0
07-Feb-20 03:55:00 am,0
07-Feb-20 04:30:00 am,0
07-Feb-20 05:05:00 am,0
07-Feb-20 05:40:00 am,0
07-Feb-20 06:15:00 am,40
07-Feb-20 06:50:00 am,53
07-Feb-20 07:25:00 am,54
07-Feb-20 08:00:00 am,54
07-Feb-20 08:35:00 am,54
07-Feb-20 09:10:00 am,62
07-Feb-20 09:45:00 am,64
07-Feb-20 10:20:00 am,66
07-Feb-20 10:55:00 am,66
07-Feb-20 11:30:00 am,68
07-Feb-20 12:05:00 pm,72
07-Feb-20 12:40:00 pm,72
07-Feb-20 01:15:00 pm,75
07-Feb-20 01:50:00 pm,76
07-Feb-20 02:25:00 pm,76
07-Feb-20 03:00:00 pm,84
07-Feb-20 03:35:00 pm,90
07-Feb-20 04:10:00 pm,92
07-Feb-20 04:45:00 pm,89
07-Feb-20 05:20:00 pm,83
07-Feb-20 05:55:00 pm,40
07-Feb-20 06:30:00 pm,0
07-Feb-20 07:05:00 pm,0
07-Feb-20 07:40:00 pm,0
07-Feb-20 08:15:00 pm,0
07-Feb-20 08:50:00 pm,0
07-Feb-20 09:25:00 pm,0
07-Feb-20 10:00:00 pm,0
07-Feb-20 10:35:00 pm,0
07-Feb-20 11:10:00 pm,0
07-Feb-20 11:45:00 pm,0
08-Feb-20 12:20:00 am,0
08-Feb-20 12:55:00 am,0
08-Feb-20 01:30:00 am,0
08-Feb-20 02:05:00 am,0
08-Feb-20 02:40:00 am,0
08-Feb-20 03:15:00 am,0
08-Feb-20 03:50:00 am,0
08-Feb-20 04:25:00 am,0
08-Feb-20 05:00:00 am,0
08-Feb-20 05:35:00 am,0
08-Feb-20 06:10:00 am,0
08-Feb-20 06:45:00 am,0
08-Feb-20 07:20:00 am,0
08-Feb-20 07:55:00 am,0
08-Feb-20 08:30:00 am,0
08-Feb-20 09:05:00 am,0
08-Feb-20 09:40:00 am,0
08-Feb-20 10:15:00 am,0
08-Feb-20 10:50:00 am,0
08-Feb-20 11:25:00 am,0
08-Feb-20 12:00:00 pm,0
08-Feb-20 12:35:00 pm,0
08-Feb-20 01:10:00 pm,0
08-Feb-20 01:45:00 pm,0
08-Feb-20 02:20:00 pm,0
08-Feb-20 02:55:00 pm,0
08-Feb-20 03:30:00 pm,0
08-Feb-20 04:05:00 pm,0
08-Feb-20 04:40:00 pm,0
08-Feb-20 05:15:00 pm,0
08-Feb-20 05:50:00 pm,0
08-Feb-20 06:25:00 pm,0
08-Feb-20 07:00:00 pm,0
08-Feb-20 07:35:00 pm,0
08-Feb-20 08:10:00 pm,0
08-Feb-20 08:45:00 pm,0
08-Feb-20 09:20:00 pm,0
08-Feb-20 09:55:00 pm,0
08-Feb-20 10:30:00 pm,0
08-Feb-20 11:05:00 pm,0
08-Feb-20 11:40:00 pm,0
09-Feb-20 12:15:00 am,0
09-Feb-20 12:50:00 am,0
09-Feb-20 01:25:00 am,0
09-Feb-20 02:00:00 am,0
09-Feb-20 02:35:00 am,0
09-Feb-20 03:10:00 am,0
09-Feb-20 03:45:00 am,0
09-Feb-20 04:20:00 am,2
09-Feb-20 04:55:00 am,10
09-Feb-20 05:30:00 am,0
09-Feb-20 06:05:00 am,0
09-Feb-20 06:40:00 am,0
09-Feb-20 07:15:00 am,0
09-Feb-20 07:50:00 am,0
09-Feb-20 08:25:00 am,0
09-Feb-20 09:00:00 am,0
09-Feb-20 09:35:00 am,0
09-Feb-20 10:10:00 am,0
09-Feb-20 10:45:00 am,0
09-Feb-20 11:20:00 am,0
09-Feb-20 11:55:00 am,0
09-Feb-20 12:30:00 pm,0
09-Feb-20 01:05:00 pm,0
09-Feb-20 01:40:00 pm,0
09-Feb-20 02:15:00 pm,0
09-Feb-20 02:50:00 pm,0
09-Feb-20 03:25:00 pm,0
09-Feb-20 04:00:00 pm,0
09-Feb-20 04:35:00 pm,0
09-Feb-20 05:10:00 pm,0
09-Feb-20 05:45:00 pm,13
09-Feb-20 06:20:00 pm,0
09-Feb-20 06:55:00 pm,0
09-Feb-20 07:30:00 pm,0
09-Feb-20 08:05:00 pm,0
09-Feb-20 08:40:00 pm,0
09-Feb-20 09:15:00 pm,0
09-Feb-20 09:50:00 pm,0
09-Feb-20 10:25:00 pm,0
09-Feb-20 11:00:00 pm,0
09-Feb-20 11:35:00 pm,0
10-Feb-20 12:10:00 am,0
10-Feb-20 12:45:00 am,0
10-Feb-20 01:20:00 am,0
10-Feb-20 01:55:00 am,0
10-Feb-20 02:30:00 am,0
10-Feb-20 03:05:00 am,0
10-Feb-20 03:40:00 am,0
10-Feb-20 04:15:00 am,0
10-Feb-20 04:50:00 am,0
10-Feb-20 05:25:00 am,0
10-Feb-20 06:00:00 am,15
10-Feb-20 06:35:00 am,28
10-Feb-20 07:10:00 am,35
10-Feb-20 07:45:00 am,37
10-Feb-20 08:20:00 am,37
10-Feb-20 08:55:00 am,40
10-Feb-20 09:30:00 am,44
10-Feb-20 10:05:00 am,51
10-Feb-20 10:40:00 am,56
10-Feb-20 11:15:00 am,56
10-Feb-20 11:50:00 am,59
10-Feb-20 12:25:00 pm,64
10-Feb-20 01:00:00 pm,79
10-Feb-20 01:35:00 pm,92
10-Feb-20 02:10:00 pm,92
10-Feb-20 02:45:00 pm,92
10-Feb-20 03:20:00 pm,88
10-Feb-20 03:55:00 pm,83
10-Feb-20 04:30:00 pm,81
10-Feb-20 05:05:00 pm,79
10-Feb-20 05:40:00 pm,78
10-Feb-20 06:15:00 pm,0
10-Feb-20 06:50:00 pm,0
10-Feb-20 07:25:00 pm,0
10-Feb-20 08:00:00 pm,0
10-Feb-20 08:35:00 pm,0
10-Feb-20 09:10:00 pm,0
10-Feb-20 09:45:00 pm,0
10-Feb-20 10:20:00 pm,0
10-Feb-20 10:55:00 pm,0
10-Feb-20 11:30:00 pm,0
11-Feb-20 12:05:00 am,0
11-Feb-20 12:40:00 am,0
11-Feb-20 01:15:00 am,0
11-Feb-20 01:50:00 am,0
11-Feb-20 02:25:00 am,0
11-Feb-20 03:00:00 am,13
11-Feb-20 03:35:00 am,0
11-Feb-20 04:10:00 am,0
11-Feb-20 04:45:00 am,0
11-Feb-20 05:20:00 am,0
11-Feb-20 05:55:00 am,10
11-Feb-20 06:30:00 am,21
11-Feb-20 07:05:00 am,25
11-Feb-20 07:40:00 am,26
11-Feb-20 08:15:00 am,31
11-Feb-20 08:50:00 am,32
11-Feb-20 09:25:00 am,32
11-Feb-20 10:00:00 am,36
11-Feb-20 10:35:00 am,40
11-Feb-20 11:10:00 am,40
11-Feb-20 11:45:00 am,40
11-Feb-20 12:20:00 pm,44
11-Feb-20 12:55:00 pm,58
11-Feb-20 01:30:00 pm,59
11-Feb-20 02:05:00 pm,79
11-Feb-20 02:40:00 pm,86
11-Feb-20 03:15:00 pm,76
11-Feb-20 03:50:00 pm,58
11-Feb-20 04:25:00 pm,57
11-Feb-20 05:00:00 pm,57
11-Feb-20 05:35:00 pm,56
11-Feb-20 06:10:00 pm,0
11-Feb-20 06:45:00 pm,0
11-Feb-20 07:20:00 pm,0
11-Feb-20 07:55:00 pm,0
11-Feb-20 08:30:00 pm,0
11-Feb-20 09:05:00 pm,0
11-Feb-20 09:40:00 pm,0
11-Feb-20 10:15:00 pm,0
11-Feb-20 10:50:00 pm,0
11-Feb-20 11:25:00 pm,0
12-Feb-20 12:00:00 am,0
12-Feb-20 12:35:00 am,0
12-Feb-20 01:10:00 am,0
12-Feb-20 01:45:00 am,0
12-Feb-20 02:20:00 am,0
12-Feb-20 02:55:00 am,0
12-Feb-20 03:30:00 am,0
12-Feb-20 04:05:00 am,0
12-Feb-20 04:40:00 am,0
12-Feb-20 05:15:00 am,0
12-Feb-20 05:50:00 am,16
12-Feb-20 06:25:00 am,37
12-Feb-20 07:00:00 am,37
12-Feb-20 07:35:00 am,37
12-Feb-20 08:10:00 am,53
12-Feb-20 08:45:00 am,81
12-Feb-20 09:20:00 am,79
12-Feb-20 09:55:00 am,79
12-Feb-20 10:30:00 am,78
12-Feb-20 11:05:00 am,64
12-Feb-20 11:40:00 am,59
12-Feb-20 12:15:00 pm,59
12-Feb-20 12:50:00 pm,59
12-Feb-20 01:25:00 pm,61
12-Feb-20 02:00:00 pm,69
12-Feb-20 02:35:00 pm,73
12-Feb-20 03:10:00 pm,72
12-Feb-20 03:45:00 pm,62
12-Feb-20 04:20:00 pm,62
12-Feb-20 04:55:00 pm,62
12-Feb-20 05:30:00 pm,60
12-Feb-20 06:05:00 pm,0
12-Feb-20 06:40:00 pm,0
12-Feb-20 07:15:00 pm,0
12-Feb-20 07:50:00 pm,0
12-Feb-20 08:25:00 pm,0
12-Feb-20 09:00:00 pm,0
12-Feb-20 09:35:00 pm,0
12-Feb-20 10:10:00 pm,40
12-Feb-20 10:45:00 pm,0
12-Feb-20 11:20:00 pm,0
12-Feb-20 11:55:00 pm,0
13-Feb-20 12:30:00 am,0
13-Feb-20 01:05:00 am,0
13-Feb-20 01:40:00 am,0
13-Feb-20 02:15:00 am,0
13-Feb-20 02:50:00 am,0
13-Feb-20 03:25:00 am,0
13-Feb-20 04:00:00 am,0
13-Feb-20 04:35:00 am,0
13-Feb-20 05:10:00 am,0
13-Feb-20 05:45:00 am,8
13-Feb-20 06:20:00 am,29
13-Feb-20 06:55:00 am,35
13-Feb-20 07:30:00 am,38
13-Feb-20 08:05:00 am,43
13-Feb-20 08:40:00 am,45
13-Feb-20 09:15:00 am,45
13-Feb-20 09:50:00 am,45
13-Feb-20 10:25:00 am,48
13-Feb-20 11:00:00 am,50
13-Feb-20 11:35:00 am,50
13-Feb-20 12:10:00 pm,52
13-Feb-20 12:45:00 pm,60
13-Feb-20 01:20:00 pm,60
13-Feb-20 01:55:00 pm,60
13-Feb-20 02:30:00 pm,60
13-Feb-20 03:05:00 pm,60
13-Feb-20 03:40:00 pm,61
13-Feb-20 04:15:00 pm,57
13-Feb-20 04:50:00 pm,62
13-Feb-20 05:25:00 pm,80
13-Feb-20 06:00:00 pm,27
13-Feb-20 06:35:00 pm,0
13-Feb-20 07:10:00 pm,0
13-Feb-20 07:45:00 pm,0
13-Feb-20 08:20:00 pm,0
13-Feb-20 08:55:00 pm,0
13-Feb-20 09:30:00 pm,0
13-Feb-20 10:05:00 pm,0
13-Feb-20 10:40:00 pm,0
13-Feb-20 11:15:00 pm,0
13-Feb-20 11:50:00 pm,0
14-Feb-20 12:25:00 am,0
14-Feb-20 01:00:00 am,0
14-Feb-20 01:35:00 am,0
14-Feb-20 02:10:00 am,0
14-Feb-20 02:45:00 am,0
14-Feb-20 03:20:00 am,0
14-Feb-20 03:55:00 am,0
14-Feb-20 04:30:00 am,0
14-Feb-20 05:05:00 am,0
14-Feb-20 05:40:00 am,0
14-Feb-20 06:15:00 am,37
14-Feb-20 06:50:00 am,43
14-Feb-20 07:25:00 am,48
14-Feb-20 08:00:00 am,49
14-Feb-20 08:35:00 am,50
14-Feb-20 09:10:00 am,56
14-Feb-20 09:45:00 am,81
14-Feb-20 10:20:00 am,84
14-Feb-20 10:55:00 am,85
14-Feb-20 11:30:00 am,86
14-Feb-20 12:05:00 pm,88
14-Feb-20 12:40:00 pm,78
14-Feb-20 01:15:00 pm,68
14-Feb-20 01:50:00 pm,75
14-Feb-20 02:25:00 pm,87
14-Feb-20 03:00:00 pm,75
14-Feb-20 03:35:00 pm,63
14-Feb-20 04:10:00 pm,63
14-Feb-20 04:45:00 pm,63
14-Feb-20 05:20:00 pm,62
14-Feb-20 05:55:00 pm,30
14-Feb-20 06:30:00 pm,0
14-Feb-20 07:05:00 pm,0
14-Feb-20 07:40:00 pm,0
14-Feb-20 08:15:00 pm,0
14-Feb-20 08:50:00 pm,0
14-Feb-20 09:25:00 pm,0
14-Feb-20 10:00:00 pm,0
14-Feb-20 10:35:00 pm,0
14-Feb-20 11:10:00 pm,0
14-Feb-20 11:45:00 pm,0
15-Feb-20 12:20:00 am,0
15-Feb-20 12:55:00 am,0
15-Feb-20 01:30:00 am,0
15-Feb-20 02:05:00 am,0
15-Feb-20 02:40:00 am,0
15-Feb-20 03:15:00 am,0
15-Feb-20 03:50:00 am,0
15-Feb-20 04:25:00 am,0
15-Feb-20 05:00:00 am,0
15-Feb-20 05:35:00 am,0
15-Feb-20 06:10:00 am,0
15-Feb-20 06:45:00 am,0
15-Feb-20 07:20:00 am,0
15-Feb-20 07:55:00 am,0
15-Feb-20 08:30:00 am,0
15-Feb-20 09:05:00 am,0
15-Feb-20 09:40:00 am,0
15-Feb-20 10:15:00 am,0
15-Feb-20 10:50:00 am,0
15-Feb-20 11:25:00 am,0
15-Feb-20 12:00:00 pm,0
15-Feb-20 12:35:00 pm,0
15-Feb-20 01:10:00 pm,0
15-Feb-20 01:45:00 pm,0
15-Feb-20 02:20:00 pm,0
15-Feb-20 02:55:00 pm,0
15-Feb-20 03:30:00 pm,0
15-Feb-20 04:05:00 pm,0
15-Feb-20 04:40:00 pm,0
15-Feb-20 05:15:00 pm,0
15-Feb-20 05:50:00 pm,0
15-Feb-20 06:25:00 pm,0
15-Feb-20 07:00:00 pm,0
15-Feb-20 07:35:00 pm,0
15-Feb-20 08:10:00 pm,0
15-Feb-20 08:45:00 pm,0
15-Feb-20 09:20:00 pm,0
15-Feb-20 09:55:00 pm,0
15-Feb-20 10:30:00 pm,0
15-Feb-20 11:05:00 pm,0
15-Feb-20 11:40:00 pm,0
16-Feb-20 12:15:00 am,0
16-Feb-20 12:50:00 am,0
16-Feb-20 01:25:00 am,0
16-Feb-20 02:00:00 am,0
16-Feb-20 02:35:00 am,0
16-Feb-20 03:10:00 am,0
16-Feb-20 03:45:00 am,0
16-Feb-20 04:20:00 am,0
16-Feb-20 04:55:00 am,0
16-Feb-20 05:30:00 am,0
16-Feb-20 06:05:00 am,0
16-Feb-20 06:40:00 am,0
16-Feb-20 07:15:00 am,0
16-Feb-20 07:50:00 am,0
16-Feb-20 08:25:00 am,0
16-Feb-20 09:00:00 am,0
16-Feb-20 09:35:00 am,0
16-Feb-20 10:10:00 am,0
16-Feb-20 10:45:00 am,0
16-Feb-20 11:20:00 am,0
16-Feb-20 11:55:00 am,0
16-Feb-20 12:30:00 pm,0
16-Feb-20 01:05:00 pm,0
16-Feb-20 01:40:00 pm,0
16-Feb-20 02:15:00 pm,0
16-Feb-20 02:50:00 pm,0
16-Feb-20 03:25:00 pm,0
16-Feb-20 04:00:00 pm,0
16-Feb-20 04:35:00 pm,0
16-Feb-20 05:10:00 pm,0
16-Feb-20 05:45:00 pm,0
16-Feb-20 06:20:00 pm,0
16-Feb-20 06:55:00 pm,10
16-Feb-20 07:30:00 pm,0
16-Feb-20 08:05:00 pm,0
16-Feb-20 08:40:00 pm,0
16-Feb-20 09:15:00 pm,0
16-Feb-20 09:50:00 pm,0
16-Feb-20 10:25:00 pm,0
16-Feb-20 11:00:00 pm,0
16-Feb-20 11:35:00 pm,0
17-Feb-20 12:10:00 am,0
17-Feb-20 12:45:00 am,0
17-Feb-20 01:20:00 am,0
17-Feb-20 01:55:00 am,0
17-Feb-20 02:30:00 am,0
17-Feb-20 03:05:00 am,0
17-Feb-20 03:40:00 am,0
17-Feb-20 04:15:00 am,0
17-Feb-20 04:50:00 am,0
17-Feb-20 05:25:00 am,0
17-Feb-20 06:00:00 am,13
17-Feb-20 06:35:00 am,21
17-Feb-20 07:10:00 am,24
17-Feb-20 07:45:00 am,25
17-Feb-20 08:20:00 am,26
17-Feb-20 08:55:00 am,40
17-Feb-20 09:30:00 am,48
17-Feb-20 10:05:00 am,58
17-Feb-20 10:40:00 am,58
17-Feb-20 11:15:00 am,59
17-Feb-20 11:50:00 am,59
17-Feb-20 12:25:00 pm,59
17-Feb-20 01:00:00 pm,63
17-Feb-20 01:35:00 pm,63
17-Feb-20 02:10:00 pm,63
17-Feb-20 02:45:00 pm,68
17-Feb-20 03:20:00 pm,72
17-Feb-20 03:55:00 pm,84
17-Feb-20 04:30:00 pm,80
17-Feb-20 05:05:00 pm,77
17-Feb-20 05:40:00 pm,76
17-Feb-20 06:15:00 pm,0
17-Feb-20 06:50:00 pm,0
17-Feb-20 07:25:00 pm,0
17-Feb-20 08:00:00 pm,0
17-Feb-20 08:35:00 pm,0
17-Feb-20 09:10:00 pm,0
17-Feb-20 09:45:00 pm,0
17-Feb-20 10:20:00 pm,0
17-Feb-20 10:55:00 pm,0
17-Feb-20 11:30:00 pm,0
18-Feb-20 12:05:00 am,0
18-Feb-20 12:40:00 am,0
18-Feb-20 01:15:00 am,0
18-Feb-20 01:50:00 am,0
18-Feb-20 02:25:00 am,0
18-Feb-20 03:00:00 am,0
18-Feb-20 03:35:00 am,0
18-Feb-20 04:10:00 am,0
18-Feb-20 04:45:00 am,0
18-Feb-20 05:20:00 am,0
18-Feb-20 05:55:00 am,10
18-Feb-20 06:30:00 am,20
18-Feb-20 07:05:00 am,20
18-Feb-20 07:40:00 am,20
18-Feb-20 08:15:00 am,20
18-Feb-20 08:50:00 am,21
18-Feb-20 09:25:00 am,57
18-Feb-20 10:00:00 am,80
18-Feb-20 10:35:00 am,82
18-Feb-20 11:10:00 am,83
18-Feb-20 11:45:00 am,85
18-Feb-20 12:20:00 pm,86
18-Feb-20 12:55:00 pm,87
18-Feb-20 01:30:00 pm,88
18-Feb-20 02:05:00 pm,88
18-Feb-20 02:40:00 pm,88
18-Feb-20 03:15:00 pm,84
18-Feb-20 03:50:00 pm,82
18-Feb-20 04:25:00 pm,81
18-Feb-20 05:00:00 pm,80
18-Feb-20 05:35:00 pm,78
18-Feb-20 06:10:00 pm,0
18-Feb-20 06:45:00 pm,0
18-Feb-20 07:20:00 pm,0
18-Feb-20 07:55:00 pm,0
18-Feb-20 08:30:00 pm,13
18-Feb-20 09:05:00 pm,0
18-Feb-20 09:40:00 pm,0
18-Feb-20 10:15:00 pm,0
18-Feb-20 10:50:00 pm,0
18-Feb-20 11:25:00 pm,0
19-Feb-20 12:00:00 am,0
19-Feb-20 12:35:00 am,0
19-Feb-20 01:10:00 am,0
19-Feb-20 01:45:00 am,0
19-Feb-20 02:20:00 am,0
19-Feb-20 02:55:00 am,0
19-Feb-20 03:30:00 am,0
19-Feb-20 04:05:00 am,0
19-Feb-20 04:40:00 am,0
19-Feb-20 05:15:00 am,0
19-Feb-20 05:50:00 am,10
19-Feb-20 06:25:00 am,20
19-Feb-20 07:00:00 am,20
19-Feb-20 07:35:00 am,20
19-Feb-20 08:10:00 am,22
19-Feb-20 08:45:00 am,25
19-Feb-20 09:20:00 am,35
19-Feb-20 09:55:00 am,73
19-Feb-20 10:30:00 am,88
19-Feb-20 11:05:00 am,92
19-Feb-20 11:40:00 am,98
19-Feb-20 12:15:00 pm,100
19-Feb-20 12:50:00 pm,100
19-Feb-20 01:25:00 pm,100
19-Feb-20 02:00:00 pm,100
19-Feb-20 02:35:00 pm,100
19-Feb-20 03:10:00 pm,100
19-Feb-20 03:45:00 pm,100
19-Feb-20 04:20:00 pm,100
19-Feb-20 04:55:00 pm,100
19-Feb-20 05:30:00 pm,85
19-Feb-20 06:05:00 pm,0
19-Feb-20 06:40:00 pm,0
19-Feb-20 07:15:00 pm,0
19-Feb-20 07:50:00 pm,0
19-Feb-20 08:25:00 pm,0
19-Feb-20 09:00:00 pm,0
19-Feb-20 09:35:00 pm,0
19-Feb-20 10:10:00 pm,20
19-Feb-20 10:45:00 pm,0
19-Feb-20 11:20:00 pm,0
19-Feb-20 11:55:00 pm,0
20-Feb-20 12:30:00 am,0
20-Feb-20 01:05:00 am,0
20-Feb-20 01:40:00 am,0
20-Feb-20 02:15:00 am,0
20-Feb-20 02:50:00 am,0
20-Feb-20 03:25:00 am,0
20-Feb-20 04:00:00 am,0
20-Feb-20 04:35:00 am,0
20-Feb-20 05:10:00 am,0
20-Feb-20 05:45:00 am,7
20-Feb-20 06:20:00 am,20
20-Feb-20 06:55:00 am,20
20-Feb-20 07:30:00 am,20
20-Feb-20 08:05:00 am,22
20-Feb-20 08:40:00 am,25
20-Feb-20 09:15:00 am,39
20-Feb-20 09:50:00 am,47
20-Feb-20 10:25:00 am,57
20-Feb-20 11:00:00 am,74
20-Feb-20 11:35:00 am,96
20-Feb-20 12:10:00 pm,100
20-Feb-20 12:45:00 pm,100
20-Feb-20 01:20:00 pm,100
20-Feb-20 01:55:00 pm,100
20-Feb-20 02:30:00 pm,100
20-Feb-20 03:05:00 pm,100
20-Feb-20 03:40:00 pm,100
20-Feb-20 04:15:00 pm,100
20-Feb-20 04:50:00 pm,100
20-Feb-20 05:25:00 pm,89
20-Feb-20 06:00:00 pm,27
20-Feb-20 06:35:00 pm,0
20-Feb-20 07:10:00 pm,0
20-Feb-20 07:45:00 pm,0
20-Feb-20 08:20:00 pm,0
20-Feb-20 08:55:00 pm,20
20-Feb-20 09:30:00 pm,0
20-Feb-20 10:05:00 pm,0
20-Feb-20 10:40:00 pm,0
20-Feb-20 11:15:00 pm,0
20-Feb-20 11:50:00 pm,0
21-Feb-20 12:25:00 am,0
21-Feb-20 01:00:00 am,0
21-Feb-20 01:35:00 am,0
21-Feb-20 02:10:00 am,0
21-Feb-20 02:45:00 am,0
21-Feb-20 03:20:00 am,0
21-Feb-20 03:55:00 am,0
21-Feb-20 04:30:00 am,0
21-Feb-20 05:05:00 am,0
21-Feb-20 05:40:00 am,0
21-Feb-20 06:15:00 am,20
21-Feb-20 06:50:00 am,20
21-Feb-20 07:25:00 am,20
21-Feb-20 08:00:00 am,23
21-Feb-20 08:35:00 am,25
21-Feb-20 09:10:00 am,44
21-Feb-20 09:45:00 am,52
21-Feb-20 10:20:00 am,52
21-Feb-20 10:55:00 am,60
21-Feb-20 11:30:00 am,69
21-Feb-20 12:05:00 pm,86
21-Feb-20 12:40:00 pm,72
21-Feb-20 01:15:00 pm,86
21-Feb-20 01:50:00 pm,100
21-Feb-20 02:25:00 pm,100
21-Feb-20 03:00:00 pm,100
21-Feb-20 03:35:00 pm,100
21-Feb-20 04:10:00 pm,100
21-Feb-20 04:45:00 pm,100
21-Feb-20 05:20:00 pm,97
21-Feb-20 05:55:00 pm,42
21-Feb-20 06:30:00 pm,0
21-Feb-20 07:05:00 pm,0
21-Feb-20 07:40:00 pm,0
21-Feb-20 08:15:00 pm,0
21-Feb-20 08:50:00 pm,0
21-Feb-20 09:25:00 pm,0
21-Feb-20 10:00:00 pm,0
21-Feb-20 10:35:00 pm,0
21-Feb-20 11:10:00 pm,0
21-Feb-20 11:45:00 pm,0
22-Feb-20 12:20:00 am,0
22-Feb-20 12:55:00 am,0
22-Feb-20 01:30:00 am,0
22-Feb-20 02:05:00 am,0
22-Feb-20 02:40:00 am,0
22-Feb-20 03:15:00 am,0
22-Feb-20 03:50:00 am,0
22-Feb-20 04:25:00 am,0
22-Feb-20 05:00:00 am,0
22-Feb-20 05:35:00 am,0
22-Feb-20 06:10:00 am,0
22-Feb-20 06:45:00 am,0
22-Feb-20 07:20:00 am,0
22-Feb-20 07:55:00 am,0
22-Feb-20 08:30:00 am,0
22-Feb-20 09:05:00 am,0
22-Feb-20 09:40:00 am,0
22-Feb-20 10:15:00 am,0
22-Feb-20 10:50:00 am,0
22-Feb-20 11:25:00 am,0
22-Feb-20 12:00:00 pm,0
22-Feb-20 12:35:00 pm,0
22-Feb-20 01:10:00 pm,0
22-Feb-20 01:45:00 pm,0
22-Feb-20 02:20:00 pm,0
22-Feb-20 02:55:00 pm,0
22-Feb-20 03:30:00 pm,0
22-Feb-20 04:05:00 pm,0
22-Feb-20 04:40:00 pm,0
22-Feb-20 05:15:00 pm,0
22-Feb-20 05:50:00 pm,0
22-Feb-20 06:25:00 pm,0
22-Feb-20 07:00:00 pm,0
22-Feb-20 07:35:00 pm,0
22-Feb-20 08:10:00 pm,0
22-Feb-20 08:45:00 pm,0
22-Feb-20 09:20:00 pm,0
22-Feb-20 09:55:00 pm,0
22-Feb-20 10:30:00 pm,0
22-Feb-20 11:05:00 pm,0
22-Feb-20 11:40:00 pm,0
23-Feb-20 12:15:00 am,0
23-Feb-20 12:50:00 am,0
23-Feb-20 01:25:00 am,0
23-Feb-20 02:00:00 am,0
23-Feb-20 02:35:00 am,0
23-Feb-20 03:10:00 am,0
23-Feb-20 03:45:00 am,0
23-Feb-20 04:20:00 am,0
23-Feb-20 04:55:00 am,0
23-Feb-20 05:30:00 am,0
23-Feb-20 06:05:00 am,0
23-Feb-20 06:40:00 am,0
23-Feb-20 07:15:00 am,0
23-Feb-20 07:50:00 am,0
23-Feb-20 08:25:00 am,0
23-Feb-20 09:00:00 am,0
23-Feb-20 09:35:00 am,0
23-Feb-20 10:10:00 am,0
23-Feb-20 10:45:00 am,0
23-Feb-20 11:20:00 am,0
23-Feb-20 11:55:00 am,0
23-Feb-20 12:30:00 pm,0
23-Feb-20 01:05:00 pm,0
23-Feb-20 01:40:00 pm,0
23-Feb-20 02:15:00 pm,0
23-Feb-20 02:50:00 pm,0
23-Feb-20 03:25:00 pm,0
23-Feb-20 04:00:00 pm,0
23-Feb-20 04:35:00 pm,0
23-Feb-20 05:10:00 pm,0
23-Feb-20 05:45:00 pm,0
23-Feb-20 06:20:00 pm,0
23-Feb-20 06:55:00 pm,20
23-Feb-20 07:30:00 pm,0
23-Feb-20 08:05:00 pm,0
23-Feb-20 08:40:00 pm,0
23-Feb-20 09:15:00 pm,0
23-Feb-20 09:50:00 pm,0
23-Feb-20 10:25:00 pm,0
23-Feb-20 11:00:00 pm,0
23-Feb-20 11:35:00 pm,0
24-Feb-20 12:10:00 am,0
24-Feb-20 12:45:00 am,0
24-Feb-20 01:20:00 am,0
24-Feb-20 01:55:00 am,0
24-Feb-20 02:30:00 am,0
24-Feb-20 03:05:00 am,0
24-Feb-20 03:40:00 am,0
24-Feb-20 04:15:00 am,0
24-Feb-20 04:50:00 am,0
24-Feb-20 05:25:00 am,0
24-Feb-20 06:00:00 am,17
24-Feb-20 06:35:00 am,40
24-Feb-20 07:10:00 am,44
24-Feb-20 07:45:00 am,44
24-Feb-20 08:20:00 am,44
24-Feb-20 08:55:00 am,49
24-Feb-20 09:30:00 am,50
24-Feb-20 10:05:00 am,53
24-Feb-20 10:40:00 am,54
24-Feb-20 11:15:00 am,59
24-Feb-20 11:50:00 am,70
24-Feb-20 12:25:00 pm,70
24-Feb-20 01:00:00 pm,70
24-Feb-20 01:35:00 pm,77
24-Feb-20 02:10:00 pm,76
24-Feb-20 02:45:00 pm,63
24-Feb-20 03:20:00 pm,63
24-Feb-20 03:55:00 pm,80
24-Feb-20 04:30:00 pm,84
24-Feb-20 05:05:00 pm,79
24-Feb-20 05:40:00 pm,78
24-Feb-20 06:15:00 pm,0
24-Feb-20 06:50:00 pm,0
24-Feb-20 07:25:00 pm,0
24-Feb-20 08:00:00 pm,0
24-Feb-20 08:35:00 pm,10
24-Feb-20 09:10:00 pm,0
24-Feb-20 09:45:00 pm,0
24-Feb-20 10:20:00 pm,0
24-Feb-20 10:55:00 pm,0
24-Feb-20 11:30:00 pm,0
25-Feb-20 12:05:00 am,0
25-Feb-20 12:40:00 am,0
25-Feb-20 01:15:00 am,0
25-Feb-20 01:50:00 am,0
25-Feb-20 02:25:00 am,0
25-Feb-20 03:00:00 am,0
25-Feb-20 03:35:00 am,0
25-Feb-20 04:10:00 am,0
25-Feb-20 04:45:00 am,0
25-Feb-20 05:20:00 am,0
25-Feb-20 05:55:00 am,11
25-Feb-20 06:30:00 am,25
25-Feb-20 07:05:00 am,28
25-Feb-20 07:40:00 am,28
25-Feb-20 08:15:00 am,29
25-Feb-20 08:50:00 am,37
25-Feb-20 09:25:00 am,41
25-Feb-20 10:00:00 am,54
25-Feb-20 10:35:00 am,56
25-Feb-20 11:10:00 am,56
25-Feb-20 11:45:00 am,56
25-Feb-20 12:20:00 pm,62
25-Feb-20 12:55:00 pm,65
25-Feb-20 01:30:00 pm,68
25-Feb-20 02:05:00 pm,73
25-Feb-20 02:40:00 pm,76
25-Feb-20 03:15:00 pm,87
25-Feb-20 03:50:00 pm,90
25-Feb-20 04:25:00 pm,90
25-Feb-20 05:00:00 pm,87
25-Feb-20 05:35:00 pm,81
25-Feb-20 06:10:00 pm,0
25-Feb-20 06:45:00 pm,0
25-Feb-20 07:20:00 pm,0
25-Feb-20 07:55:00 pm,0
25-Feb-20 08:30:00 pm,0
25-Feb-20 09:05:00 pm,24
25-Feb-20 09:40:00 pm,0
25-Feb-20 10:15:00 pm,0
25-Feb-20 10:50:00 pm,0
25-Feb-20 11:25:00 pm,0
26-Feb-20 12:00:00 am,0
26-Feb-20 12:35:00 am,0
26-Feb-20 01:10:00 am,0
26-Feb-20 01:45:00 am,0
26-Feb-20 02:20:00 am,0
26-Feb-20 02:55:00 am,0
26-Feb-20 03:30:00 am,0
26-Feb-20 04:05:00 am,0
26-Feb-20 04:40:00 am,0
26-Feb-20 05:15:00 am,0
26-Feb-20 05:50:00 am,18
26-Feb-20 06:25:00 am,56
26-Feb-20 07:00:00 am,58
26-Feb-20 07:35:00 am,59
26-Feb-20 08:10:00 am,59
26-Feb-20 08:45:00 am,59
26-Feb-20 09:20:00 am,60
26-Feb-20 09:55:00 am,67
26-Feb-20 10:30:00 am,67
26-Feb-20 11:05:00 am,67
26-Feb-20 11:40:00 am,67
26-Feb-20 12:15:00 pm,67
26-Feb-20 12:50:00 pm,67
26-Feb-20 01:25:00 pm,75
26-Feb-20 02:00:00 pm,78
26-Feb-20 02:35:00 pm,98
26-Feb-20 03:10:00 pm,100
26-Feb-20 03:45:00 pm,99
26-Feb-20 04:20:00 pm,97
26-Feb-20 04:55:00 pm,93
26-Feb-20 05:30:00 pm,82
26-Feb-20 06:05:00 pm,0
26-Feb-20 06:40:00 pm,0
26-Feb-20 07:15:00 pm,0
26-Feb-20 07:50:00 pm,0
26-Feb-20 08:25:00 pm,0
26-Feb-20 09:00:00 pm,7
26-Feb-20 09:35:00 pm,10
26-Feb-20 10:10:00 pm,0
26-Feb-20 10:45:00 pm,0
26-Feb-20 11:20:00 pm,0
26-Feb-20 11:55:00 pm,0
27-Feb-20 12:30:00 am,0
27-Feb-20 01:05:00 am,0
27-Feb-20 01:40:00 am,0
27-Feb-20 02:15:00 am,0
27-Feb-20 02:50:00 am,0
27-Feb-20 03:25:00 am,0
27-Feb-20 04:00:00 am,0
27-Feb-20 04:35:00 am,0
27-Feb-20 05:10:00 am,0
27-Feb-20 05:45:00 am,10
27-Feb-20 06:20:00 am,48
27-Feb-20 06:55:00 am,52
27-Feb-20 07:30:00 am,52
27-Feb-20 08:05:00 am,52
27-Feb-20 08:40:00 am,52
27-Feb-20 09:15:00 am,61
27-Feb-20 09:50:00 am,68
27-Feb-20 10:25:00 am,69
27-Feb-20 11:00:00 am,69
27-Feb-20 11:35:00 am,78
27-Feb-20 12:10:00 pm,96
27-Feb-20 12:45:00 pm,98
27-Feb-20 01:20:00 pm,100
27-Feb-20 01:55:00 pm,100
27-Feb-20 02:30:00 pm,100
27-Feb-20 03:05:00 pm,100
27-Feb-20 03:40:00 pm,100
27-Feb-20 04:15:00 pm,100
27-Feb-20 04:50:00 pm,100
27-Feb-20 05:25:00 pm,92
27-Feb-20 06:00:00 pm,30
27-Feb-20 06:35:00 pm,0
27-Feb-20 07:10:00 pm,0
27-Feb-20 07:45:00 pm,0
27-Feb-20 08:20:00 pm,10
27-Feb-20 08:55:00 pm,10
27-Feb-20 09:30:00 pm,0
27-Feb-20 10:05:00 pm,0
27-Feb-20 10:40:00 pm,0
27-Feb-20 11:15:00 pm,0
27-Feb-20 11:50:00 pm,0
28-Feb-20 12:25:00 am,0
28-Feb-20 01:00:00 am,0
28-Feb-20 01:35:00 am,0
28-Feb-20 02:10:00 am,0
28-Feb-20 02:45:00 am,0
28-Feb-20 03:20:00 am,0
28-Feb-20 03:55:00 am,0
28-Feb-20 04:30:00 am,0
28-Feb-20 05:05:00 am,0
28-Feb-20 05:40:00 am,0
28-Feb-20 06:15:00 am,30
28-Feb-20 06:50:00 am,40
28-Feb-20 07:25:00 am,40
28-Feb-20 08:00:00 am,40
28-Feb-20 08:35:00 am,40
28-Feb-20 09:10:00 am,40
28-Feb-20 09:45:00 am,50
28-Feb-20 10:20:00 am,53
28-Feb-20 10:55:00 am,53
28-Feb-20 11:30:00 am,56
28-Feb-20 12:05:00 pm,60
28-Feb-20 12:40:00 pm,62
28-Feb-20 01:15:00 pm,71
28-Feb-20 01:50:00 pm,72
28-Feb-20 02:25:00 pm,78
28-Feb-20 03:00:00 pm,92
28-Feb-20 03:35:00 pm,88
28-Feb-20 04:10:00 pm,85
28-Feb-20 04:45:00 pm,82
28-Feb-20 05:20:00 pm,81
28-Feb-20 05:55:00 pm,40
28-Feb-20 06:30:00 pm,0
28-Feb-20 07:05:00 pm,0
28-Feb-20 07:40:00 pm,0
28-Feb-20 08:15:00 pm,0
28-Feb-20 08:50:00 pm,0
28-Feb-20 09:25:00 pm,0
28-Feb-20 10:00:00 pm,0
28-Feb-20 10:35:00 pm,0
28-Feb-20 11:10:00 pm,0
28-Feb-20 11:45:00 pm,0
29-Feb-20 12:20:00 am,0
29-Feb-20 12:55:00 am,0
29-Feb-20 01:30:00 am,0
29-Feb-20 02:05:00 am,0
29-Feb-20 02:40:00 am,0
29-Feb-20 03:15:00 am,0
29-Feb-20 03:50:00 am,0
29-Feb-20 04:25:00 am,0
29-Feb-20 05:00:00 am,0
29-Feb-20 05:35:00 am,0
29-Feb-20 06:10:00 am,0
29-Feb-20 06:45:00 am,0
29-Feb-20 07:20:00 am,0
29-Feb-20 07:55:00 am,0
29-Feb-20 08:30:00 am,0
29-Feb-20 09:05:00 am,0
29-Feb-20 09:40:00 am,0
29-Feb-20 10:15:00 am,0
29-Feb-20 10:50:00 am,0
29-Feb-20 11:25:00 am,0
29-Feb-20 12:00:00 pm,0
29-Feb-20 12:35:00 pm,0
29-Feb-20 01:10:00 pm,0
29-Feb-20 01:45:00 pm,0
29-Feb-20 02:20:00 pm,0
29-Feb-20 02:55:00 pm,0
29-Feb-20 03:30:00 pm,0
29-Feb-20 04:05:00 pm,0
29-Feb-20 04:40:00 pm,0
29-Feb-20 05:15:00 pm,0
29-Feb-20 05:50:00 pm,0
29-Feb-20 06:25:00 pm,0
29-Feb-20 07:00:00 pm,0
29-Feb-20 07:35:00 pm,0
29-Feb-20 08:10:00 pm,0
29-Feb-20 08:45:00 pm,0
29-Feb-20 09:20:00 pm,0
29-Feb-20 09:55:00 pm,0
29-Feb-20 10:30:00 pm,0
29-Feb-20 11:05:00 pm,0
29-Feb-20 11:40:00 pm,0
01-Mar-20 12:15:00 am,0
01-Mar-20 12:50:00 am,0
01-Mar-20 01:25:00 am,0
01-Mar-20 02:00:00 am,0
01-Mar-20 02:35:00 am,0
01-Mar-20 03:10:00 am,0
01-Mar-20 03:45:00 am,0
01-Mar-20 04:20:00 am,0
01-Mar-20 04:55:00 am,0
01-Mar-20 05:30:00 am,0
01-Mar-20 06:05:00 am,0
01-Mar-20 06:40:00 am,0
01-Mar-20 07:15:00 am,0
01-Mar-20 07:50:00 am,0
01-Mar-20 08:25:00 am,0
01-Mar-20 09:00:00 am,0
01-Mar-20 09:35:00 am,0
01-Mar-20 10:10:00 am,0
01-Mar-20 10:45:00 am,0