Timestamp,RTU_1 FanSpd(%)
01-Jan-20 12:00:00 am,0
01-Jan-20 12:35:00 am,0
01-Jan-20 01:10:00 am,0
01-Jan-20 01:45:00 am,0
01-Jan-20 02:20:00 am,0
01-Jan-20 02:55:00 am,0
01-Jan-20 03:30:00 am,0
01-Jan-20 04:05:00 am,0
01-Jan-20 04:40:00 am,0
01-Jan-20 05:15:00 am,0
01-Jan-20 05:50:00 am,29
01-Jan-20 06:25:00 am,58
01-Jan-20 07:00:00 am,58
01-Jan-20 07:35:00 am,58
01-Jan-20 08:10:00 am,58
01-Jan-20 08:45:00 am,58
01-Jan-20 09:20:00 am,58
01-Jan-20 09:55:00 am,58
01-Jan-20 10:30:00 am,58
01-Jan-20 11:05:00 am,58
01-Jan-20 11:40:00 am,58
01-Jan-20 12:15:00 pm,57
01-Jan-20 12:50:00 pm,57
01-Jan-20 01:25:00 pm,57
01-Jan-20 02:00:00 pm,58
01-Jan-20 02:35:00 pm,58
01-Jan-20 03:10:00 pm,58
01-Jan-20 03:45:00 pm,58
01-Jan-20 04:20:00 pm,58
01-Jan-20 04:55:00 pm,58
01-Jan-20 05:30:00 pm,58
01-Jan-20 06:05:00 pm,0
01-Jan-20 06:40:00 pm,0
01-Jan-20 07:15:00 pm,0
01-Jan-20 07:50:00 pm,0
01-Jan-20 08:25:00 pm,0
01-Jan-20 09:00:00 pm,0
01-Jan-20 09:35:00 pm,0
01-Jan-20 10:10:00 pm,0
01-Jan-20 10:45:00 pm,0
01-Jan-20 11:20:00 pm,0
01-Jan-20 11:55:00 pm,0
02-Jan-20 12:30:00 am,0
02-Jan-20 01:05:00 am,0
02-Jan-20 01:40:00 am,0
02-Jan-20 02:15:00 am,0
02-Jan-20 02:50:00 am,0
02-Jan-20 03:25:00 am,0
02-Jan-20 04:00:00 am,0
02-Jan-20 04:35:00 am,0
02-Jan-20 05:10:00 am,0
02-Jan-20 05:45:00 am,19
02-Jan-20 06:20:00 am,56
02-Jan-20 06:55:00 am,57
02-Jan-20 07:30:00 am,57
02-Jan-20 08:05:00 am,57
02-Jan-20 08:40:00 am,57
02-Jan-20 09:15:00 am,57
02-Jan-20 09:50:00 am,57
02-Jan-20 10:25:00 am,57
02-Jan-20 11:00:00 am,57
02-Jan-20 11:35:00 am,57
02-Jan-20 12:10:00 pm,57
02-Jan-20 12:45:00 pm,57
02-Jan-20 01:20:00 pm,57
02-Jan-20 01:55:00 pm,57
02-Jan-20 02:30:00 pm,58
02-Jan-20 03:05:00 pm,57
02-Jan-20 03:40:00 pm,57
02-Jan-20 04:15:00 pm,57
02-Jan-20 04:50:00 pm,57
02-Jan-20 05:25:00 pm,57
02-Jan-20 06:00:00 pm,19
02-Jan-20 06:35:00 pm,0
02-Jan-20 07:10:00 pm,0
02-Jan-20 07:45:00 pm,0
02-Jan-20 08:20:00 pm,0
02-Jan-20 08:55:00 pm,0
02-Jan-20 09:30:00 pm,24
02-Jan-20 10:05:00 pm,0
02-Jan-20 10:40:00 pm,0
02-Jan-20 11:15:00 pm,0
02-Jan-20 11:50:00 pm,0
03-Jan-20 12:25:00 am,0
03-Jan-20 01:00:00 am,0
03-Jan-20 01:35:00 am,0
03-Jan-20 02:10:00 am,0
03-Jan-20 02:45:00 am,0
03-Jan-20 03:20:00 am,0
03-Jan-20 03:55:00 am,0
03-Jan-20 04:30:00 am,0
03-Jan-20 05:05:00 am,0
03-Jan-20 05:40:00 am,0
03-Jan-20 06:15:00 am,57
03-Jan-20 06:50:00 am,57
03-Jan-20 07:25:00 am,58
03-Jan-20 08:00:00 am,58
03-Jan-20 08:35:00 am,57
03-Jan-20 09:10:00 am,57
03-Jan-20 09:45:00 am,57
03-Jan-20 10:20:00 am,58
03-Jan-20 10:55:00 am,58
03-Jan-20 11:30:00 am,58
03-Jan-20 12:05:00 pm,57
03-Jan-20 12:40:00 pm,58
03-Jan-20 01:15:00 pm,57
03-Jan-20 01:50:00 pm,58
03-Jan-20 02:25:00 pm,57
03-Jan-20 03:00:00 pm,58
03-Jan-20 03:35:00 pm,58
03-Jan-20 04:10:00 pm,58
03-Jan-20 04:45:00 pm,58
03-Jan-20 05:20:00 pm,58
03-Jan-20 05:55:00 pm,29
03-Jan-20 06:30:00 pm,0
03-Jan-20 07:05:00 pm,0
03-Jan-20 07:40:00 pm,0
03-Jan-20 08:15:00 pm,0
03-Jan-20 08:50:00 pm,0
03-Jan-20 09:25:00 pm,0
03-Jan-20 10:00:00 pm,0
03-Jan-20 10:35:00 pm,0
03-Jan-20 11:10:00 pm,0
03-Jan-20 11:45:00 pm,0
04-Jan-20 12:20:00 am,0
04-Jan-20 12:55:00 am,0
04-Jan-20 01:30:00 am,0
04-Jan-20 02:05:00 am,0
04-Jan-20 02:40:00 am,0
04-Jan-20 03:15:00 am,0
04-Jan-20 03:50:00 am,0
04-Jan-20 04:25:00 am,0
04-Jan-20 05:00:00 am,0
04-Jan-20 05:35:00 am,0
04-Jan-20 06:10:00 am,0
04-Jan-20 06:45:00 am,0
04-Jan-20 07:20:00 am,0
04-Jan-20 07:55:00 am,0
04-Jan-20 08:30:00 am,0
04-Jan-20 09:05:00 am,0
04-Jan-20 09:40:00 am,0
04-Jan-20 10:15:00 am,0
04-Jan-20 10:50:00 am,0
04-Jan-20 11:25:00 am,0
04-Jan-20 12:00:00 pm,0
04-Jan-20 12:35:00 pm,0
04-Jan-20 01:10:00 pm,0
04-Jan-20 01:45:00 pm,0
04-Jan-20 02:20:00 pm,0
04-Jan-20 02:55:00 pm,0
04-Jan-20 03:30:00 pm,0
04-Jan-20 04:05:00 pm,40
04-Jan-20 04:40:00 pm,0
04-Jan-20 05:15:00 pm,0
04-Jan-20 05:50:00 pm,0
04-Jan-20 06:25:00 pm,0
04-Jan-20 07:00:00 pm,0
04-Jan-20 07:35:00 pm,0
04-Jan-20 08:10:00 pm,0
04-Jan-20 08:45:00 pm,0
04-Jan-20 09:20:00 pm,0
04-Jan-20 09:55:00 pm,0
04-Jan-20 10:30:00 pm,0
04-Jan-20 11:05:00 pm,0
04-Jan-20 11:40:00 pm,0
05-Jan-20 12:15:00 am,0
05-Jan-20 12:50:00 am,0
05-Jan-20 01:25:00 am,0
05-Jan-20 02:00:00 am,0
05-Jan-20 02:35:00 am,0
05-Jan-20 03:10:00 am,0
05-Jan-20 03:45:00 am,0
05-Jan-20 04:20:00 am,0
05-Jan-20 04:55:00 am,0
05-Jan-20 05:30:00 am,0
05-Jan-20 06:05:00 am,0
05-Jan-20 06:40:00 am,0
05-Jan-20 07:15:00 am,0
05-Jan-20 07:50:00 am,0
05-Jan-20 08:25:00 am,0
05-Jan-20 09:00:00 am,0
05-Jan-20 09:35:00 am,0
05-Jan-20 10:10:00 am,0
05-Jan-20 10:45:00 am,0
05-Jan-20 11:20:00 am,0
05-Jan-20 11:55:00 am,0
05-Jan-20 12:30:00 pm,0
05-Jan-20 01:05:00 pm,0
05-Jan-20 01:40:00 pm,0
05-Jan-20 02:15:00 pm,0
05-Jan-20 02:50:00 pm,0
05-Jan-20 03:25:00 pm,0
05-Jan-20 04:00:00 pm,0
05-Jan-20 04:35:00 pm,0
05-Jan-20 05:10:00 pm,0
05-Jan-20 05:45:00 pm,0
05-Jan-20 06:20:00 pm,0
05-Jan-20 06:55:00 pm,0
05-Jan-20 07:30:00 pm,0
05-Jan-20 08:05:00 pm,0
05-Jan-20 08:40:00 pm,0
05-Jan-20 09:15:00 pm,0
05-Jan-20 09:50:00 pm,0
05-Jan-20 10:25:00 pm,0
05-Jan-20 11:00:00 pm,0
05-Jan-20 11:35:00 pm,0
06-Jan-20 12:10:00 am,0
06-Jan-20 12:45:00 am,0
06-Jan-20 01:20:00 am,0
06-Jan-20 01:55:00 am,0
06-Jan-20 02:30:00 am,0
06-Jan-20 03:05:00 am,0
06-Jan-20 03:40:00 am,0
06-Jan-20 04:15:00 am,0
06-Jan-20 04:50:00 am,0
06-Jan-20 05:25:00 am,0
06-Jan-20 06:00:00 am,38
06-Jan-20 06:35:00 am,57
06-Jan-20 07:10:00 am,57
06-Jan-20 07:45:00 am,57
06-Jan-20 08:20:00 am,57
06-Jan-20 08:55:00 am,57
06-Jan-20 09:30:00 am,57
06-Jan-20 10:05:00 am,58
06-Jan-20 10:40:00 am,58
06-Jan-20 11:15:00 am,58
06-Jan-20 11:50:00 am,57
06-Jan-20 12:25:00 pm,57
06-Jan-20 01:00:00 pm,57
06-Jan-20 01:35:00 pm,57
06-Jan-20 02:10:00 pm,59
06-Jan-20 02:45:00 pm,57
06-Jan-20 03:20:00 pm,58
06-Jan-20 03:55:00 pm,57
06-Jan-20 04:30:00 pm,57
06-Jan-20 05:05:00 pm,58
06-Jan-20 05:40:00 pm,58
06-Jan-20 06:15:00 pm,0
06-Jan-20 06:50:00 pm,0
06-Jan-20 07:25:00 pm,0
06-Jan-20 08:00:00 pm,0
06-Jan-20 08:35:00 pm,0
06-Jan-20 09:10:00 pm,25
06-Jan-20 09:45:00 pm,12
06-Jan-20 10:20:00 pm,0
06-Jan-20 10:55:00 pm,0
06-Jan-20 11:30:00 pm,0
07-Jan-20 12:05:00 am,0
07-Jan-20 12:40:00 am,0
07-Jan-20 01:15:00 am,0
07-Jan-20 01:50:00 am,0
07-Jan-20 02:25:00 am,0
07-Jan-20 03:00:00 am,0
07-Jan-20 03:35:00 am,0
07-Jan-20 04:10:00 am,0
07-Jan-20 04:45:00 am,0
07-Jan-20 05:20:00 am,0
07-Jan-20 05:55:00 am,29
07-Jan-20 06:30:00 am,57
07-Jan-20 07:05:00 am,57
07-Jan-20 07:40:00 am,57
07-Jan-20 08:15:00 am,58
07-Jan-20 08:50:00 am,58
07-Jan-20 09:25:00 am,58
07-Jan-20 10:00:00 am,58
07-Jan-20 10:35:00 am,59
07-Jan-20 11:10:00 am,58
07-Jan-20 11:45:00 am,58
07-Jan-20 12:20:00 pm,58
07-Jan-20 12:55:00 pm,58
07-Jan-20 01:30:00 pm,59
07-Jan-20 02:05:00 pm,60
07-Jan-20 02:40:00 pm,59
07-Jan-20 03:15:00 pm,58
07-Jan-20 03:50:00 pm,58
07-Jan-20 04:25:00 pm,58
07-Jan-20 05:00:00 pm,58
07-Jan-20 05:35:00 pm,58
07-Jan-20 06:10:00 pm,0
07-Jan-20 06:45:00 pm,0
07-Jan-20 07:20:00 pm,0
07-Jan-20 07:55:00 pm,0
07-Jan-20 08:30:00 pm,0
07-Jan-20 09:05:00 pm,0
07-Jan-20 09:40:00 pm,24
07-Jan-20 10:15:00 pm,12
07-Jan-20 10:50:00 pm,0
07-Jan-20 11:25:00 pm,0
08-Jan-20 12:00:00 am,0
08-Jan-20 12:35:00 am,0
08-Jan-20 01:10:00 am,0
08-Jan-20 01:45:00 am,0
08-Jan-20 02:20:00 am,0
08-Jan-20 02:55:00 am,0
08-Jan-20 03:30:00 am,0
08-Jan-20 04:05:00 am,0
08-Jan-20 04:40:00 am,0
08-Jan-20 05:15:00 am,0
08-Jan-20 05:50:00 am,29
08-Jan-20 06:25:00 am,58
08-Jan-20 07:00:00 am,57
08-Jan-20 07:35:00 am,57
08-Jan-20 08:10:00 am,57
08-Jan-20 08:45:00 am,57
08-Jan-20 09:20:00 am,57
08-Jan-20 09:55:00 am,58
08-Jan-20 10:30:00 am,58
08-Jan-20 11:05:00 am,59
08-Jan-20 11:40:00 am,58
08-Jan-20 12:15:00 pm,58
08-Jan-20 12:50:00 pm,58
08-Jan-20 01:25:00 pm,58
08-Jan-20 02:00:00 pm,58
08-Jan-20 02:35:00 pm,58
08-Jan-20 03:10:00 pm,58
08-Jan-20 03:45:00 pm,58
08-Jan-20 04:20:00 pm,57
08-Jan-20 04:55:00 pm,57
08-Jan-20 05:30:00 pm,57
08-Jan-20 06:05:00 pm,0
08-Jan-20 06:40:00 pm,0
08-Jan-20 07:15:00 pm,0
08-Jan-20 07:50:00 pm,0
08-Jan-20 08:25:00 pm,0
08-Jan-20 09:00:00 pm,0
08-Jan-20 09:35:00 pm,0
08-Jan-20 10:10:00 pm,0
08-Jan-20 10:45:00 pm,0
08-Jan-20 11:20:00 pm,0
08-Jan-20 11:55:00 pm,0
09-Jan-20 12:30:00 am,0
09-Jan-20 01:05:00 am,0
09-Jan-20 01:40:00 am,0
09-Jan-20 02:15:00 am,0
09-Jan-20 02:50:00 am,0
09-Jan-20 03:25:00 am,0
09-Jan-20 04:00:00 am,0
09-Jan-20 04:35:00 am,0
09-Jan-20 05:10:00 am,0
09-Jan-20 05:45:00 am,19
09-Jan-20 06:20:00 am,57
09-Jan-20 06:55:00 am,57
09-Jan-20 07:30:00 am,57
09-Jan-20 08:05:00 am,57
09-Jan-20 08:40:00 am,57
09-Jan-20 09:15:00 am,57
09-Jan-20 09:50:00 am,57
09-Jan-20 10:25:00 am,57
09-Jan-20 11:00:00 am,57
09-Jan-20 11:35:00 am,57
09-Jan-20 12:10:00 pm,57
09-Jan-20 12:45:00 pm,57
09-Jan-20 01:20:00 pm,57
09-Jan-20 01:55:00 pm,57
09-Jan-20 02:30:00 pm,56
09-Jan-20 03:05:00 pm,57
09-Jan-20 03:40:00 pm,56
09-Jan-20 04:15:00 pm,56
09-Jan-20 04:50:00 pm,56
09-Jan-20 05:25:00 pm,57
09-Jan-20 06:00:00 pm,19
09-Jan-20 06:35:00 pm,0
09-Jan-20 07:10:00 pm,0
09-Jan-20 07:45:00 pm,0
09-Jan-20 08:20:00 pm,0
09-Jan-20 08:55:00 pm,0
09-Jan-20 09:30:00 pm,0
09-Jan-20 10:05:00 pm,0
09-Jan-20 10:40:00 pm,0
09-Jan-20 11:15:00 pm,0
09-Jan-20 11:50:00 pm,0
10-Jan-20 12:25:00 am,0
10-Jan-20 01:00:00 am,0
10-Jan-20 01:35:00 am,0
10-Jan-20 02:10:00 am,0
10-Jan-20 02:45:00 am,0
10-Jan-20 03:20:00 am,0
10-Jan-20 03:55:00 am,0
10-Jan-20 04:30:00 am,0
10-Jan-20 05:05:00 am,0
10-Jan-20 05:40:00 am,0
10-Jan-20 06:15:00 am,57
10-Jan-20 06:50:00 am,57
10-Jan-20 07:25:00 am,57
10-Jan-20 08:00:00 am,57
10-Jan-20 08:35:00 am,57
10-Jan-20 09:10:00 am,57
10-Jan-20 09:45:00 am,57
10-Jan-20 10:20:00 am,57
10-Jan-20 10:55:00 am,58
10-Jan-20 11:30:00 am,58
10-Jan-20 12:05:00 pm,58
10-Jan-20 12:40:00 pm,59
10-Jan-20 01:15:00 pm,59
10-Jan-20 01:50:00 pm,59
10-Jan-20 02:25:00 pm,59
10-Jan-20 03:00:00 pm,58
10-Jan-20 03:35:00 pm,58
10-Jan-20 04:10:00 pm,58
10-Jan-20 04:45:00 pm,57
10-Jan-20 05:20:00 pm,58
10-Jan-20 05:55:00 pm,29
10-Jan-20 06:30:00 pm,0
10-Jan-20 07:05:00 pm,0
10-Jan-20 07:40:00 pm,0
10-Jan-20 08:15:00 pm,0
10-Jan-20 08:50:00 pm,0
10-Jan-20 09:25:00 pm,0
10-Jan-20 10:00:00 pm,0
10-Jan-20 10:35:00 pm,0
10-Jan-20 11:10:00 pm,0
10-Jan-20 11:45:00 pm,0
11-Jan-20 12:20:00 am,0
11-Jan-20 12:55:00 am,0
11-Jan-20 01:30:00 am,0
11-Jan-20 02:05:00 am,0
11-Jan-20 02:40:00 am,0
11-Jan-20 03:15:00 am,0
11-Jan-20 03:50:00 am,0
11-Jan-20 04:25:00 am,0
11-Jan-20 05:00:00 am,0
11-Jan-20 05:35:00 am,0
11-Jan-20 06:10:00 am,0
11-Jan-20 06:45:00 am,0
11-Jan-20 07:20:00 am,0
11-Jan-20 07:55:00 am,0
11-Jan-20 08:30:00 am,0
11-Jan-20 09:05:00 am,0
11-Jan-20 09:40:00 am,0
11-Jan-20 10:15:00 am,0
11-Jan-20 10:50:00 am,0
11-Jan-20 11:25:00 am,0
11-Jan-20 12:00:00 pm,0
11-Jan-20 12:35:00 pm,0
11-Jan-20 01:10:00 pm,0
11-Jan-20 01:45:00 pm,0
11-Jan-20 02:20:00 pm,23
11-Jan-20 02:55:00 pm,0
11-Jan-20 03:30:00 pm,0
11-Jan-20 04:05:00 pm,0
11-Jan-20 04:40:00 pm,0
11-Jan-20 05:15:00 pm,0
11-Jan-20 05:50:00 pm,0
11-Jan-20 06:25:00 pm,0
11-Jan-20 07:00:00 pm,0
11-Jan-20 07:35:00 pm,0
11-Jan-20 08:10:00 pm,0
11-Jan-20 08:45:00 pm,0
11-Jan-20 09:20:00 pm,0
11-Jan-20 09:55:00 pm,0
11-Jan-20 10:30:00 pm,0
11-Jan-20 11:05:00 pm,0
11-Jan-20 11:40:00 pm,0
12-Jan-20 12:15:00 am,0
12-Jan-20 12:50:00 am,0
12-Jan-20 01:25:00 am,0
12-Jan-20 02:00:00 am,0
12-Jan-20 02:35:00 am,0
12-Jan-20 03:10:00 am,0
12-Jan-20 03:45:00 am,0
12-Jan-20 04:20:00 am,0
12-Jan-20 04:55:00 am,0
12-Jan-20 05:30:00 am,0
12-Jan-20 06:05:00 am,0
12-Jan-20 06:40:00 am,0
12-Jan-20 07:15:00 am,0
12-Jan-20 07:50:00 am,0
12-Jan-20 08:25:00 am,0
12-Jan-20 09:00:00 am,26
12-Jan-20 09:35:00 am,0
12-Jan-20 10:10:00 am,0
12-Jan-20 10:45:00 am,0
12-Jan-20 11:20:00 am,0
12-Jan-20 11:55:00 am,0
12-Jan-20 12:30:00 pm,0
12-Jan-20 01:05:00 pm,0
12-Jan-20 01:40:00 pm,0
12-Jan-20 02:15:00 pm,0
12-Jan-20 02:50:00 pm,0
12-Jan-20 03:25:00 pm,0
12-Jan-20 04:00:00 pm,0
12-Jan-20 04:35:00 pm,0
12-Jan-20 05:10:00 pm,0
12-Jan-20 05:45:00 pm,0
12-Jan-20 06:20:00 pm,0
12-Jan-20 06:55:00 pm,0
12-Jan-20 07:30:00 pm,0
12-Jan-20 08:05:00 pm,0
12-Jan-20 08:40:00 pm,0
12-Jan-20 09:15:00 pm,0
12-Jan-20 09:50:00 pm,0
12-Jan-20 10:25:00 pm,0
12-Jan-20 11:00:00 pm,0
12-Jan-20 11:35:00 pm,0
13-Jan-20 12:10:00 am,0
13-Jan-20 12:45:00 am,0
13-Jan-20 01:20:00 am,0
13-Jan-20 01:55:00 am,0
13-Jan-20 02:30:00 am,0
13-Jan-20 03:05:00 am,0
13-Jan-20 03:40:00 am,0
13-Jan-20 04:15:00 am,0
13-Jan-20 04:50:00 am,0
13-Jan-20 05:25:00 am,0
13-Jan-20 06:00:00 am,38
13-Jan-20 06:35:00 am,57
13-Jan-20 07:10:00 am,56
13-Jan-20 07:45:00 am,57
13-Jan-20 08:20:00 am,57
13-Jan-20 08:55:00 am,57
13-Jan-20 09:30:00 am,57
13-Jan-20 10:05:00 am,57
13-Jan-20 10:40:00 am,57
13-Jan-20 11:15:00 am,57
13-Jan-20 11:50:00 am,57
13-Jan-20 12:25:00 pm,57
13-Jan-20 01:00:00 pm,57
13-Jan-20 01:35:00 pm,58
13-Jan-20 02:10:00 pm,57
13-Jan-20 02:45:00 pm,58
13-Jan-20 03:20:00 pm,57
13-Jan-20 03:55:00 pm,57
13-Jan-20 04:30:00 pm,57
13-Jan-20 05:05:00 pm,57
13-Jan-20 05:40:00 pm,57
13-Jan-20 06:15:00 pm,0
13-Jan-20 06:50:00 pm,0
13-Jan-20 07:25:00 pm,0
13-Jan-20 08:00:00 pm,0
13-Jan-20 08:35:00 pm,0
13-Jan-20 09:10:00 pm,0
13-Jan-20 09:45:00 pm,0
13-Jan-20 10:20:00 pm,0
13-Jan-20 10:55:00 pm,0
13-Jan-20 11:30:00 pm,0
14-Jan-20 12:05:00 am,0
14-Jan-20 12:40:00 am,0
14-Jan-20 01:15:00 am,0
14-Jan-20 01:50:00 am,0
14-Jan-20 02:25:00 am,0
14-Jan-20 03:00:00 am,0
14-Jan-20 03:35:00 am,0
14-Jan-20 04:10:00 am,0
14-Jan-20 04:45:00 am,0
14-Jan-20 05:20:00 am,0
14-Jan-20 05:55:00 am,28
14-Jan-20 06:30:00 am,57
14-Jan-20 07:05:00 am,57
14-Jan-20 07:40:00 am,57
14-Jan-20 08:15:00 am,57
14-Jan-20 08:50:00 am,57
14-Jan-20 09:25:00 am,57
14-Jan-20 10:00:00 am,57
14-Jan-20 10:35:00 am,57
14-Jan-20 11:10:00 am,57
14-Jan-20 11:45:00 am,57
14-Jan-20 12:20:00 pm,57
14-Jan-20 12:55:00 pm,57
14-Jan-20 01:30:00 pm,57
14-Jan-20 02:05:00 pm,57
14-Jan-20 02:40:00 pm,57
14-Jan-20 03:15:00 pm,57
14-Jan-20 03:50:00 pm,57
14-Jan-20 04:25:00 pm,57
14-Jan-20 05:00:00 pm,57
14-Jan-20 05:35:00 pm,58
14-Jan-20 06:10:00 pm,0
14-Jan-20 06:45:00 pm,0
14-Jan-20 07:20:00 pm,0
14-Jan-20 07:55:00 pm,0
14-Jan-20 08:30:00 pm,0
14-Jan-20 09:05:00 pm,0
14-Jan-20 09:40:00 pm,0
14-Jan-20 10:15:00 pm,0
14-Jan-20 10:50:00 pm,0
14-Jan-20 11:25:00 pm,0
15-Jan-20 12:00:00 am,0
15-Jan-20 12:35:00 am,0
15-Jan-20 01:10:00 am,0
15-Jan-20 01:45:00 am,0
15-Jan-20 02:20:00 am,0
15-Jan-20 02:55:00 am,0
15-Jan-20 03:30:00 am,0
15-Jan-20 04:05:00 am,0
15-Jan-20 04:40:00 am,0
15-Jan-20 05:15:00 am,0
15-Jan-20 05:50:00 am,28
15-Jan-20 06:25:00 am,57
15-Jan-20 07:00:00 am,57
15-Jan-20 07:35:00 am,57
15-Jan-20 08:10:00 am,57
15-Jan-20 08:45:00 am,57
15-Jan-20 09:20:00 am,57
15-Jan-20 09:55:00 am,57
15-Jan-20 10:30:00 am,58
15-Jan-20 11:05:00 am,57
15-Jan-20 11:40:00 am,57
15-Jan-20 12:15:00 pm,57
15-Jan-20 12:50:00 pm,58
15-Jan-20 01:25:00 pm,58
15-Jan-20 02:00:00 pm,58
15-Jan-20 02:35:00 pm,58
15-Jan-20 03:10:00 pm,59
15-Jan-20 03:45:00 pm,58
15-Jan-20 04:20:00 pm,57
15-Jan-20 04:55:00 pm,58
15-Jan-20 05:30:00 pm,58
15-Jan-20 06:05:00 pm,0
15-Jan-20 06:40:00 pm,0
15-Jan-20 07:15:00 pm,0
15-Jan-20 07:50:00 pm,0
15-Jan-20 08:25:00 pm,0
15-Jan-20 09:00:00 pm,23
15-Jan-20 09:35:00 pm,0
15-Jan-20 10:10:00 pm,0
15-Jan-20 10:45:00 pm,0
15-Jan-20 11:20:00 pm,0
15-Jan-20 11:55:00 pm,0
16-Jan-20 12:30:00 am,0
16-Jan-20 01:05:00 am,0
16-Jan-20 01:40:00 am,0
16-Jan-20 02:15:00 am,0
16-Jan-20 02:50:00 am,0
16-Jan-20 03:25:00 am,0
16-Jan-20 04:00:00 am,0
16-Jan-20 04:35:00 am,0
16-Jan-20 05:10:00 am,0
16-Jan-20 05:45:00 am,19
16-Jan-20 06:20:00 am,57
16-Jan-20 06:55:00 am,57
16-Jan-20 07:30:00 am,57
16-Jan-20 08:05:00 am,57
16-Jan-20 08:40:00 am,57
16-Jan-20 09:15:00 am,57
16-Jan-20 09:50:00 am,57
16-Jan-20 10:25:00 am,57
16-Jan-20 11:00:00 am,58
16-Jan-20 11:35:00 am,57
16-Jan-20 12:10:00 pm,58
16-Jan-20 12:45:00 pm,58
16-Jan-20 01:20:00 pm,58
16-Jan-20 01:55:00 pm,59
16-Jan-20 02:30:00 pm,61
16-Jan-20 03:05:00 pm,60
16-Jan-20 03:40:00 pm,59
16-Jan-20 04:15:00 pm,57
16-Jan-20 04:50:00 pm,57
16-Jan-20 05:25:00 pm,57
16-Jan-20 06:00:00 pm,19
16-Jan-20 06:35:00 pm,0
16-Jan-20 07:10:00 pm,0
16-Jan-20 07:45:00 pm,0
16-Jan-20 08:20:00 pm,0
16-Jan-20 08:55:00 pm,0
16-Jan-20 09:30:00 pm,0
16-Jan-20 10:05:00 pm,0
16-Jan-20 10:40:00 pm,0
16-Jan-20 11:15:00 pm,0
16-Jan-20 11:50:00 pm,0
17-Jan-20 12:25:00 am,0
17-Jan-20 01:00:00 am,0
17-Jan-20 01:35:00 am,0
17-Jan-20 02:10:00 am,0
17-Jan-20 02:45:00 am,0
17-Jan-20 03:20:00 am,0
17-Jan-20 03:55:00 am,0
17-Jan-20 04:30:00 am,0
17-Jan-20 05:05:00 am,0
17-Jan-20 05:40:00 am,0
17-Jan-20 06:15:00 am,57
17-Jan-20 06:50:00 am,57
17-Jan-20 07:25:00 am,56
17-Jan-20 08:00:00 am,57
17-Jan-20 08:35:00 am,57
17-Jan-20 09:10:00 am,57
17-Jan-20 09:45:00 am,57
17-Jan-20 10:20:00 am,57
17-Jan-20 10:55:00 am,57
17-Jan-20 11:30:00 am,57
17-Jan-20 12:05:00 pm,57
17-Jan-20 12:40:00 pm,57
17-Jan-20 01:15:00 pm,57
17-Jan-20 01:50:00 pm,57
17-Jan-20 02:25:00 pm,57
17-Jan-20 03:00:00 pm,57
17-Jan-20 03:35:00 pm,57
17-Jan-20 04:10:00 pm,57
17-Jan-20 04:45:00 pm,57
17-Jan-20 05:20:00 pm,58
17-Jan-20 05:55:00 pm,29
17-Jan-20 06:30:00 pm,0
17-Jan-20 07:05:00 pm,0
17-Jan-20 07:40:00 pm,0
17-Jan-20 08:15:00 pm,0
17-Jan-20 08:50:00 pm,0
17-Jan-20 09:25:00 pm,0
17-Jan-20 10:00:00 pm,0
17-Jan-20 10:35:00 pm,0
17-Jan-20 11:10:00 pm,0
17-Jan-20 11:45:00 pm,0
18-Jan-20 12:20:00 am,0
18-Jan-20 12:55:00 am,0
18-Jan-20 01:30:00 am,0
18-Jan-20 02:05:00 am,0
18-Jan-20 02:40:00 am,0
18-Jan-20 03:15:00 am,0
18-Jan-20 03:50:00 am,0
18-Jan-20 04:25:00 am,0
18-Jan-20 05:00:00 am,0
18-Jan-20 05:35:00 am,0
18-Jan-20 06:10:00 am,0
18-Jan-20 06:45:00 am,0
18-Jan-20 07:20:00 am,0
18-Jan-20 07:55:00 am,0
18-Jan-20 08:30:00 am,0
18-Jan-20 09:05:00 am,0
18-Jan-20 09:40:00 am,0
18-Jan-20 10:15:00 am,0
18-Jan-20 10:50:00 am,0
18-Jan-20 11:25:00 am,0
18-Jan-20 12:00:00 pm,0
18-Jan-20 12:35:00 pm,0
18-Jan-20 01:10:00 pm,0
18-Jan-20 01:45:00 pm,0
18-Jan-20 02:20:00 pm,0
18-Jan-20 02:55:00 pm,0
18-Jan-20 03:30:00 pm,0
18-Jan-20 04:05:00 pm,0
18-Jan-20 04:40:00 pm,0
18-Jan-20 05:15:00 pm,0
18-Jan-20 05:50:00 pm,0
18-Jan-20 06:25:00 pm,0
18-Jan-20 07:00:00 pm,0
18-Jan-20 07:35:00 pm,0
18-Jan-20 08:10:00 pm,0
18-Jan-20 08:45:00 pm,0
18-Jan-20 09:20:00 pm,0
18-Jan-20 09:55:00 pm,0
18-Jan-20 10:30:00 pm,0
18-Jan-20 11:05:00 pm,0
18-Jan-20 11:40:00 pm,0
19-Jan-20 12:15:00 am,0
19-Jan-20 12:50:00 am,0
19-Jan-20 01:25:00 am,0
19-Jan-20 02:00:00 am,0
19-Jan-20 02:35:00 am,0
19-Jan-20 03:10:00 am,0
19-Jan-20 03:45:00 am,0
19-Jan-20 04:20:00 am,0
19-Jan-20 04:55:00 am,0
19-Jan-20 05:30:00 am,0
19-Jan-20 06:05:00 am,0
19-Jan-20 06:40:00 am,0
19-Jan-20 07:15:00 am,0
19-Jan-20 07:50:00 am,0
19-Jan-20 08:25:00 am,0
19-Jan-20 09:00:00 am,0
19-Jan-20 09:35:00 am,0
19-Jan-20 10:10:00 am,0
19-Jan-20 10:45:00 am,0
19-Jan-20 11:20:00 am,0
19-Jan-20 11:55:00 am,0
19-Jan-20 12:30:00 pm,0
19-Jan-20 01:05:00 pm,0
19-Jan-20 01:40:00 pm,0
19-Jan-20 02:15:00 pm,0
19-Jan-20 02:50:00 pm,0
19-Jan-20 03:25:00 pm,0
19-Jan-20 04:00:00 pm,0
19-Jan-20 04:35:00 pm,0
19-Jan-20 05:10:00 pm,0
19-Jan-20 05:45:00 pm,0
19-Jan-20 06:20:00 pm,0
19-Jan-20 06:55:00 pm,0
19-Jan-20 07:30:00 pm,0
19-Jan-20 08:05:00 pm,0
19-Jan-20 08:40:00 pm,0
19-Jan-20 09:15:00 pm,0
19-Jan-20 09:50:00 pm,0
19-Jan-20 10:25:00 pm,0
19-Jan-20 11:00:00 pm,0
19-Jan-20 11:35:00 pm,0
20-Jan-20 12:10:00 am,0
20-Jan-20 12:45:00 am,0
20-Jan-20 01:20:00 am,0
20-Jan-20 01:55:00 am,0
20-Jan-20 02:30:00 am,0
20-Jan-20 03:05:00 am,0
20-Jan-20 03:40:00 am,0
20-Jan-20 04:15:00 am,0
20-Jan-20 04:50:00 am,0
20-Jan-20 05:25:00 am,0
20-Jan-20 06:00:00 am,38
20-Jan-20 06:35:00 am,57
20-Jan-20 07:10:00 am,57
20-Jan-20 07:45:00 am,57
20-Jan-20 08:20:00 am,57
20-Jan-20 08:55:00 am,57
20-Jan-20 09:30:00 am,57
20-Jan-20 10:05:00 am,57
20-Jan-20 10:40:00 am,58
20-Jan-20 11:15:00 am,58
20-Jan-20 11:50:00 am,58
20-Jan-20 12:25:00 pm,58
20-Jan-20 01:00:00 pm,58
20-Jan-20 01:35:00 pm,58
20-Jan-20 02:10:00 pm,58
20-Jan-20 02:45:00 pm,59
20-Jan-20 03:20:00 pm,58
20-Jan-20 03:55:00 pm,58
20-Jan-20 04:30:00 pm,58
20-Jan-20 05:05:00 pm,57
20-Jan-20 05:40:00 pm,58
20-Jan-20 06:15:00 pm,0
20-Jan-20 06:50:00 pm,0
20-Jan-20 07:25:00 pm,0
20-Jan-20 08:00:00 pm,0
20-Jan-20 08:35:00 pm,0
20-Jan-20 09:10:00 pm,20
20-Jan-20 09:45:00 pm,13
20-Jan-20 10:20:00 pm,0
20-Jan-20 10:55:00 pm,0
20-Jan-20 11:30:00 pm,0
21-Jan-20 12:05:00 am,0
21-Jan-20 12:40:00 am,0
21-Jan-20 01:15:00 am,0
21-Jan-20 01:50:00 am,0
21-Jan-20 02:25:00 am,0
21-Jan-20 03:00:00 am,0
21-Jan-20 03:35:00 am,0
21-Jan-20 04:10:00 am,0
21-Jan-20 04:45:00 am,0
21-Jan-20 05:20:00 am,0
21-Jan-20 05:55:00 am,29
21-Jan-20 06:30:00 am,57
21-Jan-20 07:05:00 am,57
21-Jan-20 07:40:00 am,57
21-Jan-20 08:15:00 am,58
21-Jan-20 08:50:00 am,58
21-Jan-20 09:25:00 am,57
21-Jan-20 10:00:00 am,58
21-Jan-20 10:35:00 am,58
21-Jan-20 11:10:00 am,58
21-Jan-20 11:45:00 am,58
21-Jan-20 12:20:00 pm,58
21-Jan-20 12:55:00 pm,57
21-Jan-20 01:30:00 pm,58
21-Jan-20 02:05:00 pm,57
21-Jan-20 02:40:00 pm,57
21-Jan-20 03:15:00 pm,57
21-Jan-20 03:50:00 pm,57
21-Jan-20 04:25:00 pm,58
21-Jan-20 05:00:00 pm,58
21-Jan-20 05:35:00 pm,58
21-Jan-20 06:10:00 pm,0
21-Jan-20 06:45:00 pm,0
21-Jan-20 07:20:00 pm,0
21-Jan-20 07:55:00 pm,0
21-Jan-20 08:30:00 pm,0
21-Jan-20 09:05:00 pm,0
21-Jan-20 09:40:00 pm,0
21-Jan-20 10:15:00 pm,0
21-Jan-20 10:50:00 pm,37
21-Jan-20 11:25:00 pm,0
22-Jan-20 12:00:00 am,0
22-Jan-20 12:35:00 am,0
22-Jan-20 01:10:00 am,0
22-Jan-20 01:45:00 am,0
22-Jan-20 02:20:00 am,0
22-Jan-20 02:55:00 am,0
22-Jan-20 03:30:00 am,0
22-Jan-20 04:05:00 am,0
22-Jan-20 04:40:00 am,0
22-Jan-20 05:15:00 am,0
22-Jan-20 05:50:00 am,29
22-Jan-20 06:25:00 am,57
22-Jan-20 07:00:00 am,57
22-Jan-20 07:35:00 am,57
22-Jan-20 08:10:00 am,57
22-Jan-20 08:45:00 am,58
22-Jan-20 09:20:00 am,57
22-Jan-20 09:55:00 am,58
22-Jan-20 10:30:00 am,59
22-Jan-20 11:05:00 am,58
22-Jan-20 11:40:00 am,58
22-Jan-20 12:15:00 pm,58
22-Jan-20 12:50:00 pm,58
22-Jan-20 01:25:00 pm,58
22-Jan-20 02:00:00 pm,58
22-Jan-20 02:35:00 pm,58
22-Jan-20 03:10:00 pm,58
22-Jan-20 03:45:00 pm,58
22-Jan-20 04:20:00 pm,57
22-Jan-20 04:55:00 pm,57
22-Jan-20 05:30:00 pm,57
22-Jan-20 06:05:00 pm,0
22-Jan-20 06:40:00 pm,0
22-Jan-20 07:15:00 pm,0
22-Jan-20 07:50:00 pm,0
22-Jan-20 08:25:00 pm,0
22-Jan-20 09:00:00 pm,0
22-Jan-20 09:35:00 pm,28
22-Jan-20 10:10:00 pm,19
22-Jan-20 10:45:00 pm,0
22-Jan-20 11:20:00 pm,0
22-Jan-20 11:55:00 pm,18
23-Jan-20 12:30:00 am,0
23-Jan-20 01:05:00 am,0
23-Jan-20 01:40:00 am,0
23-Jan-20 02:15:00 am,0
23-Jan-20 02:50:00 am,0
23-Jan-20 03:25:00 am,0
23-Jan-20 04:00:00 am,0
23-Jan-20 04:35:00 am,0
23-Jan-20 05:10:00 am,0
23-Jan-20 05:45:00 am,19
23-Jan-20 06:20:00 am,57
23-Jan-20 06:55:00 am,57
23-Jan-20 07:30:00 am,58
23-Jan-20 08:05:00 am,57
23-Jan-20 08:40:00 am,59
23-Jan-20 09:15:00 am,58
23-Jan-20 09:50:00 am,58
23-Jan-20 10:25:00 am,58
23-Jan-20 11:00:00 am,58
23-Jan-20 11:35:00 am,57
23-Jan-20 12:10:00 pm,57
23-Jan-20 12:45:00 pm,58
23-Jan-20 01:20:00 pm,58
23-Jan-20 01:55:00 pm,58
23-Jan-20 02:30:00 pm,58
23-Jan-20 03:05:00 pm,58
23-Jan-20 03:40:00 pm,58
23-Jan-20 04:15:00 pm,58
23-Jan-20 04:50:00 pm,58
23-Jan-20 05:25:00 pm,58
23-Jan-20 06:00:00 pm,19
23-Jan-20 06:35:00 pm,0
23-Jan-20 07:10:00 pm,0
23-Jan-20 07:45:00 pm,0
23-Jan-20 08:20:00 pm,0
23-Jan-20 08:55:00 pm,0
23-Jan-20 09:30:00 pm,0
23-Jan-20 10:05:00 pm,36
23-Jan-20 10:40:00 pm,0
23-Jan-20 11:15:00 pm,0
23-Jan-20 11:50:00 pm,0
24-Jan-20 12:25:00 am,0
24-Jan-20 01:00:00 am,0
24-Jan-20 01:35:00 am,0
24-Jan-20 02:10:00 am,0
24-Jan-20 02:45:00 am,0
24-Jan-20 03:20:00 am,0
24-Jan-20 03:55:00 am,0
24-Jan-20 04:30:00 am,0
24-Jan-20 05:05:00 am,0
24-Jan-20 05:40:00 am,0
24-Jan-20 06:15:00 am,57
24-Jan-20 06:50:00 am,57
24-Jan-20 07:25:00 am,57
24-Jan-20 08:00:00 am,58
24-Jan-20 08:35:00 am,58
24-Jan-20 09:10:00 am,58
24-Jan-20 09:45:00 am,58
24-Jan-20 10:20:00 am,58
24-Jan-20 10:55:00 am,59
24-Jan-20 11:30:00 am,58
24-Jan-20 12:05:00 pm,57
24-Jan-20 12:40:00 pm,57
24-Jan-20 01:15:00 pm,58
24-Jan-20 01:50:00 pm,58
24-Jan-20 02:25:00 pm,58
24-Jan-20 03:00:00 pm,58
24-Jan-20 03:35:00 pm,58
24-Jan-20 04:10:00 pm,58
24-Jan-20 04:45:00 pm,57
24-Jan-20 05:20:00 pm,57
24-Jan-20 05:55:00 pm,28
24-Jan-20 06:30:00 pm,0
24-Jan-20 07:05:00 pm,0
24-Jan-20 07:40:00 pm,0
24-Jan-20 08:15:00 pm,0
24-Jan-20 08:50:00 pm,0
24-Jan-20 09:25:00 pm,0
24-Jan-20 10:00:00 pm,0
24-Jan-20 10:35:00 pm,0
24-Jan-20 11:10:00 pm,0
24-Jan-20 11:45:00 pm,0
25-Jan-20 12:20:00 am,0
25-Jan-20 12:55:00 am,0
25-Jan-20 01:30:00 am,0
25-Jan-20 02:05:00 am,0
25-Jan-20 02:40:00 am,0
25-Jan-20 03:15:00 am,0
25-Jan-20 03:50:00 am,0
25-Jan-20 04:25:00 am,0
25-Jan-20 05:00:00 am,0
25-Jan-20 05:35:00 am,0
25-Jan-20 06:10:00 am,0
25-Jan-20 06:45:00 am,0
25-Jan-20 07:20:00 am,0
25-Jan-20 07:55:00 am,0
25-Jan-20 08:30:00 am,0
25-Jan-20 09:05:00 am,0
25-Jan-20 09:40:00 am,0
25-Jan-20 10:15:00 am,0
25-Jan-20 10:50:00 am,0
25-Jan-20 11:25:00 am,0
25-Jan-20 12:00:00 pm,0
25-Jan-20 12:35:00 pm,0
25-Jan-20 01:10:00 pm,0
25-Jan-20 01:45:00 pm,0
25-Jan-20 02:20:00 pm,0
25-Jan-20 02:55:00 pm,0
25-Jan-20 03:30:00 pm,0
25-Jan-20 04:05:00 pm,0
25-Jan-20 04:40:00 pm,0
25-Jan-20 05:15:00 pm,0
25-Jan-20 05:50:00 pm,0
25-Jan-20 06:25:00 pm,0
25-Jan-20 07:00:00 pm,0
25-Jan-20 07:35:00 pm,0
25-Jan-20 08:10:00 pm,0
25-Jan-20 08:45:00 pm,0
25-Jan-20 09:20:00 pm,0
25-Jan-20 09:55:00 pm,0
25-Jan-20 10:30:00 pm,0
25-Jan-20 11:05:00 pm,0
25-Jan-20 11:40:00 pm,0
26-Jan-20 12:15:00 am,0
26-Jan-20 12:50:00 am,0
26-Jan-20 01:25:00 am,0
26-Jan-20 02:00:00 am,0
26-Jan-20 02:35:00 am,0
26-Jan-20 03:10:00 am,0
26-Jan-20 03:45:00 am,0
26-Jan-20 04:20:00 am,0
26-Jan-20 04:55:00 am,0
26-Jan-20 05:30:00 am,0
26-Jan-20 06:05:00 am,0
26-Jan-20 06:40:00 am,0
26-Jan-20 07:15:00 am,0
26-Jan-20 07:50:00 am,0
26-Jan-20 08:25:00 am,0
26-Jan-20 09:00:00 am,0
26-Jan-20 09:35:00 am,0
26-Jan-20 10:10:00 am,0
26-Jan-20 10:45:00 am,0
26-Jan-20 11:20:00 am,0
26-Jan-20 11:55:00 am,0
26-Jan-20 12:30:00 pm,0
26-Jan-20 01:05:00 pm,0
26-Jan-20 01:40:00 pm,0
26-Jan-20 02:15:00 pm,0
26-Jan-20 02:50:00 pm,0
26-Jan-20 03:25:00 pm,0
26-Jan-20 04:00:00 pm,0
26-Jan-20 04:35:00 pm,0
26-Jan-20 05:10:00 pm,0
26-Jan-20 05:45:00 pm,0
26-Jan-20 06:20:00 pm,43
26-Jan-20 06:55:00 pm,0
26-Jan-20 07:30:00 pm,0
26-Jan-20 08:05:00 pm,0
26-Jan-20 08:40:00 pm,0
26-Jan-20 09:15:00 pm,0
26-Jan-20 09:50:00 pm,0
26-Jan-20 10:25:00 pm,0
26-Jan-20 11:00:00 pm,0
26-Jan-20 11:35:00 pm,0
27-Jan-20 12:10:00 am,0
27-Jan-20 12:45:00 am,0
27-Jan-20 01:20:00 am,0
27-Jan-20 01:55:00 am,0
27-Jan-20 02:30:00 am,0
27-Jan-20 03:05:00 am,0
27-Jan-20 03:40:00 am,0
27-Jan-20 04:15:00 am,0
27-Jan-20 04:50:00 am,0
27-Jan-20 05:25:00 am,0
27-Jan-20 06:00:00 am,38
27-Jan-20 06:35:00 am,57
27-Jan-20 07:10:00 am,57
27-Jan-20 07:45:00 am,57
27-Jan-20 08:20:00 am,57
27-Jan-20 08:55:00 am,57
27-Jan-20 09:30:00 am,57
27-Jan-20 10:05:00 am,57
27-Jan-20 10:40:00 am,58
27-Jan-20 11:15:00 am,57
27-Jan-20 11:50:00 am,58
27-Jan-20 12:25:00 pm,57
27-Jan-20 01:00:00 pm,57
27-Jan-20 01:35:00 pm,58
27-Jan-20 02:10:00 pm,57
27-Jan-20 02:45:00 pm,58
27-Jan-20 03:20:00 pm,57
27-Jan-20 03:55:00 pm,58
27-Jan-20 04:30:00 pm,58
27-Jan-20 05:05:00 pm,58
27-Jan-20 05:40:00 pm,58
27-Jan-20 06:15:00 pm,0
27-Jan-20 06:50:00 pm,0
27-Jan-20 07:25:00 pm,0
27-Jan-20 08:00:00 pm,0
27-Jan-20 08:35:00 pm,0
27-Jan-20 09:10:00 pm,0
27-Jan-20 09:45:00 pm,13
27-Jan-20 10:20:00 pm,18
27-Jan-20 10:55:00 pm,0
27-Jan-20 11:30:00 pm,0
28-Jan-20 12:05:00 am,0
28-Jan-20 12:40:00 am,0
28-Jan-20 01:15:00 am,0
28-Jan-20 01:50:00 am,0
28-Jan-20 02:25:00 am,0
28-Jan-20 03:00:00 am,0
28-Jan-20 03:35:00 am,0
28-Jan-20 04:10:00 am,0
28-Jan-20 04:45:00 am,0
28-Jan-20 05:20:00 am,0
28-Jan-20 05:55:00 am,29
28-Jan-20 06:30:00 am,57
28-Jan-20 07:05:00 am,57
28-Jan-20 07:40:00 am,57
28-Jan-20 08:15:00 am,58
28-Jan-20 08:50:00 am,58
28-Jan-20 09:25:00 am,58
28-Jan-20 10:00:00 am,58
28-Jan-20 10:35:00 am,58
28-Jan-20 11:10:00 am,58
28-Jan-20 11:45:00 am,57
28-Jan-20 12:20:00 pm,57
28-Jan-20 12:55:00 pm,58
28-Jan-20 01:30:00 pm,58
28-Jan-20 02:05:00 pm,58
28-Jan-20 02:40:00 pm,58
28-Jan-20 03:15:00 pm,58
28-Jan-20 03:50:00 pm,58
28-Jan-20 04:25:00 pm,58
28-Jan-20 05:00:00 pm,58
28-Jan-20 05:35:00 pm,58
28-Jan-20 06:10:00 pm,0
28-Jan-20 06:45:00 pm,0
28-Jan-20 07:20:00 pm,0
28-Jan-20 07:55:00 pm,0
28-Jan-20 08:30:00 pm,24
28-Jan-20 09:05:00 pm,0
28-Jan-20 09:40:00 pm,0
28-Jan-20 10:15:00 pm,0
28-Jan-20 10:50:00 pm,0
28-Jan-20 11:25:00 pm,0
29-Jan-20 12:00:00 am,0
29-Jan-20 12:35:00 am,0
29-Jan-20 01:10:00 am,0
29-Jan-20 01:45:00 am,0
29-Jan-20 02:20:00 am,21
29-Jan-20 02:55:00 am,18
29-Jan-20 03:30:00 am,0
29-Jan-20 04:05:00 am,0
29-Jan-20 04:40:00 am,0
29-Jan-20 05:15:00 am,0
29-Jan-20 05:50:00 am,28
29-Jan-20 06:25:00 am,57
29-Jan-20 07:00:00 am,57
29-Jan-20 07:35:00 am,57
29-Jan-20 08:10:00 am,58
29-Jan-20 08:45:00 am,58
29-Jan-20 09:20:00 am,58
29-Jan-20 09:55:00 am,58
29-Jan-20 10:30:00 am,58
29-Jan-20 11:05:00 am,57
29-Jan-20 11:40:00 am,57
29-Jan-20 12:15:00 pm,58
29-Jan-20 12:50:00 pm,57
29-Jan-20 01:25:00 pm,57
29-Jan-20 02:00:00 pm,58
29-Jan-20 02:35:00 pm,57
29-Jan-20 03:10:00 pm,58
29-Jan-20 03:45:00 pm,57
29-Jan-20 04:20:00 pm,57
29-Jan-20 04:55:00 pm,57
29-Jan-20 05:30:00 pm,57
29-Jan-20 06:05:00 pm,0
29-Jan-20 06:40:00 pm,0
29-Jan-20 07:15:00 pm,0
29-Jan-20 07:50:00 pm,0
29-Jan-20 08:25:00 pm,0
29-Jan-20 09:00:00 pm,0
29-Jan-20 09:35:00 pm,0
29-Jan-20 10:10:00 pm,38
29-Jan-20 10:45:00 pm,0
29-Jan-20 11:20:00 pm,0
29-Jan-20 11:55:00 pm,0
30-Jan-20 12:30:00 am,0
30-Jan-20 01:05:00 am,0
30-Jan-20 01:40:00 am,0
30-Jan-20 02:15:00 am,0
30-Jan-20 02:50:00 am,0
30-Jan-20 03:25:00 am,0
30-Jan-20 04:00:00 am,0
30-Jan-20 04:35:00 am,0
30-Jan-20 05:10:00 am,0
30-Jan-20 05:45:00 am,19
30-Jan-20 06:20:00 am,57
30-Jan-20 06:55:00 am,57
30-Jan-20 07:30:00 am,57
30-Jan-20 08:05:00 am,57
30-Jan-20 08:40:00 am,57
30-Jan-20 09:15:00 am,57
30-Jan-20 09:50:00 am,57
30-Jan-20 10:25:00 am,58
30-Jan-20 11:00:00 am,58
30-Jan-20 11:35:00 am,57
30-Jan-20 12:10:00 pm,58
30-Jan-20 12:45:00 pm,57
30-Jan-20 01:20:00 pm,57
30-Jan-20 01:55:00 pm,57
30-Jan-20 02:30:00 pm,57
30-Jan-20 03:05:00 pm,57
30-Jan-20 03:40:00 pm,58
30-Jan-20 04:15:00 pm,57
30-Jan-20 04:50:00 pm,57
30-Jan-20 05:25:00 pm,58
30-Jan-20 06:00:00 pm,19
30-Jan-20 06:35:00 pm,0
30-Jan-20 07:10:00 pm,0
30-Jan-20 07:45:00 pm,0
30-Jan-20 08:20:00 pm,0
30-Jan-20 08:55:00 pm,0
30-Jan-20 09:30:00 pm,13
30-Jan-20 10:05:00 pm,18
30-Jan-20 10:40:00 pm,0
30-Jan-20 11:15:00 pm,0
30-Jan-20 11:50:00 pm,0
31-Jan-20 12:25:00 am,0
31-Jan-20 01:00:00 am,0
31-Jan-20 01:35:00 am,0
31-Jan-20 02:10:00 am,0
31-Jan-20 02:45:00 am,0
31-Jan-20 03:20:00 am,0
31-Jan-20 03:55:00 am,0
31-Jan-20 04:30:00 am,0
31-Jan-20 05:05:00 am,0
31-Jan-20 05:40:00 am,0
31-Jan-20 06:15:00 am,57
31-Jan-20 06:50:00 am,57
31-Jan-20 07:25:00 am,58
31-Jan-20 08:00:00 am,58
31-Jan-20 08:35:00 am,58
31-Jan-20 09:10:00 am,58
31-Jan-20 09:45:00 am,58
31-Jan-20 10:20:00 am,58
31-Jan-20 10:55:00 am,58
31-Jan-20 11:30:00 am,57
31-Jan-20 12:05:00 pm,57
31-Jan-20 12:40:00 pm,58
31-Jan-20 01:15:00 pm,57
31-Jan-20 01:50:00 pm,57
31-Jan-20 02:25:00 pm,58
31-Jan-20 03:00:00 pm,58
31-Jan-20 03:35:00 pm,58
31-Jan-20 04:10:00 pm,56
31-Jan-20 04:45:00 pm,56
31-Jan-20 05:20:00 pm,57
31-Jan-20 05:55:00 pm,28
31-Jan-20 06:30:00 pm,0
31-Jan-20 07:05:00 pm,0
31-Jan-20 07:40:00 pm,0
31-Jan-20 08:15:00 pm,0
31-Jan-20 08:50:00 pm,0
31-Jan-20 09:25:00 pm,0
31-Jan-20 10:00:00 pm,0
31-Jan-20 10:35:00 pm,0
31-Jan-20 11:10:00 pm,0
31-Jan-20 11:45:00 pm,0
01-Feb-20 12:20:00 am,0
01-Feb-20 12:55:00 am,0
01-Feb-20 01:30:00 am,0
01-Feb-20 02:05:00 am,0
01-Feb-20 02:40:00 am,0
01-Feb-20 03:15:00 am,0
01-Feb-20 03:50:00 am,0
01-Feb-20 04:25:00 am,0
01-Feb-20 05:00:00 am,0
01-Feb-20 05:35:00 am,0
01-Feb-20 06:10:00 am,0
01-Feb-20 06:45:00 am,0
01-Feb-20 07:20:00 am,0
01-Feb-20 07:55:00 am,0
01-Feb-20 08:30:00 am,0
01-Feb-20 09:05:00 am,0
01-Feb-20 09:40:00 am,0
01-Feb-20 10:15:00 am,0
01-Feb-20 10:50:00 am,0
01-Feb-20 11:25:00 am,0
01-Feb-20 12:00:00 pm,0
01-Feb-20 12:35:00 pm,0
01-Feb-20 01:10:00 pm,0
01-Feb-20 01:45:00 pm,0
01-Feb-20 02:20:00 pm,0
01-Feb-20 02:55:00 pm,0
01-Feb-20 03:30:00 pm,0
01-Feb-20 04:05:00 pm,0
01-Feb-20 04:40:00 pm,0
01-Feb-20 05:15:00 pm,0
01-Feb-20 05:50:00 pm,0
01-Feb-20 06:25:00 pm,0
01-Feb-20 07:00:00 pm,0
01-Feb-20 07:35:00 pm,0
01-Feb-20 08:10:00 pm,0
01-Feb-20 08:45:00 pm,0
01-Feb-20 09:20:00 pm,0
01-Feb-20 09:55:00 pm,0
01-Feb-20 10:30:00 pm,0
01-Feb-20 11:05:00 pm,0
01-Feb-20 11:40:00 pm,0
02-Feb-20 12:15:00 am,0
02-Feb-20 12:50:00 am,0
02-Feb-20 01:25:00 am,0
02-Feb-20 02:00:00 am,0
02-Feb-20 02:35:00 am,0
02-Feb-20 03:10:00 am,0
02-Feb-20 03:45:00 am,0
02-Feb-20 04:20:00 am,0
02-Feb-20 04:55:00 am,0
02-Feb-20 05:30:00 am,0
02-Feb-20 06:05:00 am,0
02-Feb-20 06:40:00 am,0
02-Feb-20 07:15:00 am,0
02-Feb-20 07:50:00 am,0
02-Feb-20 08:25:00 am,0
02-Feb-20 09:00:00 am,0
02-Feb-20 09:35:00 am,0
02-Feb-20 10:10:00 am,0
02-Feb-20 10:45:00 am,0
02-Feb-20 11:20:00 am,0
02-Feb-20 11:55:00 am,0
02-Feb-20 12:30:00 pm,0
02-Feb-20 01:05:00 pm,0
02-Feb-20 01:40:00 pm,0
02-Feb-20 02:15:00 pm,0
02-Feb-20 02:50:00 pm,0
02-Feb-20 03:25:00 pm,0
02-Feb-20 04:00:00 pm,0
02-Feb-20 04:35:00 pm,0
02-Feb-20 05:10:00 pm,0
02-Feb-20 05:45:00 pm,0
02-Feb-20 06:20:00 pm,0
02-Feb-20 06:55:00 pm,0
02-Feb-20 07:30:00 pm,0
02-Feb-20 08:05:00 pm,0
02-Feb-20 08:40:00 pm,0
02-Feb-20 09:15:00 pm,0
02-Feb-20 09:50:00 pm,0
02-Feb-20 10:25:00 pm,0
02-Feb-20 11:00:00 pm,0
02-Feb-20 11:35:00 pm,0
03-Feb-20 12:10:00 am,0
03-Feb-20 12:45:00 am,0
03-Feb-20 01:20:00 am,0
03-Feb-20 01:55:00 am,0
03-Feb-20 02:30:00 am,0
03-Feb-20 03:05:00 am,0
03-Feb-20 03:40:00 am,0
03-Feb-20 04:15:00 am,0
03-Feb-20 04:50:00 am,0
03-Feb-20 05:25:00 am,0
03-Feb-20 06:00:00 am,38
03-Feb-20 06:35:00 am,56
03-Feb-20 07:10:00 am,56
03-Feb-20 07:45:00 am,56
03-Feb-20 08:20:00 am,56
03-Feb-20 08:55:00 am,56
03-Feb-20 09:30:00 am,57
03-Feb-20 10:05:00 am,56
03-Feb-20 10:40:00 am,57
03-Feb-20 11:15:00 am,57
03-Feb-20 11:50:00 am,57
03-Feb-20 12:25:00 pm,57
03-Feb-20 01:00:00 pm,57
03-Feb-20 01:35:00 pm,57
03-Feb-20 02:10:00 pm,58
03-Feb-20 02:45:00 pm,59
03-Feb-20 03:20:00 pm,59
03-Feb-20 03:55:00 pm,56
03-Feb-20 04:30:00 pm,56
03-Feb-20 05:05:00 pm,56
03-Feb-20 05:40:00 pm,56
03-Feb-20 06:15:00 pm,0
03-Feb-20 06:50:00 pm,0
03-Feb-20 07:25:00 pm,0
03-Feb-20 08:00:00 pm,0
03-Feb-20 08:35:00 pm,0
03-Feb-20 09:10:00 pm,0
03-Feb-20 09:45:00 pm,12
03-Feb-20 10:20:00 pm,18
03-Feb-20 10:55:00 pm,0
03-Feb-20 11:30:00 pm,0
04-Feb-20 12:05:00 am,0
04-Feb-20 12:40:00 am,0
04-Feb-20 01:15:00 am,0
04-Feb-20 01:50:00 am,0
04-Feb-20 02:25:00 am,0
04-Feb-20 03:00:00 am,0
04-Feb-20 03:35:00 am,0
04-Feb-20 04:10:00 am,0
04-Feb-20 04:45:00 am,0
04-Feb-20 05:20:00 am,0
04-Feb-20 05:55:00 am,28
04-Feb-20 06:30:00 am,56
04-Feb-20 07:05:00 am,56
04-Feb-20 07:40:00 am,56
04-Feb-20 08:15:00 am,56
04-Feb-20 08:50:00 am,56
04-Feb-20 09:25:00 am,56
04-Feb-20 10:00:00 am,56
04-Feb-20 10:35:00 am,56
04-Feb-20 11:10:00 am,56
04-Feb-20 11:45:00 am,56
04-Feb-20 12:20:00 pm,56
04-Feb-20 12:55:00 pm,56
04-Feb-20 01:30:00 pm,57
04-Feb-20 02:05:00 pm,57
04-Feb-20 02:40:00 pm,58
04-Feb-20 03:15:00 pm,57
04-Feb-20 03:50:00 pm,57
04-Feb-20 04:25:00 pm,57
04-Feb-20 05:00:00 pm,57
04-Feb-20 05:35:00 pm,57
04-Feb-20 06:10:00 pm,0
04-Feb-20 06:45:00 pm,0
04-Feb-20 07:20:00 pm,0
04-Feb-20 07:55:00 pm,0
04-Feb-20 08:30:00 pm,0
04-Feb-20 09:05:00 pm,0
04-Feb-20 09:40:00 pm,0
04-Feb-20 10:15:00 pm,12
04-Feb-20 10:50:00 pm,0
04-Feb-20 11:25:00 pm,0
05-Feb-20 12:00:00 am,0
05-Feb-20 12:35:00 am,0
05-Feb-20 01:10:00 am,0
05-Feb-20 01:45:00 am,0
05-Feb-20 02:20:00 am,0
05-Feb-20 02:55:00 am,0
05-Feb-20 03:30:00 am,0
05-Feb-20 04:05:00 am,0
05-Feb-20 04:40:00 am,0
05-Feb-20 05:15:00 am,0
05-Feb-20 05:50:00 am,29
05-Feb-20 06:25:00 am,57
05-Feb-20 07:00:00 am,57
05-Feb-20 07:35:00 am,57
05-Feb-20 08:10:00 am,57
05-Feb-20 08:45:00 am,58
05-Feb-20 09:20:00 am,58
05-Feb-20 09:55:00 am,58
05-Feb-20 10:30:00 am,58
05-Feb-20 11:05:00 am,57
05-Feb-20 11:40:00 am,58
05-Feb-20 12:15:00 pm,57
05-Feb-20 12:50:00 pm,57
05-Feb-20 01:25:00 pm,57
05-Feb-20 02:00:00 pm,57
05-Feb-20 02:35:00 pm,57
05-Feb-20 03:10:00 pm,57
05-Feb-20 03:45:00 pm,58
05-Feb-20 04:20:00 pm,57
05-Feb-20 04:55:00 pm,58
05-Feb-20 05:30:00 pm,57
05-Feb-20 06:05:00 pm,0
05-Feb-20 06:40:00 pm,0
05-Feb-20 07:15:00 pm,0
05-Feb-20 07:50:00 pm,0
05-Feb-20 08:25:00 pm,0
05-Feb-20 09:00:00 pm,0
05-Feb-20 09:35:00 pm,0
05-Feb-20 10:10:00 pm,0
05-Feb-20 10:45:00 pm,0
05-Feb-20 11:20:00 pm,0
05-Feb-20 11:55:00 pm,0
06-Feb-20 12:30:00 am,0
06-Feb-20 01:05:00 am,0
06-Feb-20 01:40:00 am,0
06-Feb-20 02:15:00 am,0
06-Feb-20 02:50:00 am,0
06-Feb-20 03:25:00 am,0
06-Feb-20 04:00:00 am,0
06-Feb-20 04:35:00 am,0
06-Feb-20 05:10:00 am,0
06-Feb-20 05:45:00 am,19
06-Feb-20 06:20:00 am,57
06-Feb-20 06:55:00 am,57
06-Feb-20 07:30:00 am,57
06-Feb-20 08:05:00 am,57
06-Feb-20 08:40:00 am,57
06-Feb-20 09:15:00 am,57
06-Feb-20 09:50:00 am,57
06-Feb-20 10:25:00 am,57
06-Feb-20 11:00:00 am,58
06-Feb-20 11:35:00 am,58
06-Feb-20 12:10:00 pm,58
06-Feb-20 12:45:00 pm,58
06-Feb-20 01:20:00 pm,58
06-Feb-20 01:55:00 pm,58
06-Feb-20 02:30:00 pm,58
06-Feb-20 03:05:00 pm,57
06-Feb-20 03:40:00 pm,57
06-Feb-20 04:15:00 pm,57
06-Feb-20 04:50:00 pm,57
06-Feb-20 05:25:00 pm,58
06-Feb-20 06:00:00 pm,19
06-Feb-20 06:35:00 pm,0
06-Feb-20 07:10:00 pm,0
06-Feb-20 07:45:00 pm,0
06-Feb-20 08:20:00 pm,0
06-Feb-20 08:55:00 pm,0
06-Feb-20 09:30:00 pm,0
06-Feb-20 10:05:00 pm,0
06-Feb-20 10:40:00 pm,0
06-Feb-20 11:15:00 pm,0
06-Feb-20 11:50:00 pm,0
07-Feb-20 12:25:00 am,0
07-Feb-20 01:00:00 am,0
07-Feb-20 01:35:00 am,0
07-Feb-20 02:10:00 am,0
07-Feb-20 02:45:00 am,0
07-Feb-20 03:20:00 am,0
07-Feb-20 03:55:00 am,0
07-Feb-20 04:30:00 am,0
07-Feb-20 05:05:00 am,0
07-Feb-20 05:40:00 am,0
07-Feb-20 06:15:00 am,57
07-Feb-20 06:50:00 am,57
07-Feb-20 07:25:00 am,57
07-Feb-20 08:00:00 am,57
07-Feb-20 08:35:00 am,58
07-Feb-20 09:10:00 am,57
07-Feb-20 09:45:00 am,57
07-Feb-20 10:20:00 am,58
07-Feb-20 10:55:00 am,58
07-Feb-20 11:30:00 am,57
07-Feb-20 12:05:00 pm,57
07-Feb-20 12:40:00 pm,58
07-Feb-20 01:15:00 pm,57
07-Feb-20 01:50:00 pm,58
07-Feb-20 02:25:00 pm,58
07-Feb-20 03:00:00 pm,58
07-Feb-20 03:35:00 pm,57
07-Feb-20 04:10:00 pm,57
07-Feb-20 04:45:00 pm,57
07-Feb-20 05:20:00 pm,57
07-Feb-20 05:55:00 pm,29
07-Feb-20 06:30:00 pm,0
07-Feb-20 07:05:00 pm,0
07-Feb-20 07:40:00 pm,0
07-Feb-20 08:15:00 pm,0
07-Feb-20 08:50:00 pm,0
07-Feb-20 09:25:00 pm,0
07-Feb-20 10:00:00 pm,0
07-Feb-20 10:35:00 pm,0
07-Feb-20 11:10:00 pm,0
07-Feb-20 11:45:00 pm,0
08-Feb-20 12:20:00 am,0
08-Feb-20 12:55:00 am,0
08-Feb-20 01:30:00 am,0
08-Feb-20 02:05:00 am,0
08-Feb-20 02:40:00 am,0
08-Feb-20 03:15:00 am,0
08-Feb-20 03:50:00 am,0
08-Feb-20 04:25:00 am,0
08-Feb-20 05:00:00 am,0
08-Feb-20 05:35:00 am,0
08-Feb-20 06:10:00 am,0
08-Feb-20 06:45:00 am,0
08-Feb-20 07:20:00 am,0
08-Feb-20 07:55:00 am,0
08-Feb-20 08:30:00 am,0
08-Feb-20 09:05:00 am,0
08-Feb-20 09:40:00 am,0
08-Feb-20 10:15:00 am,0
08-Feb-20 10:50:00 am,0
08-Feb-20 11:25:00 am,0
08-Feb-20 12:00:00 pm,0
08-Feb-20 12:35:00 pm,0
08-Feb-20 01:10:00 pm,0
08-Feb-20 01:45:00 pm,0
08-Feb-20 02:20:00 pm,0
08-Feb-20 02:55:00 pm,0
08-Feb-20 03:30:00 pm,0
08-Feb-20 04:05:00 pm,0
08-Feb-20 04:40:00 pm,0
08-Feb-20 05:15:00 pm,0
08-Feb-20 05:50:00 pm,0
08-Feb-20 06:25:00 pm,0
08-Feb-20 07:00:00 pm,0
08-Feb-20 07:35:00 pm,0
08-Feb-20 08:10:00 pm,0
08-Feb-20 08:45:00 pm,0
08-Feb-20 09:20:00 pm,0
08-Feb-20 09:55:00 pm,0
08-Feb-20 10:30:00 pm,0
08-Feb-20 11:05:00 pm,0
08-Feb-20 11:40:00 pm,0
09-Feb-20 12:15:00 am,0
09-Feb-20 12:50:00 am,0
09-Feb-20 01:25:00 am,0
09-Feb-20 02:00:00 am,0
09-Feb-20 02:35:00 am,0
09-Feb-20 03:10:00 am,0
09-Feb-20 03:45:00 am,0
09-Feb-20 04:20:00 am,23
09-Feb-20 04:55:00 am,18
09-Feb-20 05:30:00 am,0
09-Feb-20 06:05:00 am,0
09-Feb-20 06:40:00 am,0
09-Feb-20 07:15:00 am,0
09-Feb-20 07:50:00 am,0
09-Feb-20 08:25:00 am,0
09-Feb-20 09:00:00 am,0
09-Feb-20 09:35:00 am,0
09-Feb-20 10:10:00 am,0
09-Feb-20 10:45:00 am,0
09-Feb-20 11:20:00 am,0
09-Feb-20 11:55:00 am,0
09-Feb-20 12:30:00 pm,0
09-Feb-20 01:05:00 pm,0
09-Feb-20 01:40:00 pm,0
09-Feb-20 02:15:00 pm,0
09-Feb-20 02:50:00 pm,0
09-Feb-20 03:25:00 pm,0
09-Feb-20 04:00:00 pm,0
09-Feb-20 04:35:00 pm,0
09-Feb-20 05:10:00 pm,0
09-Feb-20 05:45:00 pm,25
09-Feb-20 06:20:00 pm,0
09-Feb-20 06:55:00 pm,0
09-Feb-20 07:30:00 pm,0
09-Feb-20 08:05:00 pm,0
09-Feb-20 08:40:00 pm,0
09-Feb-20 09:15:00 pm,0
09-Feb-20 09:50:00 pm,0
09-Feb-20 10:25:00 pm,0
09-Feb-20 11:00:00 pm,0
09-Feb-20 11:35:00 pm,0
10-Feb-20 12:10:00 am,0
10-Feb-20 12:45:00 am,0
10-Feb-20 01:20:00 am,0
10-Feb-20 01:55:00 am,0
10-Feb-20 02:30:00 am,0
10-Feb-20 03:05:00 am,0
10-Feb-20 03:40:00 am,0
10-Feb-20 04:15:00 am,0
10-Feb-20 04:50:00 am,0
10-Feb-20 05:25:00 am,0
10-Feb-20 06:00:00 am,38
10-Feb-20 06:35:00 am,57
10-Feb-20 07:10:00 am,57
10-Feb-20 07:45:00 am,57
10-Feb-20 08:20:00 am,57
10-Feb-20 08:55:00 am,57
10-Feb-20 09:30:00 am,57
10-Feb-20 10:05:00 am,57
10-Feb-20 10:40:00 am,57
10-Feb-20 11:15:00 am,58
10-Feb-20 11:50:00 am,57
10-Feb-20 12:25:00 pm,58
10-Feb-20 01:00:00 pm,59
10-Feb-20 01:35:00 pm,60
10-Feb-20 02:10:00 pm,60
10-Feb-20 02:45:00 pm,61
10-Feb-20 03:20:00 pm,61
10-Feb-20 03:55:00 pm,61
10-Feb-20 04:30:00 pm,59
10-Feb-20 05:05:00 pm,57
10-Feb-20 05:40:00 pm,57
10-Feb-20 06:15:00 pm,0
10-Feb-20 06:50:00 pm,0
10-Feb-20 07:25:00 pm,0
10-Feb-20 08:00:00 pm,0
10-Feb-20 08:35:00 pm,0
10-Feb-20 09:10:00 pm,0
10-Feb-20 09:45:00 pm,0
10-Feb-20 10:20:00 pm,0
10-Feb-20 10:55:00 pm,0
10-Feb-20 11:30:00 pm,0
11-Feb-20 12:05:00 am,0
11-Feb-20 12:40:00 am,0
11-Feb-20 01:15:00 am,0
11-Feb-20 01:50:00 am,0
11-Feb-20 02:25:00 am,0
11-Feb-20 03:00:00 am,26
11-Feb-20 03:35:00 am,0
11-Feb-20 04:10:00 am,0
11-Feb-20 04:45:00 am,0
11-Feb-20 05:20:00 am,0
11-Feb-20 05:55:00 am,28
11-Feb-20 06:30:00 am,57
11-Feb-20 07:05:00 am,57
11-Feb-20 07:40:00 am,57
11-Feb-20 08:15:00 am,57
11-Feb-20 08:50:00 am,57
11-Feb-20 09:25:00 am,57
11-Feb-20 10:00:00 am,58
11-Feb-20 10:35:00 am,58
11-Feb-20 11:10:00 am,59
11-Feb-20 11:45:00 am,58
11-Feb-20 12:20:00 pm,57
11-Feb-20 12:55:00 pm,57
11-Feb-20 01:30:00 pm,57
11-Feb-20 02:05:00 pm,58
11-Feb-20 02:40:00 pm,57
11-Feb-20 03:15:00 pm,58
11-Feb-20 03:50:00 pm,57
11-Feb-20 04:25:00 pm,57
11-Feb-20 05:00:00 pm,57
11-Feb-20 05:35:00 pm,58
11-Feb-20 06:10:00 pm,0
11-Feb-20 06:45:00 pm,0
11-Feb-20 07:20:00 pm,0
11-Feb-20 07:55:00 pm,0
11-Feb-20 08:30:00 pm,0
11-Feb-20 09:05:00 pm,0
11-Feb-20 09:40:00 pm,0
11-Feb-20 10:15:00 pm,0
11-Feb-20 10:50:00 pm,0
11-Feb-20 11:25:00 pm,0
12-Feb-20 12:00:00 am,0
12-Feb-20 12:35:00 am,0
12-Feb-20 01:10:00 am,0
12-Feb-20 01:45:00 am,0
12-Feb-20 02:20:00 am,0
12-Feb-20 02:55:00 am,0
12-Feb-20 03:30:00 am,0
12-Feb-20 04:05:00 am,0
12-Feb-20 04:40:00 am,0
12-Feb-20 05:15:00 am,0
12-Feb-20 05:50:00 am,28
12-Feb-20 06:25:00 am,57
12-Feb-20 07:00:00 am,57
12-Feb-20 07:35:00 am,57
12-Feb-20 08:10:00 am,57
12-Feb-20 08:45:00 am,58
12-Feb-20 09:20:00 am,57
12-Feb-20 09:55:00 am,57
12-Feb-20 10:30:00 am,57
12-Feb-20 11:05:00 am,57
12-Feb-20 11:40:00 am,57
12-Feb-20 12:15:00 pm,57
12-Feb-20 12:50:00 pm,57
12-Feb-20 01:25:00 pm,57
12-Feb-20 02:00:00 pm,58
12-Feb-20 02:35:00 pm,58
12-Feb-20 03:10:00 pm,57
12-Feb-20 03:45:00 pm,57
12-Feb-20 04:20:00 pm,57
12-Feb-20 04:55:00 pm,57
12-Feb-20 05:30:00 pm,57
12-Feb-20 06:05:00 pm,0
12-Feb-20 06:40:00 pm,0
12-Feb-20 07:15:00 pm,0
12-Feb-20 07:50:00 pm,0
12-Feb-20 08:25:00 pm,0
12-Feb-20 09:00:00 pm,0
12-Feb-20 09:35:00 pm,0
12-Feb-20 10:10:00 pm,39
12-Feb-20 10:45:00 pm,0
12-Feb-20 11:20:00 pm,0
12-Feb-20 11:55:00 pm,0
13-Feb-20 12:30:00 am,0
13-Feb-20 01:05:00 am,0
13-Feb-20 01:40:00 am,0
13-Feb-20 02:15:00 am,0
13-Feb-20 02:50:00 am,0
13-Feb-20 03:25:00 am,0
13-Feb-20 04:00:00 am,0
13-Feb-20 04:35:00 am,0
13-Feb-20 05:10:00 am,0
13-Feb-20 05:45:00 am,19
13-Feb-20 06:20:00 am,57
13-Feb-20 06:55:00 am,57
13-Feb-20 07:30:00 am,57
13-Feb-20 08:05:00 am,57
13-Feb-20 08:40:00 am,58
13-Feb-20 09:15:00 am,58
13-Feb-20 09:50:00 am,57
13-Feb-20 10:25:00 am,57
13-Feb-20 11:00:00 am,59
13-Feb-20 11:35:00 am,58
13-Feb-20 12:10:00 pm,58
13-Feb-20 12:45:00 pm,57
13-Feb-20 01:20:00 pm,57
13-Feb-20 01:55:00 pm,57
13-Feb-20 02:30:00 pm,58
13-Feb-20 03:05:00 pm,58
13-Feb-20 03:40:00 pm,57
13-Feb-20 04:15:00 pm,57
13-Feb-20 04:50:00 pm,58
13-Feb-20 05:25:00 pm,58
13-Feb-20 06:00:00 pm,19
13-Feb-20 06:35:00 pm,0
13-Feb-20 07:10:00 pm,0
13-Feb-20 07:45:00 pm,0
13-Feb-20 08:20:00 pm,0
13-Feb-20 08:55:00 pm,0
13-Feb-20 09:30:00 pm,0
13-Feb-20 10:05:00 pm,0
13-Feb-20 10:40:00 pm,0
13-Feb-20 11:15:00 pm,0
13-Feb-20 11:50:00 pm,0
14-Feb-20 12:25:00 am,0
14-Feb-20 01:00:00 am,0
14-Feb-20 01:35:00 am,0
14-Feb-20 02:10:00 am,0
14-Feb-20 02:45:00 am,0
14-Feb-20 03:20:00 am,0
14-Feb-20 03:55:00 am,0
14-Feb-20 04:30:00 am,0
14-Feb-20 05:05:00 am,0
14-Feb-20 05:40:00 am,0
14-Feb-20 06:15:00 am,57
14-Feb-20 06:50:00 am,57
14-Feb-20 07:25:00 am,57
14-Feb-20 08:00:00 am,57
14-Feb-20 08:35:00 am,58
14-Feb-20 09:10:00 am,58
14-Feb-20 09:45:00 am,58
14-Feb-20 10:20:00 am,57
14-Feb-20 10:55:00 am,57
14-Feb-20 11:30:00 am,57
14-Feb-20 12:05:00 pm,57
14-Feb-20 12:40:00 pm,57
14-Feb-20 01:15:00 pm,57
14-Feb-20 01:50:00 pm,59
14-Feb-20 02:25:00 pm,59
14-Feb-20 03:00:00 pm,57
14-Feb-20 03:35:00 pm,57
14-Feb-20 04:10:00 pm,57
14-Feb-20 04:45:00 pm,58
14-Feb-20 05:20:00 pm,57
14-Feb-20 05:55:00 pm,29
14-Feb-20 06:30:00 pm,0
14-Feb-20 07:05:00 pm,0
14-Feb-20 07:40:00 pm,0
14-Feb-20 08:15:00 pm,0
14-Feb-20 08:50:00 pm,0
14-Feb-20 09:25:00 pm,0
14-Feb-20 10:00:00 pm,0
14-Feb-20 10:35:00 pm,0
14-Feb-20 11:10:00 pm,0
14-Feb-20 11:45:00 pm,0
15-Feb-20 12:20:00 am,0
15-Feb-20 12:55:00 am,0
15-Feb-20 01:30:00 am,0
15-Feb-20 02:05:00 am,0
15-Feb-20 02:40:00 am,0
15-Feb-20 03:15:00 am,0
15-Feb-20 03:50:00 am,0
15-Feb-20 04:25:00 am,0
15-Feb-20 05:00:00 am,0
15-Feb-20 05:35:00 am,0
15-Feb-20 06:10:00 am,0
15-Feb-20 06:45:00 am,0
15-Feb-20 07:20:00 am,0
15-Feb-20 07:55:00 am,0
15-Feb-20 08:30:00 am,0
15-Feb-20 09:05:00 am,0
15-Feb-20 09:40:00 am,0
15-Feb-20 10:15:00 am,0
15-Feb-20 10:50:00 am,0
15-Feb-20 11:25:00 am,0
15-Feb-20 12:00:00 pm,0
15-Feb-20 12:35:00 pm,0
15-Feb-20 01:10:00 pm,0
15-Feb-20 01:45:00 pm,0
15-Feb-20 02:20:00 pm,0
15-Feb-20 02:55:00 pm,0
15-Feb-20 03:30:00 pm,0
15-Feb-20 04:05:00 pm,0
15-Feb-20 04:40:00 pm,0
15-Feb-20 05:15:00 pm,0
15-Feb-20 05:50:00 pm,0
15-Feb-20 06:25:00 pm,0
15-Feb-20 07:00:00 pm,0
15-Feb-20 07:35:00 pm,0
15-Feb-20 08:10:00 pm,0
15-Feb-20 08:45:00 pm,0
15-Feb-20 09:20:00 pm,0
15-Feb-20 09:55:00 pm,0
15-Feb-20 10:30:00 pm,0
15-Feb-20 11:05:00 pm,0
15-Feb-20 11:40:00 pm,0
16-Feb-20 12:15:00 am,0
16-Feb-20 12:50:00 am,0
16-Feb-20 01:25:00 am,0
16-Feb-20 02:00:00 am,0
16-Feb-20 02:35:00 am,0
16-Feb-20 03:10:00 am,0
16-Feb-20 03:45:00 am,0
16-Feb-20 04:20:00 am,0
16-Feb-20 04:55:00 am,0
16-Feb-20 05:30:00 am,0
16-Feb-20 06:05:00 am,0
16-Feb-20 06:40:00 am,0
16-Feb-20 07:15:00 am,0
16-Feb-20 07:50:00 am,0
16-Feb-20 08:25:00 am,0
16-Feb-20 09:00:00 am,0
16-Feb-20 09:35:00 am,0
16-Feb-20 10:10:00 am,0
16-Feb-20 10:45:00 am,0
16-Feb-20 11:20:00 am,0
16-Feb-20 11:55:00 am,0
16-Feb-20 12:30:00 pm,0
16-Feb-20 01:05:00 pm,0
16-Feb-20 01:40:00 pm,0
16-Feb-20 02:15:00 pm,0
16-Feb-20 02:50:00 pm,0
16-Feb-20 03:25:00 pm,0
16-Feb-20 04:00:00 pm,0
16-Feb-20 04:35:00 pm,0
16-Feb-20 05:10:00 pm,0
16-Feb-20 05:45:00 pm,0
16-Feb-20 06:20:00 pm,0
16-Feb-20 06:55:00 pm,18
16-Feb-20 07:30:00 pm,0
16-Feb-20 08:05:00 pm,0
16-Feb-20 08:40:00 pm,0
16-Feb-20 09:15:00 pm,0
16-Feb-20 09:50:00 pm,0
16-Feb-20 10:25:00 pm,0
16-Feb-20 11:00:00 pm,0
16-Feb-20 11:35:00 pm,0
17-Feb-20 12:10:00 am,0
17-Feb-20 12:45:00 am,0
17-Feb-20 01:20:00 am,0
17-Feb-20 01:55:00 am,0
17-Feb-20 02:30:00 am,0
17-Feb-20 03:05:00 am,0
17-Feb-20 03:40:00 am,0
17-Feb-20 04:15:00 am,0
17-Feb-20 04:50:00 am,0
17-Feb-20 05:25:00 am,0
17-Feb-20 06:00:00 am,37
17-Feb-20 06:35:00 am,56
17-Feb-20 07:10:00 am,56
17-Feb-20 07:45:00 am,56
17-Feb-20 08:20:00 am,56
17-Feb-20 08:55:00 am,56
17-Feb-20 09:30:00 am,56
17-Feb-20 10:05:00 am,56
17-Feb-20 10:40:00 am,56
17-Feb-20 11:15:00 am,56
17-Feb-20 11:50:00 am,57
17-Feb-20 12:25:00 pm,57
17-Feb-20 01:00:00 pm,57
17-Feb-20 01:35:00 pm,57
17-Feb-20 02:10:00 pm,57
17-Feb-20 02:45:00 pm,58
17-Feb-20 03:20:00 pm,58
17-Feb-20 03:55:00 pm,58
17-Feb-20 04:30:00 pm,57
17-Feb-20 05:05:00 pm,57
17-Feb-20 05:40:00 pm,56
17-Feb-20 06:15:00 pm,0
17-Feb-20 06:50:00 pm,0
17-Feb-20 07:25:00 pm,0
17-Feb-20 08:00:00 pm,0
17-Feb-20 08:35:00 pm,0
17-Feb-20 09:10:00 pm,0
17-Feb-20 09:45:00 pm,0
17-Feb-20 10:20:00 pm,0
17-Feb-20 10:55:00 pm,0
17-Feb-20 11:30:00 pm,0
18-Feb-20 12:05:00 am,0
18-Feb-20 12:40:00 am,0
18-Feb-20 01:15:00 am,0
18-Feb-20 01:50:00 am,0
18-Feb-20 02:25:00 am,0
18-Feb-20 03:00:00 am,0
18-Feb-20 03:35:00 am,0
18-Feb-20 04:10:00 am,0
18-Feb-20 04:45:00 am,0
18-Feb-20 05:20:00 am,0
18-Feb-20 05:55:00 am,28
18-Feb-20 06:30:00 am,57
18-Feb-20 07:05:00 am,56
18-Feb-20 07:40:00 am,56
18-Feb-20 08:15:00 am,57
18-Feb-20 08:50:00 am,57
18-Feb-20 09:25:00 am,57
18-Feb-20 10:00:00 am,57
18-Feb-20 10:35:00 am,57
18-Feb-20 11:10:00 am,57
18-Feb-20 11:45:00 am,57
18-Feb-20 12:20:00 pm,57
18-Feb-20 12:55:00 pm,58
18-Feb-20 01:30:00 pm,59
18-Feb-20 02:05:00 pm,61
18-Feb-20 02:40:00 pm,61
18-Feb-20 03:15:00 pm,61
18-Feb-20 03:50:00 pm,61
18-Feb-20 04:25:00 pm,60
18-Feb-20 05:00:00 pm,57
18-Feb-20 05:35:00 pm,56
18-Feb-20 06:10:00 pm,0
18-Feb-20 06:45:00 pm,0
18-Feb-20 07:20:00 pm,0
18-Feb-20 07:55:00 pm,0
18-Feb-20 08:30:00 pm,24
18-Feb-20 09:05:00 pm,0
18-Feb-20 09:40:00 pm,0
18-Feb-20 10:15:00 pm,0
18-Feb-20 10:50:00 pm,0
18-Feb-20 11:25:00 pm,0
19-Feb-20 12:00:00 am,0
19-Feb-20 12:35:00 am,0
19-Feb-20 01:10:00 am,0
19-Feb-20 01:45:00 am,0
19-Feb-20 02:20:00 am,0
19-Feb-20 02:55:00 am,0
19-Feb-20 03:30:00 am,0
19-Feb-20 04:05:00 am,0
19-Feb-20 04:40:00 am,0
19-Feb-20 05:15:00 am,0
19-Feb-20 05:50:00 am,28
19-Feb-20 06:25:00 am,56
19-Feb-20 07:00:00 am,56
19-Feb-20 07:35:00 am,56
19-Feb-20 08:10:00 am,56
19-Feb-20 08:45:00 am,56
19-Feb-20 09:20:00 am,56
19-Feb-20 09:55:00 am,58
19-Feb-20 10:30:00 am,57
19-Feb-20 11:05:00 am,57
19-Feb-20 11:40:00 am,57
19-Feb-20 12:15:00 pm,58
19-Feb-20 12:50:00 pm,58
19-Feb-20 01:25:00 pm,59
19-Feb-20 02:00:00 pm,60
19-Feb-20 02:35:00 pm,61
19-Feb-20 03:10:00 pm,61
19-Feb-20 03:45:00 pm,61
19-Feb-20 04:20:00 pm,61
19-Feb-20 04:55:00 pm,60
19-Feb-20 05:30:00 pm,57
19-Feb-20 06:05:00 pm,0
19-Feb-20 06:40:00 pm,0
19-Feb-20 07:15:00 pm,0
19-Feb-20 07:50:00 pm,0
19-Feb-20 08:25:00 pm,0
19-Feb-20 09:00:00 pm,0
19-Feb-20 09:35:00 pm,0
19-Feb-20 10:10:00 pm,36
19-Feb-20 10:45:00 pm,0
19-Feb-20 11:20:00 pm,0
19-Feb-20 11:55:00 pm,0
20-Feb-20 12:30:00 am,0
20-Feb-20 01:05:00 am,0
20-Feb-20 01:40:00 am,0
20-Feb-20 02:15:00 am,0
20-Feb-20 02:50:00 am,0
20-Feb-20 03:25:00 am,0
20-Feb-20 04:00:00 am,0
20-Feb-20 04:35:00 am,0
20-Feb-20 05:10:00 am,0
20-Feb-20 05:45:00 am,19
20-Feb-20 06:20:00 am,57
20-Feb-20 06:55:00 am,57
20-Feb-20 07:30:00 am,57
20-Feb-20 08:05:00 am,57
20-Feb-20 08:40:00 am,57
20-Feb-20 09:15:00 am,57
20-Feb-20 09:50:00 am,57
20-Feb-20 10:25:00 am,57
20-Feb-20 11:00:00 am,58
20-Feb-20 11:35:00 am,58
20-Feb-20 12:10:00 pm,58
20-Feb-20 12:45:00 pm,59
20-Feb-20 01:20:00 pm,60
20-Feb-20 01:55:00 pm,61
20-Feb-20 02:30:00 pm,61
20-Feb-20 03:05:00 pm,61
20-Feb-20 03:40:00 pm,61
20-Feb-20 04:15:00 pm,61
20-Feb-20 04:50:00 pm,59
20-Feb-20 05:25:00 pm,57
20-Feb-20 06:00:00 pm,19
20-Feb-20 06:35:00 pm,0
20-Feb-20 07:10:00 pm,0
20-Feb-20 07:45:00 pm,0
20-Feb-20 08:20:00 pm,18
20-Feb-20 08:55:00 pm,36
20-Feb-20 09:30:00 pm,0
20-Feb-20 10:05:00 pm,0
20-Feb-20 10:40:00 pm,0
20-Feb-20 11:15:00 pm,0
20-Feb-20 11:50:00 pm,0
21-Feb-20 12:25:00 am,0
21-Feb-20 01:00:00 am,0
21-Feb-20 01:35:00 am,0
21-Feb-20 02:10:00 am,0
21-Feb-20 02:45:00 am,0
21-Feb-20 03:20:00 am,0
21-Feb-20 03:55:00 am,0
21-Feb-20 04:30:00 am,0
21-Feb-20 05:05:00 am,0
21-Feb-20 05:40:00 am,0
21-Feb-20 06:15:00 am,57
21-Feb-20 06:50:00 am,57
21-Feb-20 07:25:00 am,57
21-Feb-20 08:00:00 am,57
21-Feb-20 08:35:00 am,57
21-Feb-20 09:10:00 am,57
21-Feb-20 09:45:00 am,57
21-Feb-20 10:20:00 am,57
21-Feb-20 10:55:00 am,58
21-Feb-20 11:30:00 am,58
21-Feb-20 12:05:00 pm,59
21-Feb-20 12:40:00 pm,58
21-Feb-20 01:15:00 pm,59
21-Feb-20 01:50:00 pm,60
21-Feb-20 02:25:00 pm,61
21-Feb-20 03:00:00 pm,61
21-Feb-20 03:35:00 pm,61
21-Feb-20 04:10:00 pm,59
21-Feb-20 04:45:00 pm,57
21-Feb-20 05:20:00 pm,57
21-Feb-20 05:55:00 pm,29
21-Feb-20 06:30:00 pm,0
21-Feb-20 07:05:00 pm,0
21-Feb-20 07:40:00 pm,0
21-Feb-20 08:15:00 pm,0
21-Feb-20 08:50:00 pm,0
21-Feb-20 09:25:00 pm,0
21-Feb-20 10:00:00 pm,0
21-Feb-20 10:35:00 pm,0
21-Feb-20 11:10:00 pm,0
21-Feb-20 11:45:00 pm,0
22-Feb-20 12:20:00 am,0
22-Feb-20 12:55:00 am,0
22-Feb-20 01:30:00 am,0
22-Feb-20 02:05:00 am,0
22-Feb-20 02:40:00 am,0
22-Feb-20 03:15:00 am,0
22-Feb-20 03:50:00 am,0
22-Feb-20 04:25:00 am,0
22-Feb-20 05:00:00 am,0
22-Feb-20 05:35:00 am,0
22-Feb-20 06:10:00 am,0
22-Feb-20 06:45:00 am,0
22-Feb-20 07:20:00 am,0
22-Feb-20 07:55:00 am,0
22-Feb-20 08:30:00 am,0
22-Feb-20 09:05:00 am,0
22-Feb-20 09:40:00 am,0
22-Feb-20 10:15:00 am,0
22-Feb-20 10:50:00 am,0
22-Feb-20 11:25:00 am,0
22-Feb-20 12:00:00 pm,0
22-Feb-20 12:35:00 pm,0
22-Feb-20 01:10:00 pm,0
22-Feb-20 01:45:00 pm,0
22-Feb-20 02:20:00 pm,0
22-Feb-20 02:55:00 pm,0
22-Feb-20 03:30:00 pm,0
22-Feb-20 04:05:00 pm,0
22-Feb-20 04:40:00 pm,0
22-Feb-20 05:15:00 pm,0
22-Feb-20 05:50:00 pm,0
22-Feb-20 06:25:00 pm,0
22-Feb-20 07:00:00 pm,0
22-Feb-20 07:35:00 pm,0
22-Feb-20 08:10:00 pm,0
22-Feb-20 08:45:00 pm,0
22-Feb-20 09:20:00 pm,0
22-Feb-20 09:55:00 pm,0
22-Feb-20 10:30:00 pm,0
22-Feb-20 11:05:00 pm,0
22-Feb-20 11:40:00 pm,0
23-Feb-20 12:15:00 am,0
23-Feb-20 12:50:00 am,0
23-Feb-20 01:25:00 am,0
23-Feb-20 02:00:00 am,0
23-Feb-20 02:35:00 am,0
23-Feb-20 03:10:00 am,0
23-Feb-20 03:45:00 am,0
23-Feb-20 04:20:00 am,0
23-Feb-20 04:55:00 am,0
23-Feb-20 05:30:00 am,0
23-Feb-20 06:05:00 am,0
23-Feb-20 06:40:00 am,0
23-Feb-20 07:15:00 am,0
23-Feb-20 07:50:00 am,0
23-Feb-20 08:25:00 am,0
23-Feb-20 09:00:00 am,0
23-Feb-20 09:35:00 am,0
23-Feb-20 10:10:00 am,0
23-Feb-20 10:45:00 am,0
23-Feb-20 11:20:00 am,0
23-Feb-20 11:55:00 am,0
23-Feb-20 12:30:00 pm,0
23-Feb-20 01:05:00 pm,0
23-Feb-20 01:40:00 pm,0
23-Feb-20 02:15:00 pm,0
23-Feb-20 02:50:00 pm,0
23-Feb-20 03:25:00 pm,0
23-Feb-20 04:00:00 pm,0
23-Feb-20 04:35:00 pm,0
23-Feb-20 05:10:00 pm,0
23-Feb-20 05:45:00 pm,0
23-Feb-20 06:20:00 pm,0
23-Feb-20 06:55:00 pm,40
23-Feb-20 07:30:00 pm,0
23-Feb-20 08:05:00 pm,0
23-Feb-20 08:40:00 pm,0
23-Feb-20 09:15:00 pm,0
23-Feb-20 09:50:00 pm,0
23-Feb-20 10:25:00 pm,0
23-Feb-20 11:00:00 pm,0
23-Feb-20 11:35:00 pm,0
24-Feb-20 12:10:00 am,0
24-Feb-20 12:45:00 am,0
24-Feb-20 01:20:00 am,0
24-Feb-20 01:55:00 am,0
24-Feb-20 02:30:00 am,0
24-Feb-20 03:05:00 am,0
24-Feb-20 03:40:00 am,0
24-Feb-20 04:15:00 am,0
24-Feb-20 04:50:00 am,0
24-Feb-20 05:25:00 am,0
24-Feb-20 06:00:00 am,37
24-Feb-20 06:35:00 am,56
24-Feb-20 07:10:00 am,56
24-Feb-20 07:45:00 am,56
24-Feb-20 08:20:00 am,56
24-Feb-20 08:55:00 am,57
24-Feb-20 09:30:00 am,57
24-Feb-20 10:05:00 am,57
24-Feb-20 10:40:00 am,58
24-Feb-20 11:15:00 am,57
24-Feb-20 11:50:00 am,57
24-Feb-20 12:25:00 pm,57
24-Feb-20 01:00:00 pm,57
24-Feb-20 01:35:00 pm,59
24-Feb-20 02:10:00 pm,58
24-Feb-20 02:45:00 pm,57
24-Feb-20 03:20:00 pm,57
24-Feb-20 03:55:00 pm,58
24-Feb-20 04:30:00 pm,57
24-Feb-20 05:05:00 pm,56
24-Feb-20 05:40:00 pm,56
24-Feb-20 06:15:00 pm,0
24-Feb-20 06:50:00 pm,0
24-Feb-20 07:25:00 pm,0
24-Feb-20 08:00:00 pm,0
24-Feb-20 08:35:00 pm,18
24-Feb-20 09:10:00 pm,0
24-Feb-20 09:45:00 pm,0
24-Feb-20 10:20:00 pm,0
24-Feb-20 10:55:00 pm,0
24-Feb-20 11:30:00 pm,0
25-Feb-20 12:05:00 am,0
25-Feb-20 12:40:00 am,0
25-Feb-20 01:15:00 am,0
25-Feb-20 01:50:00 am,0
25-Feb-20 02:25:00 am,0
25-Feb-20 03:00:00 am,0
25-Feb-20 03:35:00 am,0
25-Feb-20 04:10:00 am,0
25-Feb-20 04:45:00 am,0
25-Feb-20 05:20:00 am,0
25-Feb-20 05:55:00 am,28
25-Feb-20 06:30:00 am,56
25-Feb-20 07:05:00 am,56
25-Feb-20 07:40:00 am,56
25-Feb-20 08:15:00 am,56
25-Feb-20 08:50:00 am,57
25-Feb-20 09:25:00 am,57
25-Feb-20 10:00:00 am,57
25-Feb-20 10:35:00 am,58
25-Feb-20 11:10:00 am,58
25-Feb-20 11:45:00 am,57
25-Feb-20 12:20:00 pm,57
25-Feb-20 12:55:00 pm,57
25-Feb-20 01:30:00 pm,57
25-Feb-20 02:05:00 pm,57
25-Feb-20 02:40:00 pm,58
25-Feb-20 03:15:00 pm,57
25-Feb-20 03:50:00 pm,57
25-Feb-20 04:25:00 pm,57
25-Feb-20 05:00:00 pm,57
25-Feb-20 05:35:00 pm,57
25-Feb-20 06:10:00 pm,0
25-Feb-20 06:45:00 pm,0
25-Feb-20 07:20:00 pm,0
25-Feb-20 07:55:00 pm,0
25-Feb-20 08:30:00 pm,0
25-Feb-20 09:05:00 pm,37
25-Feb-20 09:40:00 pm,0
25-Feb-20 10:15:00 pm,0
25-Feb-20 10:50:00 pm,0
25-Feb-20 11:25:00 pm,0
26-Feb-20 12:00:00 am,0
26-Feb-20 12:35:00 am,0
26-Feb-20 01:10:00 am,0
26-Feb-20 01:45:00 am,0
26-Feb-20 02:20:00 am,0
26-Feb-20 02:55:00 am,0
26-Feb-20 03:30:00 am,0
26-Feb-20 04:05:00 am,0
26-Feb-20 04:40:00 am,0
26-Feb-20 05:15:00 am,0
26-Feb-20 05:50:00 am,28
26-Feb-20 06:25:00 am,56
26-Feb-20 07:00:00 am,56
26-Feb-20 07:35:00 am,56
26-Feb-20 08:10:00 am,57
26-Feb-20 08:45:00 am,57
26-Feb-20 09:20:00 am,57
26-Feb-20 09:55:00 am,57
26-Feb-20 10:30:00 am,57
26-Feb-20 11:05:00 am,57
26-Feb-20 11:40:00 am,57
26-Feb-20 12:15:00 pm,57
26-Feb-20 12:50:00 pm,57
26-Feb-20 01:25:00 pm,57
26-Feb-20 02:00:00 pm,60
26-Feb-20 02:35:00 pm,62
26-Feb-20 03:10:00 pm,61
26-Feb-20 03:45:00 pm,58
26-Feb-20 04:20:00 pm,57
26-Feb-20 04:55:00 pm,57
26-Feb-20 05:30:00 pm,57
26-Feb-20 06:05:00 pm,0
26-Feb-20 06:40:00 pm,0
26-Feb-20 07:15:00 pm,0
26-Feb-20 07:50:00 pm,0
26-Feb-20 08:25:00 pm,0
26-Feb-20 09:00:00 pm,12
26-Feb-20 09:35:00 pm,18
26-Feb-20 10:10:00 pm,0
26-Feb-20 10:45:00 pm,0
26-Feb-20 11:20:00 pm,0
26-Feb-20 11:55:00 pm,0
27-Feb-20 12:30:00 am,0
27-Feb-20 01:05:00 am,0
27-Feb-20 01:40:00 am,0
27-Feb-20 02:15:00 am,0
27-Feb-20 02:50:00 am,0
27-Feb-20 03:25:00 am,0
27-Feb-20 04:00:00 am,0
27-Feb-20 04:35:00 am,0
27-Feb-20 05:10:00 am,0
27-Feb-20 05:45:00 am,19
27-Feb-20 06:20:00 am,56
27-Feb-20 06:55:00 am,56
27-Feb-20 07:30:00 am,56
27-Feb-20 08:05:00 am,57
27-Feb-20 08:40:00 am,57
27-Feb-20 09:15:00 am,57
27-Feb-20 09:50:00 am,57
27-Feb-20 10:25:00 am,58
27-Feb-20 11:00:00 am,58
27-Feb-20 11:35:00 am,58
27-Feb-20 12:10:00 pm,58
27-Feb-20 12:45:00 pm,59
27-Feb-20 01:20:00 pm,60
27-Feb-20 01:55:00 pm,60
27-Feb-20 02:30:00 pm,60
27-Feb-20 03:05:00 pm,59
27-Feb-20 03:40:00 pm,59
27-Feb-20 04:15:00 pm,60
27-Feb-20 04:50:00 pm,60
27-Feb-20 05:25:00 pm,58
27-Feb-20 06:00:00 pm,19
27-Feb-20 06:35:00 pm,0
27-Feb-20 07:10:00 pm,0
27-Feb-20 07:45:00 pm,0
27-Feb-20 08:20:00 pm,18
27-Feb-20 08:55:00 pm,18
27-Feb-20 09:30:00 pm,0
27-Feb-20 10:05:00 pm,0
27-Feb-20 10:40:00 pm,0
27-Feb-20 11:15:00 pm,0
27-Feb-20 11:50:00 pm,0
28-Feb-20 12:25:00 am,0
28-Feb-20 01:00:00 am,0
28-Feb-20 01:35:00 am,0
28-Feb-20 02:10:00 am,0
28-Feb-20 02:45:00 am,0
28-Feb-20 03:20:00 am,0
28-Feb-20 03:55:00 am,0
28-Feb-20 04:30:00 am,0
28-Feb-20 05:05:00 am,0
28-Feb-20 05:40:00 am,0
28-Feb-20 06:15:00 am,57
28-Feb-20 06:50:00 am,57
28-Feb-20 07:25:00 am,57
28-Feb-20 08:00:00 am,57
28-Feb-20 08:35:00 am,57
28-Feb-20 09:10:00 am,58
28-Feb-20 09:45:00 am,57
28-Feb-20 10:20:00 am,58
28-Feb-20 10:55:00 am,58
28-Feb-20 11:30:00 am,58
28-Feb-20 12:05:00 pm,58
28-Feb-20 12:40:00 pm,58
28-Feb-20 01:15:00 pm,58
28-Feb-20 01:50:00 pm,58
28-Feb-20 02:25:00 pm,60
28-Feb-20 03:00:00 pm,58
28-Feb-20 03:35:00 pm,57
28-Feb-20 04:10:00 pm,57
28-Feb-20 04:45:00 pm,57
28-Feb-20 05:20:00 pm,57
28-Feb-20 05:55:00 pm,29
28-Feb-20 06:30:00 pm,0
28-Feb-20 07:05:00 pm,0
28-Feb-20 07:40:00 pm,0
28-Feb-20 08:15:00 pm,0
28-Feb-20 08:50:00 pm,0
28-Feb-20 09:25:00 pm,0
28-Feb-20 10:00:00 pm,0
28-Feb-20 10:35:00 pm,0
28-Feb-20 11:10:00 pm,0
28-Feb-20 11:45:00 pm,0
29-Feb-20 12:20:00 am,0
29-Feb-20 12:55:00 am,0
29-Feb-20 01:30:00 am,0
29-Feb-20 02:05:00 am,0
29-Feb-20 02:40:00 am,0
29-Feb-20 03:15:00 am,0
29-Feb-20 03:50:00 am,0
29-Feb-20 04:25:00 am,0
29-Feb-20 05:00:00 am,0
29-Feb-20 05:35:00 am,0
29-Feb-20 06:10:00 am,0
29-Feb-20 06:45:00 am,0
29-Feb-20 07:20:00 am,0
29-Feb-20 07:55:00 am,0
29-Feb-20 08:30:00 am,0
29-Feb-20 09:05:00 am,0
29-Feb-20 09:40:00 am,0
29-Feb-20 10:15:00 am,0
29-Feb-20 10:50:00 am,0
29-Feb-20 11:25:00 am,0
29-Feb-20 12:00:00 pm,0
29-Feb-20 12:35:00 pm,0
29-Feb-20 01:10:00 pm,0
29-Feb-20 01:45:00 pm,0
29-Feb-20 02:20:00 pm,0
29-Feb-20 02:55:00 pm,0
29-Feb-20 03:30:00 pm,0
29-Feb-20 04:05:00 pm,0
29-Feb-20 04:40:00 pm,0
29-Feb-20 05:15:00 pm,0
29-Feb-20 05:50:00 pm,0
29-Feb-20 06:25:00 pm,0
29-Feb-20 07:00:00 pm,0
29-Feb-20 07:35:00 pm,0
29-Feb-20 08:10:00 pm,0
29-Feb-20 08:45:00 pm,0
29-Feb-20 09:20:00 pm,0
29-Feb-20 09:55:00 pm,0
29-Feb-20 10:30:00 pm,0
29-Feb-20 11:05:00 pm,0
29-Feb-20 11:40:00 pm,0
01-Mar-20 12:15:00 am,0
01-Mar-20 12:50:00 am,0
01-Mar-20 01:25:00 am,0
01-Mar-20 02:00:00 am,0
01-Mar-20 02:35:00 am,0
01-Mar-20 03:10:00 am,0
01-Mar-20 03:45:00 am,0
01-Mar-20 04:20:00 am,0
01-Mar-20 04:55:00 am,0
01-Mar-20 05:30:00 am,0
01-Mar-20 06:05:00 am,0
01-Mar-20 06:40:00 am,0
01-Mar-20 07:15:00 am,0
01-Mar-20 07:50:00 am,0
01-Mar-20 08:25:00 am,0
01-Mar-20 09:00:00 am,0
01-Mar-20 09:35:00 am,0
01-Mar-20 10:10:00 am,0
01-Mar-20 10:45:00 am,0