Timestamp,RTU_1 ControlTemp(°F)
01-Jan-20 12:00:00 am,64.1
01-Jan-20 12:35:00 am,64.1
01-Jan-20 01:10:00 am,63.8
01-Jan-20 01:45:00 am,63.7
01-Jan-20 02:20:00 am,63.8
01-Jan-20 02:55:00 am,63.3
01-Jan-20 03:30:00 am,63.0
01-Jan-20 04:05:00 am,65.2
01-Jan-20 04:40:00 am,65.9
01-Jan-20 05:15:00 am,66.7
01-Jan-20 05:50:00 am,67.9
01-Jan-20 06:25:00 am,69.2
01-Jan-20 07:00:00 am,69.2
01-Jan-20 07:35:00 am,69.1
01-Jan-20 08:10:00 am,69.1
01-Jan-20 08:45:00 am,69.2
01-Jan-20 09:20:00 am,69.4
01-Jan-20 09:55:00 am,69.5
01-Jan-20 10:30:00 am,69.5
01-Jan-20 11:05:00 am,69.7
01-Jan-20 11:40:00 am,69.4
01-Jan-20 12:15:00 pm,68.5
01-Jan-20 12:50:00 pm,68.1
01-Jan-20 01:25:00 pm,68.2
01-Jan-20 02:00:00 pm,68.3
01-Jan-20 02:35:00 pm,68.9
01-Jan-20 03:10:00 pm,69.5
01-Jan-20 03:45:00 pm,69.6
01-Jan-20 04:20:00 pm,69.6
01-Jan-20 04:55:00 pm,69.5
01-Jan-20 05:30:00 pm,69.5
01-Jan-20 06:05:00 pm,67.4
01-Jan-20 06:40:00 pm,66.9
01-Jan-20 07:15:00 pm,66.7
01-Jan-20 07:50:00 pm,66.1
01-Jan-20 08:25:00 pm,65.8
01-Jan-20 09:00:00 pm,65.8
01-Jan-20 09:35:00 pm,65.3
01-Jan-20 10:10:00 pm,65.1
01-Jan-20 10:45:00 pm,64.9
01-Jan-20 11:20:00 pm,63.9
01-Jan-20 11:55:00 pm,64.4
02-Jan-20 12:30:00 am,62.5
02-Jan-20 01:05:00 am,62.1
02-Jan-20 01:40:00 am,62.0
02-Jan-20 02:15:00 am,61.6
02-Jan-20 02:50:00 am,61.5
02-Jan-20 03:25:00 am,61.3
02-Jan-20 04:00:00 am,63.1
02-Jan-20 04:35:00 am,65.0
02-Jan-20 05:10:00 am,65.4
02-Jan-20 05:45:00 am,66.5
02-Jan-20 06:20:00 am,68.2
02-Jan-20 06:55:00 am,68.1
02-Jan-20 07:30:00 am,68.3
02-Jan-20 08:05:00 am,68.5
02-Jan-20 08:40:00 am,68.5
02-Jan-20 09:15:00 am,68.6
02-Jan-20 09:50:00 am,68.9
02-Jan-20 10:25:00 am,68.6
02-Jan-20 11:00:00 am,67.8
02-Jan-20 11:35:00 am,67.6
02-Jan-20 12:10:00 pm,67.4
02-Jan-20 12:45:00 pm,67.4
02-Jan-20 01:20:00 pm,67.4
02-Jan-20 01:55:00 pm,67.4
02-Jan-20 02:30:00 pm,67.2
02-Jan-20 03:05:00 pm,67.5
02-Jan-20 03:40:00 pm,68.2
02-Jan-20 04:15:00 pm,68.6
02-Jan-20 04:50:00 pm,68.9
02-Jan-20 05:25:00 pm,68.9
02-Jan-20 06:00:00 pm,66.6
02-Jan-20 06:35:00 pm,64.6
02-Jan-20 07:10:00 pm,64.2
02-Jan-20 07:45:00 pm,63.4
02-Jan-20 08:20:00 pm,62.6
02-Jan-20 08:55:00 pm,62.4
02-Jan-20 09:30:00 pm,65.6
02-Jan-20 10:05:00 pm,64.3
02-Jan-20 10:40:00 pm,63.3
02-Jan-20 11:15:00 pm,62.5
02-Jan-20 11:50:00 pm,62.2
03-Jan-20 12:25:00 am,62.2
03-Jan-20 01:00:00 am,62.0
03-Jan-20 01:35:00 am,61.5
03-Jan-20 02:10:00 am,61.8
03-Jan-20 02:45:00 am,61.8
03-Jan-20 03:20:00 am,61.6
03-Jan-20 03:55:00 am,62.9
03-Jan-20 04:30:00 am,64.9
03-Jan-20 05:05:00 am,65.4
03-Jan-20 05:40:00 am,65.8
03-Jan-20 06:15:00 am,68.7
03-Jan-20 06:50:00 am,68.9
03-Jan-20 07:25:00 am,68.9
03-Jan-20 08:00:00 am,68.9
03-Jan-20 08:35:00 am,68.1
03-Jan-20 09:10:00 am,67.8
03-Jan-20 09:45:00 am,67.9
03-Jan-20 10:20:00 am,68.0
03-Jan-20 10:55:00 am,68.1
03-Jan-20 11:30:00 am,67.9
03-Jan-20 12:05:00 pm,68.2
03-Jan-20 12:40:00 pm,68.2
03-Jan-20 01:15:00 pm,68.7
03-Jan-20 01:50:00 pm,69.5
03-Jan-20 02:25:00 pm,69.7
03-Jan-20 03:00:00 pm,69.7
03-Jan-20 03:35:00 pm,69.9
03-Jan-20 04:10:00 pm,70.0
03-Jan-20 04:45:00 pm,70.0
03-Jan-20 05:20:00 pm,69.9
03-Jan-20 05:55:00 pm,68.6
03-Jan-20 06:30:00 pm,66.7
03-Jan-20 07:05:00 pm,65.7
03-Jan-20 07:40:00 pm,65.4
03-Jan-20 08:15:00 pm,65.1
03-Jan-20 08:50:00 pm,64.8
03-Jan-20 09:25:00 pm,64.7
03-Jan-20 10:00:00 pm,64.6
03-Jan-20 10:35:00 pm,64.2
03-Jan-20 11:10:00 pm,64.5
03-Jan-20 11:45:00 pm,64.3
04-Jan-20 12:20:00 am,63.3
04-Jan-20 12:55:00 am,62.6
04-Jan-20 01:30:00 am,62.5
04-Jan-20 02:05:00 am,62.6
04-Jan-20 02:40:00 am,61.9
04-Jan-20 03:15:00 am,61.8
04-Jan-20 03:50:00 am,61.2
04-Jan-20 04:25:00 am,61.0
04-Jan-20 05:00:00 am,60.8
04-Jan-20 05:35:00 am,60.6
04-Jan-20 06:10:00 am,60.4
04-Jan-20 06:45:00 am,60.1
04-Jan-20 07:20:00 am,59.9
04-Jan-20 07:55:00 am,59.7
04-Jan-20 08:30:00 am,59.6
04-Jan-20 09:05:00 am,59.7
04-Jan-20 09:40:00 am,59.7
04-Jan-20 10:15:00 am,60.5
04-Jan-20 10:50:00 am,60.4
04-Jan-20 11:25:00 am,60.2
04-Jan-20 12:00:00 pm,59.8
04-Jan-20 12:35:00 pm,60.1
04-Jan-20 01:10:00 pm,60.2
04-Jan-20 01:45:00 pm,60.0
04-Jan-20 02:20:00 pm,59.7
04-Jan-20 02:55:00 pm,59.9
04-Jan-20 03:30:00 pm,59.4
04-Jan-20 04:05:00 pm,64.7
04-Jan-20 04:40:00 pm,62.8
04-Jan-20 05:15:00 pm,61.1
04-Jan-20 05:50:00 pm,61.2
04-Jan-20 06:25:00 pm,60.7
04-Jan-20 07:00:00 pm,60.3
04-Jan-20 07:35:00 pm,60.4
04-Jan-20 08:10:00 pm,61.6
04-Jan-20 08:45:00 pm,60.4
04-Jan-20 09:20:00 pm,60.8
04-Jan-20 09:55:00 pm,60.7
04-Jan-20 10:30:00 pm,61.4
04-Jan-20 11:05:00 pm,61.0
04-Jan-20 11:40:00 pm,60.6
05-Jan-20 12:15:00 am,61.8
05-Jan-20 12:50:00 am,61.4
05-Jan-20 01:25:00 am,61.5
05-Jan-20 02:00:00 am,61.3
05-Jan-20 02:35:00 am,62.3
05-Jan-20 03:10:00 am,61.5
05-Jan-20 03:45:00 am,61.2
05-Jan-20 04:20:00 am,62.3
05-Jan-20 04:55:00 am,61.9
05-Jan-20 05:30:00 am,61.6
05-Jan-20 06:05:00 am,61.7
05-Jan-20 06:40:00 am,61.8
05-Jan-20 07:15:00 am,61.5
05-Jan-20 07:50:00 am,61.1
05-Jan-20 08:25:00 am,61.7
05-Jan-20 09:00:00 am,61.9
05-Jan-20 09:35:00 am,61.1
05-Jan-20 10:10:00 am,62.2
05-Jan-20 10:45:00 am,61.8
05-Jan-20 11:20:00 am,61.7
05-Jan-20 11:55:00 am,61.5
05-Jan-20 12:30:00 pm,61.5
05-Jan-20 01:05:00 pm,60.9
05-Jan-20 01:40:00 pm,61.1
05-Jan-20 02:15:00 pm,61.6
05-Jan-20 02:50:00 pm,61.0
05-Jan-20 03:25:00 pm,60.7
05-Jan-20 04:00:00 pm,60.6
05-Jan-20 04:35:00 pm,60.8
05-Jan-20 05:10:00 pm,61.4
05-Jan-20 05:45:00 pm,61.5
05-Jan-20 06:20:00 pm,61.1
05-Jan-20 06:55:00 pm,62.0
05-Jan-20 07:30:00 pm,60.9
05-Jan-20 08:05:00 pm,61.8
05-Jan-20 08:40:00 pm,60.6
05-Jan-20 09:15:00 pm,61.5
05-Jan-20 09:50:00 pm,60.7
05-Jan-20 10:25:00 pm,61.7
05-Jan-20 11:00:00 pm,60.8
05-Jan-20 11:35:00 pm,61.1
06-Jan-20 12:10:00 am,61.5
06-Jan-20 12:45:00 am,61.3
06-Jan-20 01:20:00 am,61.0
06-Jan-20 01:55:00 am,61.1
06-Jan-20 02:30:00 am,61.2
06-Jan-20 03:05:00 am,60.8
06-Jan-20 03:40:00 am,61.7
06-Jan-20 04:15:00 am,63.3
06-Jan-20 04:50:00 am,63.9
06-Jan-20 05:25:00 am,64.0
06-Jan-20 06:00:00 am,66.4
06-Jan-20 06:35:00 am,67.6
06-Jan-20 07:10:00 am,67.9
06-Jan-20 07:45:00 am,68.0
06-Jan-20 08:20:00 am,68.3
06-Jan-20 08:55:00 am,68.5
06-Jan-20 09:30:00 am,68.5
06-Jan-20 10:05:00 am,68.1
06-Jan-20 10:40:00 am,67.7
06-Jan-20 11:15:00 am,67.9
06-Jan-20 11:50:00 am,68.3
06-Jan-20 12:25:00 pm,68.1
06-Jan-20 01:00:00 pm,67.8
06-Jan-20 01:35:00 pm,68.0
06-Jan-20 02:10:00 pm,68.6
06-Jan-20 02:45:00 pm,69.4
06-Jan-20 03:20:00 pm,69.7
06-Jan-20 03:55:00 pm,69.7
06-Jan-20 04:30:00 pm,69.9
06-Jan-20 05:05:00 pm,70.0
06-Jan-20 05:40:00 pm,70.0
06-Jan-20 06:15:00 pm,66.5
06-Jan-20 06:50:00 pm,65.5
06-Jan-20 07:25:00 pm,65.5
06-Jan-20 08:00:00 pm,65.1
06-Jan-20 08:35:00 pm,64.6
06-Jan-20 09:10:00 pm,66.3
06-Jan-20 09:45:00 pm,66.6
06-Jan-20 10:20:00 pm,65.0
06-Jan-20 10:55:00 pm,64.6
06-Jan-20 11:30:00 pm,64.1
07-Jan-20 12:05:00 am,63.6
07-Jan-20 12:40:00 am,63.6
07-Jan-20 01:15:00 am,63.5
07-Jan-20 01:50:00 am,63.3
07-Jan-20 02:25:00 am,63.0
07-Jan-20 03:00:00 am,62.8
07-Jan-20 03:35:00 am,62.6
07-Jan-20 04:10:00 am,64.6
07-Jan-20 04:45:00 am,65.7
07-Jan-20 05:20:00 am,66.5
07-Jan-20 05:55:00 am,67.7
07-Jan-20 06:30:00 am,68.9
07-Jan-20 07:05:00 am,68.9
07-Jan-20 07:40:00 am,69.0
07-Jan-20 08:15:00 am,69.1
07-Jan-20 08:50:00 am,69.2
07-Jan-20 09:25:00 am,69.5
07-Jan-20 10:00:00 am,69.8
07-Jan-20 10:35:00 am,70.0
07-Jan-20 11:10:00 am,70.0
07-Jan-20 11:45:00 am,70.1
07-Jan-20 12:20:00 pm,70.4
07-Jan-20 12:55:00 pm,70.2
07-Jan-20 01:30:00 pm,70.4
07-Jan-20 02:05:00 pm,70.4
07-Jan-20 02:40:00 pm,70.0
07-Jan-20 03:15:00 pm,68.8
07-Jan-20 03:50:00 pm,68.7
07-Jan-20 04:25:00 pm,68.7
07-Jan-20 05:00:00 pm,68.8
07-Jan-20 05:35:00 pm,68.4
07-Jan-20 06:10:00 pm,65.1
07-Jan-20 06:45:00 pm,65.0
07-Jan-20 07:20:00 pm,64.7
07-Jan-20 07:55:00 pm,64.6
07-Jan-20 08:30:00 pm,64.2
07-Jan-20 09:05:00 pm,64.2
07-Jan-20 09:40:00 pm,65.9
07-Jan-20 10:15:00 pm,66.4
07-Jan-20 10:50:00 pm,64.9
07-Jan-20 11:25:00 pm,64.6
08-Jan-20 12:00:00 am,64.6
08-Jan-20 12:35:00 am,64.2
08-Jan-20 01:10:00 am,63.1
08-Jan-20 01:45:00 am,63.0
08-Jan-20 02:20:00 am,62.2
08-Jan-20 02:55:00 am,62.7
08-Jan-20 03:30:00 am,61.7
08-Jan-20 04:05:00 am,64.4
08-Jan-20 04:40:00 am,65.6
08-Jan-20 05:15:00 am,66.0
08-Jan-20 05:50:00 am,67.2
08-Jan-20 06:25:00 am,68.5
08-Jan-20 07:00:00 am,68.5
08-Jan-20 07:35:00 am,68.7
08-Jan-20 08:10:00 am,68.9
08-Jan-20 08:45:00 am,68.9
08-Jan-20 09:20:00 am,69.1
08-Jan-20 09:55:00 am,69.1
08-Jan-20 10:30:00 am,69.2
08-Jan-20 11:05:00 am,69.2
08-Jan-20 11:40:00 am,69.4
08-Jan-20 12:15:00 pm,69.6
08-Jan-20 12:50:00 pm,69.7
08-Jan-20 01:25:00 pm,69.7
08-Jan-20 02:00:00 pm,69.7
08-Jan-20 02:35:00 pm,69.6
08-Jan-20 03:10:00 pm,69.7
08-Jan-20 03:45:00 pm,69.6
08-Jan-20 04:20:00 pm,69.5
08-Jan-20 04:55:00 pm,69.6
08-Jan-20 05:30:00 pm,69.5
08-Jan-20 06:05:00 pm,65.9
08-Jan-20 06:40:00 pm,65.0
08-Jan-20 07:15:00 pm,64.5
08-Jan-20 07:50:00 pm,63.8
08-Jan-20 08:25:00 pm,63.1
08-Jan-20 09:00:00 pm,61.4
08-Jan-20 09:35:00 pm,60.9
08-Jan-20 10:10:00 pm,60.8
08-Jan-20 10:45:00 pm,60.9
08-Jan-20 11:20:00 pm,60.6
08-Jan-20 11:55:00 pm,60.6
09-Jan-20 12:30:00 am,60.3
09-Jan-20 01:05:00 am,60.0
09-Jan-20 01:40:00 am,60.0
09-Jan-20 02:15:00 am,59.9
09-Jan-20 02:50:00 am,60.0
09-Jan-20 03:25:00 am,59.5
09-Jan-20 04:00:00 am,61.7
09-Jan-20 04:35:00 am,64.0
09-Jan-20 05:10:00 am,64.3
09-Jan-20 05:45:00 am,65.6
09-Jan-20 06:20:00 am,67.7
09-Jan-20 06:55:00 am,67.8
09-Jan-20 07:30:00 am,67.9
09-Jan-20 08:05:00 am,68.0
09-Jan-20 08:40:00 am,68.2
09-Jan-20 09:15:00 am,68.5
09-Jan-20 09:50:00 am,68.7
09-Jan-20 10:25:00 am,68.9
09-Jan-20 11:00:00 am,69.0
09-Jan-20 11:35:00 am,69.4
09-Jan-20 12:10:00 pm,69.5
09-Jan-20 12:45:00 pm,69.4
09-Jan-20 01:20:00 pm,69.4
09-Jan-20 01:55:00 pm,69.4
09-Jan-20 02:30:00 pm,69.4
09-Jan-20 03:05:00 pm,68.6
09-Jan-20 03:40:00 pm,68.3
09-Jan-20 04:15:00 pm,68.9
09-Jan-20 04:50:00 pm,69.2
09-Jan-20 05:25:00 pm,68.4
09-Jan-20 06:00:00 pm,65.3
09-Jan-20 06:35:00 pm,63.6
09-Jan-20 07:10:00 pm,63.6
09-Jan-20 07:45:00 pm,61.7
09-Jan-20 08:20:00 pm,60.6
09-Jan-20 08:55:00 pm,60.4
09-Jan-20 09:30:00 pm,59.9
09-Jan-20 10:05:00 pm,59.8
09-Jan-20 10:40:00 pm,60.0
09-Jan-20 11:15:00 pm,60.8
09-Jan-20 11:50:00 pm,61.0
10-Jan-20 12:25:00 am,60.4
10-Jan-20 01:00:00 am,59.9
10-Jan-20 01:35:00 am,60.2
10-Jan-20 02:10:00 am,59.9
10-Jan-20 02:45:00 am,59.9
10-Jan-20 03:20:00 am,59.9
10-Jan-20 03:55:00 am,60.8
10-Jan-20 04:30:00 am,63.2
10-Jan-20 05:05:00 am,63.9
10-Jan-20 05:40:00 am,64.2
10-Jan-20 06:15:00 am,67.5
10-Jan-20 06:50:00 am,67.6
10-Jan-20 07:25:00 am,67.7
10-Jan-20 08:00:00 am,68.0
10-Jan-20 08:35:00 am,68.1
10-Jan-20 09:10:00 am,68.4
10-Jan-20 09:45:00 am,68.5
10-Jan-20 10:20:00 am,68.5
10-Jan-20 10:55:00 am,68.9
10-Jan-20 11:30:00 am,69.1
10-Jan-20 12:05:00 pm,69.2
10-Jan-20 12:40:00 pm,69.2
10-Jan-20 01:15:00 pm,69.2
10-Jan-20 01:50:00 pm,69.4
10-Jan-20 02:25:00 pm,69.5
10-Jan-20 03:00:00 pm,69.6
10-Jan-20 03:35:00 pm,69.7
10-Jan-20 04:10:00 pm,69.4
10-Jan-20 04:45:00 pm,68.4
10-Jan-20 05:20:00 pm,68.3
10-Jan-20 05:55:00 pm,66.8
10-Jan-20 06:30:00 pm,63.6
10-Jan-20 07:05:00 pm,62.9
10-Jan-20 07:40:00 pm,62.6
10-Jan-20 08:15:00 pm,62.2
10-Jan-20 08:50:00 pm,61.9
10-Jan-20 09:25:00 pm,61.7
10-Jan-20 10:00:00 pm,61.0
10-Jan-20 10:35:00 pm,60.8
10-Jan-20 11:10:00 pm,60.8
10-Jan-20 11:45:00 pm,60.8
11-Jan-20 12:20:00 am,60.8
11-Jan-20 12:55:00 am,60.6
11-Jan-20 01:30:00 am,60.3
11-Jan-20 02:05:00 am,60.2
11-Jan-20 02:40:00 am,60.0
11-Jan-20 03:15:00 am,59.9
11-Jan-20 03:50:00 am,59.7
11-Jan-20 04:25:00 am,59.3
11-Jan-20 05:00:00 am,59.4
11-Jan-20 05:35:00 am,59.5
11-Jan-20 06:10:00 am,59.3
11-Jan-20 06:45:00 am,59.2
11-Jan-20 07:20:00 am,58.9
11-Jan-20 07:55:00 am,59.1
11-Jan-20 08:30:00 am,59.5
11-Jan-20 09:05:00 am,59.8
11-Jan-20 09:40:00 am,59.4
11-Jan-20 10:15:00 am,59.8
11-Jan-20 10:50:00 am,59.6
11-Jan-20 11:25:00 am,59.6
11-Jan-20 12:00:00 pm,59.8
11-Jan-20 12:35:00 pm,59.9
11-Jan-20 01:10:00 pm,59.8
11-Jan-20 01:45:00 pm,60.0
11-Jan-20 02:20:00 pm,62.1
11-Jan-20 02:55:00 pm,63.7
11-Jan-20 03:30:00 pm,62.0
11-Jan-20 04:05:00 pm,61.2
11-Jan-20 04:40:00 pm,61.1
11-Jan-20 05:15:00 pm,60.2
11-Jan-20 05:50:00 pm,60.0
11-Jan-20 06:25:00 pm,60.4
11-Jan-20 07:00:00 pm,60.6
11-Jan-20 07:35:00 pm,61.9
11-Jan-20 08:10:00 pm,60.8
11-Jan-20 08:45:00 pm,59.8
11-Jan-20 09:20:00 pm,60.8
11-Jan-20 09:55:00 pm,59.6
11-Jan-20 10:30:00 pm,61.3
11-Jan-20 11:05:00 pm,59.9
11-Jan-20 11:40:00 pm,60.6
12-Jan-20 12:15:00 am,60.2
12-Jan-20 12:50:00 am,59.4
12-Jan-20 01:25:00 am,60.7
12-Jan-20 02:00:00 am,59.3
12-Jan-20 02:35:00 am,59.7
12-Jan-20 03:10:00 am,59.5
12-Jan-20 03:45:00 am,59.9
12-Jan-20 04:20:00 am,60.2
12-Jan-20 04:55:00 am,59.2
12-Jan-20 05:30:00 am,60.7
12-Jan-20 06:05:00 am,59.3
12-Jan-20 06:40:00 am,60.4
12-Jan-20 07:15:00 am,59.4
12-Jan-20 07:50:00 am,60.0
12-Jan-20 08:25:00 am,59.8
12-Jan-20 09:00:00 am,63.2
12-Jan-20 09:35:00 am,62.6
12-Jan-20 10:10:00 am,61.3
12-Jan-20 10:45:00 am,61.0
12-Jan-20 11:20:00 am,60.8
12-Jan-20 11:55:00 am,62.2
12-Jan-20 12:30:00 pm,61.0
12-Jan-20 01:05:00 pm,61.2
12-Jan-20 01:40:00 pm,61.4
12-Jan-20 02:15:00 pm,60.0
12-Jan-20 02:50:00 pm,59.5
12-Jan-20 03:25:00 pm,59.2
12-Jan-20 04:00:00 pm,59.3
12-Jan-20 04:35:00 pm,58.9
12-Jan-20 05:10:00 pm,60.7
12-Jan-20 05:45:00 pm,60.1
12-Jan-20 06:20:00 pm,60.4
12-Jan-20 06:55:00 pm,60.5
12-Jan-20 07:30:00 pm,60.6
12-Jan-20 08:05:00 pm,61.4
12-Jan-20 08:40:00 pm,60.4
12-Jan-20 09:15:00 pm,60.8
12-Jan-20 09:50:00 pm,60.8
12-Jan-20 10:25:00 pm,61.1
12-Jan-20 11:00:00 pm,60.9
12-Jan-20 11:35:00 pm,60.6
13-Jan-20 12:10:00 am,61.2
13-Jan-20 12:45:00 am,60.6
13-Jan-20 01:20:00 am,61.5
13-Jan-20 01:55:00 am,60.6
13-Jan-20 02:30:00 am,60.9
13-Jan-20 03:05:00 am,60.6
13-Jan-20 03:40:00 am,61.0
13-Jan-20 04:15:00 am,62.5
13-Jan-20 04:50:00 am,63.3
13-Jan-20 05:25:00 am,63.7
13-Jan-20 06:00:00 am,65.7
13-Jan-20 06:35:00 am,67.0
13-Jan-20 07:10:00 am,67.2
13-Jan-20 07:45:00 am,67.4
13-Jan-20 08:20:00 am,67.7
13-Jan-20 08:55:00 am,67.8
13-Jan-20 09:30:00 am,67.9
13-Jan-20 10:05:00 am,68.2
13-Jan-20 10:40:00 am,68.3
13-Jan-20 11:15:00 am,68.4
13-Jan-20 11:50:00 am,68.2
13-Jan-20 12:25:00 pm,68.2
13-Jan-20 01:00:00 pm,68.2
13-Jan-20 01:35:00 pm,68.2
13-Jan-20 02:10:00 pm,68.3
13-Jan-20 02:45:00 pm,68.3
13-Jan-20 03:20:00 pm,68.3
13-Jan-20 03:55:00 pm,68.3
13-Jan-20 04:30:00 pm,68.0
13-Jan-20 05:05:00 pm,68.0
13-Jan-20 05:40:00 pm,68.0
13-Jan-20 06:15:00 pm,63.9
13-Jan-20 06:50:00 pm,62.7
13-Jan-20 07:25:00 pm,60.5
13-Jan-20 08:00:00 pm,60.1
13-Jan-20 08:35:00 pm,59.9
13-Jan-20 09:10:00 pm,59.3
13-Jan-20 09:45:00 pm,58.5
13-Jan-20 10:20:00 pm,60.1
13-Jan-20 10:55:00 pm,60.0
13-Jan-20 11:30:00 pm,59.3
14-Jan-20 12:05:00 am,58.5
14-Jan-20 12:40:00 am,59.1
14-Jan-20 01:15:00 am,59.5
14-Jan-20 01:50:00 am,59.7
14-Jan-20 02:25:00 am,60.8
14-Jan-20 03:00:00 am,59.6
14-Jan-20 03:35:00 am,59.7
14-Jan-20 04:10:00 am,61.9
14-Jan-20 04:45:00 am,62.7
14-Jan-20 05:20:00 am,63.0
14-Jan-20 05:55:00 am,65.0
14-Jan-20 06:30:00 am,66.8
14-Jan-20 07:05:00 am,66.9
14-Jan-20 07:40:00 am,67.1
14-Jan-20 08:15:00 am,67.2
14-Jan-20 08:50:00 am,67.4
14-Jan-20 09:25:00 am,67.6
14-Jan-20 10:00:00 am,67.9
14-Jan-20 10:35:00 am,68.0
14-Jan-20 11:10:00 am,68.0
14-Jan-20 11:45:00 am,68.3
14-Jan-20 12:20:00 pm,68.3
14-Jan-20 12:55:00 pm,68.3
14-Jan-20 01:30:00 pm,68.4
14-Jan-20 02:05:00 pm,68.4
14-Jan-20 02:40:00 pm,68.5
14-Jan-20 03:15:00 pm,68.4
14-Jan-20 03:50:00 pm,68.5
14-Jan-20 04:25:00 pm,68.3
14-Jan-20 05:00:00 pm,68.2
14-Jan-20 05:35:00 pm,68.2
14-Jan-20 06:10:00 pm,64.1
14-Jan-20 06:45:00 pm,62.2
14-Jan-20 07:20:00 pm,60.0
14-Jan-20 07:55:00 pm,58.8
14-Jan-20 08:30:00 pm,58.3
14-Jan-20 09:05:00 pm,57.7
14-Jan-20 09:40:00 pm,58.1
14-Jan-20 10:15:00 pm,58.7
14-Jan-20 10:50:00 pm,59.4
14-Jan-20 11:25:00 pm,59.5
15-Jan-20 12:00:00 am,58.8
15-Jan-20 12:35:00 am,58.2
15-Jan-20 01:10:00 am,58.6
15-Jan-20 01:45:00 am,57.9
15-Jan-20 02:20:00 am,57.5
15-Jan-20 02:55:00 am,57.7
15-Jan-20 03:30:00 am,57.7
15-Jan-20 04:05:00 am,61.1
15-Jan-20 04:40:00 am,62.0
15-Jan-20 05:15:00 am,62.4
15-Jan-20 05:50:00 am,64.5
15-Jan-20 06:25:00 am,66.9
15-Jan-20 07:00:00 am,67.1
15-Jan-20 07:35:00 am,67.1
15-Jan-20 08:10:00 am,67.3
15-Jan-20 08:45:00 am,67.4
15-Jan-20 09:20:00 am,67.6
15-Jan-20 09:55:00 am,67.6
15-Jan-20 10:30:00 am,67.9
15-Jan-20 11:05:00 am,68.0
15-Jan-20 11:40:00 am,68.1
15-Jan-20 12:15:00 pm,68.2
15-Jan-20 12:50:00 pm,68.3
15-Jan-20 01:25:00 pm,68.3
15-Jan-20 02:00:00 pm,68.2
15-Jan-20 02:35:00 pm,68.2
15-Jan-20 03:10:00 pm,68.2
15-Jan-20 03:45:00 pm,68.3
15-Jan-20 04:20:00 pm,68.5
15-Jan-20 04:55:00 pm,68.5
15-Jan-20 05:30:00 pm,68.5
15-Jan-20 06:05:00 pm,64.4
15-Jan-20 06:40:00 pm,62.4
15-Jan-20 07:15:00 pm,61.3
15-Jan-20 07:50:00 pm,60.4
15-Jan-20 08:25:00 pm,59.3
15-Jan-20 09:00:00 pm,61.1
15-Jan-20 09:35:00 pm,63.4
15-Jan-20 10:10:00 pm,61.1
15-Jan-20 10:45:00 pm,60.1
15-Jan-20 11:20:00 pm,59.4
15-Jan-20 11:55:00 pm,59.6
16-Jan-20 12:30:00 am,59.2
16-Jan-20 01:05:00 am,58.6
16-Jan-20 01:40:00 am,58.9
16-Jan-20 02:15:00 am,58.9
16-Jan-20 02:50:00 am,58.8
16-Jan-20 03:25:00 am,58.7
16-Jan-20 04:00:00 am,61.2
16-Jan-20 04:35:00 am,63.0
16-Jan-20 05:10:00 am,63.6
16-Jan-20 05:45:00 am,64.8
16-Jan-20 06:20:00 am,67.4
16-Jan-20 06:55:00 am,67.6
16-Jan-20 07:30:00 am,67.8
16-Jan-20 08:05:00 am,67.9
16-Jan-20 08:40:00 am,68.0
16-Jan-20 09:15:00 am,68.2
16-Jan-20 09:50:00 am,68.5
16-Jan-20 10:25:00 am,68.5
16-Jan-20 11:00:00 am,68.5
16-Jan-20 11:35:00 am,68.5
16-Jan-20 12:10:00 pm,68.5
16-Jan-20 12:45:00 pm,68.5
16-Jan-20 01:20:00 pm,68.5
16-Jan-20 01:55:00 pm,68.7
16-Jan-20 02:30:00 pm,69.0
16-Jan-20 03:05:00 pm,68.3
16-Jan-20 03:40:00 pm,68.0
16-Jan-20 04:15:00 pm,67.6
16-Jan-20 04:50:00 pm,67.4
16-Jan-20 05:25:00 pm,67.9
16-Jan-20 06:00:00 pm,65.8
16-Jan-20 06:35:00 pm,63.3
16-Jan-20 07:10:00 pm,63.1
16-Jan-20 07:45:00 pm,61.5
16-Jan-20 08:20:00 pm,60.4
16-Jan-20 08:55:00 pm,60.0
16-Jan-20 09:30:00 pm,59.6
16-Jan-20 10:05:00 pm,59.5
16-Jan-20 10:40:00 pm,59.7
16-Jan-20 11:15:00 pm,59.5
16-Jan-20 11:50:00 pm,59.7
17-Jan-20 12:25:00 am,59.7
17-Jan-20 01:00:00 am,59.2
17-Jan-20 01:35:00 am,59.0
17-Jan-20 02:10:00 am,58.7
17-Jan-20 02:45:00 am,58.6
17-Jan-20 03:20:00 am,58.5
17-Jan-20 03:55:00 am,60.2
17-Jan-20 04:30:00 am,62.8
17-Jan-20 05:05:00 am,63.5
17-Jan-20 05:40:00 am,64.0
17-Jan-20 06:15:00 am,67.0
17-Jan-20 06:50:00 am,67.3
17-Jan-20 07:25:00 am,67.5
17-Jan-20 08:00:00 am,67.6
17-Jan-20 08:35:00 am,68.0
17-Jan-20 09:10:00 am,68.1
17-Jan-20 09:45:00 am,68.3
17-Jan-20 10:20:00 am,68.5
17-Jan-20 10:55:00 am,68.6
17-Jan-20 11:30:00 am,68.9
17-Jan-20 12:05:00 pm,69.0
17-Jan-20 12:40:00 pm,68.5
17-Jan-20 01:15:00 pm,68.8
17-Jan-20 01:50:00 pm,69.0
17-Jan-20 02:25:00 pm,69.2
17-Jan-20 03:00:00 pm,69.2
17-Jan-20 03:35:00 pm,69.2
17-Jan-20 04:10:00 pm,69.0
17-Jan-20 04:45:00 pm,69.0
17-Jan-20 05:20:00 pm,69.1
17-Jan-20 05:55:00 pm,67.3
17-Jan-20 06:30:00 pm,64.3
17-Jan-20 07:05:00 pm,63.3
17-Jan-20 07:40:00 pm,62.8
17-Jan-20 08:15:00 pm,61.4
17-Jan-20 08:50:00 pm,60.6
17-Jan-20 09:25:00 pm,60.3
17-Jan-20 10:00:00 pm,60.0
17-Jan-20 10:35:00 pm,59.3
17-Jan-20 11:10:00 pm,59.3
17-Jan-20 11:45:00 pm,59.0
18-Jan-20 12:20:00 am,58.9
18-Jan-20 12:55:00 am,58.7
18-Jan-20 01:30:00 am,58.6
18-Jan-20 02:05:00 am,58.2
18-Jan-20 02:40:00 am,58.1
18-Jan-20 03:15:00 am,58.3
18-Jan-20 03:50:00 am,58.2
18-Jan-20 04:25:00 am,58.3
18-Jan-20 05:00:00 am,58.0
18-Jan-20 05:35:00 am,57.9
18-Jan-20 06:10:00 am,57.9
18-Jan-20 06:45:00 am,58.0
18-Jan-20 07:20:00 am,57.9
18-Jan-20 07:55:00 am,57.9
18-Jan-20 08:30:00 am,58.4
18-Jan-20 09:05:00 am,58.2
18-Jan-20 09:40:00 am,58.0
18-Jan-20 10:15:00 am,58.0
18-Jan-20 10:50:00 am,58.2
18-Jan-20 11:25:00 am,58.6
18-Jan-20 12:00:00 pm,58.9
18-Jan-20 12:35:00 pm,59.3
18-Jan-20 01:10:00 pm,60.3
18-Jan-20 01:45:00 pm,60.5
18-Jan-20 02:20:00 pm,60.4
18-Jan-20 02:55:00 pm,60.3
18-Jan-20 03:30:00 pm,60.8
18-Jan-20 04:05:00 pm,61.1
18-Jan-20 04:40:00 pm,60.7
18-Jan-20 05:15:00 pm,60.3
18-Jan-20 05:50:00 pm,60.5
18-Jan-20 06:25:00 pm,60.8
18-Jan-20 07:00:00 pm,60.5
18-Jan-20 07:35:00 pm,60.2
18-Jan-20 08:10:00 pm,60.4
18-Jan-20 08:45:00 pm,60.2
18-Jan-20 09:20:00 pm,60.0
18-Jan-20 09:55:00 pm,59.8
18-Jan-20 10:30:00 pm,59.8
18-Jan-20 11:05:00 pm,59.7
18-Jan-20 11:40:00 pm,59.7
19-Jan-20 12:15:00 am,60.1
19-Jan-20 12:50:00 am,60.3
19-Jan-20 01:25:00 am,59.9
19-Jan-20 02:00:00 am,60.1
19-Jan-20 02:35:00 am,60.0
19-Jan-20 03:10:00 am,60.8
19-Jan-20 03:45:00 am,60.4
19-Jan-20 04:20:00 am,60.8
19-Jan-20 04:55:00 am,60.4
19-Jan-20 05:30:00 am,60.4
19-Jan-20 06:05:00 am,60.5
19-Jan-20 06:40:00 am,60.9
19-Jan-20 07:15:00 am,60.8
19-Jan-20 07:50:00 am,60.5
19-Jan-20 08:25:00 am,60.7
19-Jan-20 09:00:00 am,60.7
19-Jan-20 09:35:00 am,60.5
19-Jan-20 10:10:00 am,60.6
19-Jan-20 10:45:00 am,60.9
19-Jan-20 11:20:00 am,60.8
19-Jan-20 11:55:00 am,60.8
19-Jan-20 12:30:00 pm,61.0
19-Jan-20 01:05:00 pm,61.3
19-Jan-20 01:40:00 pm,61.4
19-Jan-20 02:15:00 pm,61.7
19-Jan-20 02:50:00 pm,61.5
19-Jan-20 03:25:00 pm,61.5
19-Jan-20 04:00:00 pm,61.2
19-Jan-20 04:35:00 pm,61.3
19-Jan-20 05:10:00 pm,60.7
19-Jan-20 05:45:00 pm,60.9
19-Jan-20 06:20:00 pm,60.8
19-Jan-20 06:55:00 pm,60.4
19-Jan-20 07:30:00 pm,60.7
19-Jan-20 08:05:00 pm,60.7
19-Jan-20 08:40:00 pm,60.6
19-Jan-20 09:15:00 pm,60.6
19-Jan-20 09:50:00 pm,61.1
19-Jan-20 10:25:00 pm,60.2
19-Jan-20 11:00:00 pm,60.2
19-Jan-20 11:35:00 pm,60.0
20-Jan-20 12:10:00 am,60.4
20-Jan-20 12:45:00 am,60.2
20-Jan-20 01:20:00 am,61.1
20-Jan-20 01:55:00 am,60.3
20-Jan-20 02:30:00 am,60.6
20-Jan-20 03:05:00 am,60.8
20-Jan-20 03:40:00 am,61.2
20-Jan-20 04:15:00 am,63.4
20-Jan-20 04:50:00 am,64.2
20-Jan-20 05:25:00 am,64.4
20-Jan-20 06:00:00 am,66.5
20-Jan-20 06:35:00 am,67.6
20-Jan-20 07:10:00 am,67.9
20-Jan-20 07:45:00 am,68.0
20-Jan-20 08:20:00 am,68.2
20-Jan-20 08:55:00 am,68.5
20-Jan-20 09:30:00 am,68.5
20-Jan-20 10:05:00 am,68.5
20-Jan-20 10:40:00 am,68.7
20-Jan-20 11:15:00 am,68.9
20-Jan-20 11:50:00 am,69.0
20-Jan-20 12:25:00 pm,69.1
20-Jan-20 01:00:00 pm,69.2
20-Jan-20 01:35:00 pm,69.5
20-Jan-20 02:10:00 pm,69.5
20-Jan-20 02:45:00 pm,69.5
20-Jan-20 03:20:00 pm,69.5
20-Jan-20 03:55:00 pm,69.5
20-Jan-20 04:30:00 pm,69.5
20-Jan-20 05:05:00 pm,69.4
20-Jan-20 05:40:00 pm,69.2
20-Jan-20 06:15:00 pm,65.9
20-Jan-20 06:50:00 pm,64.7
20-Jan-20 07:25:00 pm,64.9
20-Jan-20 08:00:00 pm,64.7
20-Jan-20 08:35:00 pm,64.4
20-Jan-20 09:10:00 pm,65.8
20-Jan-20 09:45:00 pm,65.9
20-Jan-20 10:20:00 pm,63.7
20-Jan-20 10:55:00 pm,63.4
20-Jan-20 11:30:00 pm,62.4
21-Jan-20 12:05:00 am,61.9
21-Jan-20 12:40:00 am,61.6
21-Jan-20 01:15:00 am,61.6
21-Jan-20 01:50:00 am,61.8
21-Jan-20 02:25:00 am,61.5
21-Jan-20 03:00:00 am,61.0
21-Jan-20 03:35:00 am,61.1
21-Jan-20 04:10:00 am,63.8
21-Jan-20 04:45:00 am,64.9
21-Jan-20 05:20:00 am,65.1
21-Jan-20 05:55:00 am,66.7
21-Jan-20 06:30:00 am,68.3
21-Jan-20 07:05:00 am,68.3
21-Jan-20 07:40:00 am,68.5
21-Jan-20 08:15:00 am,68.6
21-Jan-20 08:50:00 am,68.9
21-Jan-20 09:25:00 am,69.0
21-Jan-20 10:00:00 am,69.4
21-Jan-20 10:35:00 am,68.7
21-Jan-20 11:10:00 am,68.1
21-Jan-20 11:45:00 am,68.0
21-Jan-20 12:20:00 pm,68.0
21-Jan-20 12:55:00 pm,67.8
21-Jan-20 01:30:00 pm,67.9
21-Jan-20 02:05:00 pm,68.0
21-Jan-20 02:40:00 pm,67.8
21-Jan-20 03:15:00 pm,68.1
21-Jan-20 03:50:00 pm,68.9
21-Jan-20 04:25:00 pm,69.2
21-Jan-20 05:00:00 pm,69.3
21-Jan-20 05:35:00 pm,69.5
21-Jan-20 06:10:00 pm,65.8
21-Jan-20 06:45:00 pm,64.1
21-Jan-20 07:20:00 pm,63.7
21-Jan-20 07:55:00 pm,63.7
21-Jan-20 08:30:00 pm,63.1
21-Jan-20 09:05:00 pm,63.5
21-Jan-20 09:40:00 pm,62.6
21-Jan-20 10:15:00 pm,61.9
21-Jan-20 10:50:00 pm,66.9
21-Jan-20 11:25:00 pm,63.8
22-Jan-20 12:00:00 am,62.3
22-Jan-20 12:35:00 am,61.9
22-Jan-20 01:10:00 am,61.2
22-Jan-20 01:45:00 am,61.1
22-Jan-20 02:20:00 am,60.9
22-Jan-20 02:55:00 am,61.2
22-Jan-20 03:30:00 am,60.8
22-Jan-20 04:05:00 am,63.4
22-Jan-20 04:40:00 am,64.6
22-Jan-20 05:15:00 am,65.1
22-Jan-20 05:50:00 am,66.7
22-Jan-20 06:25:00 am,68.3
22-Jan-20 07:00:00 am,68.4
22-Jan-20 07:35:00 am,68.5
22-Jan-20 08:10:00 am,68.9
22-Jan-20 08:45:00 am,68.9
22-Jan-20 09:20:00 am,69.0
22-Jan-20 09:55:00 am,69.2
22-Jan-20 10:30:00 am,69.4
22-Jan-20 11:05:00 am,69.4
22-Jan-20 11:40:00 am,69.6
22-Jan-20 12:15:00 pm,69.7
22-Jan-20 12:50:00 pm,70.0
22-Jan-20 01:25:00 pm,70.0
22-Jan-20 02:00:00 pm,69.9
22-Jan-20 02:35:00 pm,70.0
22-Jan-20 03:10:00 pm,70.0
22-Jan-20 03:45:00 pm,69.6
22-Jan-20 04:20:00 pm,68.5
22-Jan-20 04:55:00 pm,69.0
22-Jan-20 05:30:00 pm,69.6
22-Jan-20 06:05:00 pm,66.2
22-Jan-20 06:40:00 pm,65.2
22-Jan-20 07:15:00 pm,64.4
22-Jan-20 07:50:00 pm,64.0
22-Jan-20 08:25:00 pm,63.9
22-Jan-20 09:00:00 pm,63.9
22-Jan-20 09:35:00 pm,64.3
22-Jan-20 10:10:00 pm,67.1
22-Jan-20 10:45:00 pm,64.2
22-Jan-20 11:20:00 pm,63.5
22-Jan-20 11:55:00 pm,66.9
23-Jan-20 12:30:00 am,64.3
23-Jan-20 01:05:00 am,63.6
23-Jan-20 01:40:00 am,63.3
23-Jan-20 02:15:00 am,62.6
23-Jan-20 02:50:00 am,62.5
23-Jan-20 03:25:00 am,62.2
23-Jan-20 04:00:00 am,63.7
23-Jan-20 04:35:00 am,65.5
23-Jan-20 05:10:00 am,65.8
23-Jan-20 05:45:00 am,66.9
23-Jan-20 06:20:00 am,68.9
23-Jan-20 06:55:00 am,69.0
23-Jan-20 07:30:00 am,69.1
23-Jan-20 08:05:00 am,69.1
23-Jan-20 08:40:00 am,69.5
23-Jan-20 09:15:00 am,69.6
23-Jan-20 09:50:00 am,69.6
23-Jan-20 10:25:00 am,69.0
23-Jan-20 11:00:00 am,68.6
23-Jan-20 11:35:00 am,68.9
23-Jan-20 12:10:00 pm,68.9
23-Jan-20 12:45:00 pm,68.9
23-Jan-20 01:20:00 pm,68.9
23-Jan-20 01:55:00 pm,68.9
23-Jan-20 02:30:00 pm,68.9
23-Jan-20 03:05:00 pm,68.9
23-Jan-20 03:40:00 pm,69.2
23-Jan-20 04:15:00 pm,69.9
23-Jan-20 04:50:00 pm,70.2
23-Jan-20 05:25:00 pm,70.4
23-Jan-20 06:00:00 pm,68.2
23-Jan-20 06:35:00 pm,65.6
23-Jan-20 07:10:00 pm,65.0
23-Jan-20 07:45:00 pm,64.7
23-Jan-20 08:20:00 pm,64.7
23-Jan-20 08:55:00 pm,64.6
23-Jan-20 09:30:00 pm,64.5
23-Jan-20 10:05:00 pm,68.7
23-Jan-20 10:40:00 pm,66.3
23-Jan-20 11:15:00 pm,65.2
23-Jan-20 11:50:00 pm,64.9
24-Jan-20 12:25:00 am,64.5
24-Jan-20 01:00:00 am,64.2
24-Jan-20 01:35:00 am,63.9
24-Jan-20 02:10:00 am,64.2
24-Jan-20 02:45:00 am,63.9
24-Jan-20 03:20:00 am,63.6
24-Jan-20 03:55:00 am,64.0
24-Jan-20 04:30:00 am,65.7
24-Jan-20 05:05:00 am,66.3
24-Jan-20 05:40:00 am,66.6
24-Jan-20 06:15:00 am,69.2
24-Jan-20 06:50:00 am,69.2
24-Jan-20 07:25:00 am,69.2
24-Jan-20 08:00:00 am,69.3
24-Jan-20 08:35:00 am,69.5
24-Jan-20 09:10:00 am,69.7
24-Jan-20 09:45:00 am,69.9
24-Jan-20 10:20:00 am,70.2
24-Jan-20 10:55:00 am,70.0
24-Jan-20 11:30:00 am,69.5
24-Jan-20 12:05:00 pm,69.0
24-Jan-20 12:40:00 pm,69.4
24-Jan-20 01:15:00 pm,70.0
24-Jan-20 01:50:00 pm,70.4
24-Jan-20 02:25:00 pm,70.4
24-Jan-20 03:00:00 pm,69.9
24-Jan-20 03:35:00 pm,68.7
24-Jan-20 04:10:00 pm,68.9
24-Jan-20 04:45:00 pm,68.7
24-Jan-20 05:20:00 pm,68.7
24-Jan-20 05:55:00 pm,66.8
24-Jan-20 06:30:00 pm,64.1
24-Jan-20 07:05:00 pm,63.7
24-Jan-20 07:40:00 pm,63.6
24-Jan-20 08:15:00 pm,63.6
24-Jan-20 08:50:00 pm,63.4
24-Jan-20 09:25:00 pm,63.3
24-Jan-20 10:00:00 pm,63.3
24-Jan-20 10:35:00 pm,63.3
24-Jan-20 11:10:00 pm,63.2
24-Jan-20 11:45:00 pm,63.2
25-Jan-20 12:20:00 am,62.9
25-Jan-20 12:55:00 am,62.2
25-Jan-20 01:30:00 am,62.3
25-Jan-20 02:05:00 am,61.9
25-Jan-20 02:40:00 am,61.7
25-Jan-20 03:15:00 am,61.7
25-Jan-20 03:50:00 am,61.5
25-Jan-20 04:25:00 am,61.4
25-Jan-20 05:00:00 am,61.4
25-Jan-20 05:35:00 am,61.1
25-Jan-20 06:10:00 am,61.3
25-Jan-20 06:45:00 am,61.0
25-Jan-20 07:20:00 am,61.1
25-Jan-20 07:55:00 am,60.9
25-Jan-20 08:30:00 am,60.9
25-Jan-20 09:05:00 am,61.2
25-Jan-20 09:40:00 am,61.0
25-Jan-20 10:15:00 am,61.1
25-Jan-20 10:50:00 am,61.2
25-Jan-20 11:25:00 am,61.5
25-Jan-20 12:00:00 pm,61.4
25-Jan-20 12:35:00 pm,61.7
25-Jan-20 01:10:00 pm,61.6
25-Jan-20 01:45:00 pm,61.8
25-Jan-20 02:20:00 pm,61.5
25-Jan-20 02:55:00 pm,61.5
25-Jan-20 03:30:00 pm,61.4
25-Jan-20 04:05:00 pm,61.1
25-Jan-20 04:40:00 pm,61.2
25-Jan-20 05:15:00 pm,60.9
25-Jan-20 05:50:00 pm,60.8
25-Jan-20 06:25:00 pm,60.5
25-Jan-20 07:00:00 pm,60.8
25-Jan-20 07:35:00 pm,60.3
25-Jan-20 08:10:00 pm,60.3
25-Jan-20 08:45:00 pm,60.1
25-Jan-20 09:20:00 pm,60.0
25-Jan-20 09:55:00 pm,60.0
25-Jan-20 10:30:00 pm,59.9
25-Jan-20 11:05:00 pm,60.0
25-Jan-20 11:40:00 pm,59.7
26-Jan-20 12:15:00 am,59.9
26-Jan-20 12:50:00 am,59.8
26-Jan-20 01:25:00 am,59.7
26-Jan-20 02:00:00 am,59.5
26-Jan-20 02:35:00 am,59.9
26-Jan-20 03:10:00 am,60.0
26-Jan-20 03:45:00 am,60.0
26-Jan-20 04:20:00 am,60.0
26-Jan-20 04:55:00 am,59.8
26-Jan-20 05:30:00 am,59.8
26-Jan-20 06:05:00 am,59.6
26-Jan-20 06:40:00 am,59.8
26-Jan-20 07:15:00 am,60.0
26-Jan-20 07:50:00 am,60.5
26-Jan-20 08:25:00 am,60.2
26-Jan-20 09:00:00 am,60.5
26-Jan-20 09:35:00 am,60.7
26-Jan-20 10:10:00 am,60.8
26-Jan-20 10:45:00 am,60.5
26-Jan-20 11:20:00 am,61.1
26-Jan-20 11:55:00 am,61.5
26-Jan-20 12:30:00 pm,62.3
26-Jan-20 01:05:00 pm,62.4
26-Jan-20 01:40:00 pm,62.2
26-Jan-20 02:15:00 pm,62.2
26-Jan-20 02:50:00 pm,62.1
26-Jan-20 03:25:00 pm,62.2
26-Jan-20 04:00:00 pm,62.1
26-Jan-20 04:35:00 pm,61.5
26-Jan-20 05:10:00 pm,61.1
26-Jan-20 05:45:00 pm,60.7
26-Jan-20 06:20:00 pm,66.5
26-Jan-20 06:55:00 pm,64.1
26-Jan-20 07:30:00 pm,62.0
26-Jan-20 08:05:00 pm,62.1
26-Jan-20 08:40:00 pm,61.5
26-Jan-20 09:15:00 pm,61.2
26-Jan-20 09:50:00 pm,61.1
26-Jan-20 10:25:00 pm,61.0
26-Jan-20 11:00:00 pm,61.2
26-Jan-20 11:35:00 pm,60.9
27-Jan-20 12:10:00 am,60.7
27-Jan-20 12:45:00 am,61.5
27-Jan-20 01:20:00 am,60.9
27-Jan-20 01:55:00 am,60.8
27-Jan-20 02:30:00 am,60.8
27-Jan-20 03:05:00 am,60.9
27-Jan-20 03:40:00 am,61.1
27-Jan-20 04:15:00 am,63.3
27-Jan-20 04:50:00 am,64.2
27-Jan-20 05:25:00 am,64.6
27-Jan-20 06:00:00 am,66.7
27-Jan-20 06:35:00 am,68.0
27-Jan-20 07:10:00 am,68.2
27-Jan-20 07:45:00 am,68.2
27-Jan-20 08:20:00 am,68.4
27-Jan-20 08:55:00 am,68.7
27-Jan-20 09:30:00 am,69.0
27-Jan-20 10:05:00 am,69.4
27-Jan-20 10:40:00 am,69.4
27-Jan-20 11:15:00 am,68.5
27-Jan-20 11:50:00 am,68.3
27-Jan-20 12:25:00 pm,68.1
27-Jan-20 01:00:00 pm,68.0
27-Jan-20 01:35:00 pm,67.6
27-Jan-20 02:10:00 pm,67.6
27-Jan-20 02:45:00 pm,67.8
27-Jan-20 03:20:00 pm,68.6
27-Jan-20 03:55:00 pm,69.2
27-Jan-20 04:30:00 pm,69.5
27-Jan-20 05:05:00 pm,69.6
27-Jan-20 05:40:00 pm,69.5
27-Jan-20 06:15:00 pm,65.1
27-Jan-20 06:50:00 pm,63.8
27-Jan-20 07:25:00 pm,63.4
27-Jan-20 08:00:00 pm,63.5
27-Jan-20 08:35:00 pm,63.4
27-Jan-20 09:10:00 pm,63.4
27-Jan-20 09:45:00 pm,64.6
27-Jan-20 10:20:00 pm,66.4
27-Jan-20 10:55:00 pm,63.5
27-Jan-20 11:30:00 pm,62.7
28-Jan-20 12:05:00 am,62.4
28-Jan-20 12:40:00 am,62.2
28-Jan-20 01:15:00 am,61.7
28-Jan-20 01:50:00 am,61.8
28-Jan-20 02:25:00 am,61.5
28-Jan-20 03:00:00 am,61.5
28-Jan-20 03:35:00 am,61.5
28-Jan-20 04:10:00 am,64.1
28-Jan-20 04:45:00 am,65.2
28-Jan-20 05:20:00 am,65.6
28-Jan-20 05:55:00 am,66.8
28-Jan-20 06:30:00 am,68.3
28-Jan-20 07:05:00 am,68.4
28-Jan-20 07:40:00 am,68.5
28-Jan-20 08:15:00 am,68.8
28-Jan-20 08:50:00 am,68.7
28-Jan-20 09:25:00 am,68.2
28-Jan-20 10:00:00 am,67.9
28-Jan-20 10:35:00 am,68.5
28-Jan-20 11:10:00 am,68.7
28-Jan-20 11:45:00 am,68.2
28-Jan-20 12:20:00 pm,68.2
28-Jan-20 12:55:00 pm,68.1
28-Jan-20 01:30:00 pm,68.2
28-Jan-20 02:05:00 pm,68.4
28-Jan-20 02:40:00 pm,69.0
28-Jan-20 03:15:00 pm,68.8
28-Jan-20 03:50:00 pm,69.5
28-Jan-20 04:25:00 pm,70.0
28-Jan-20 05:00:00 pm,70.0
28-Jan-20 05:35:00 pm,70.0
28-Jan-20 06:10:00 pm,66.7
28-Jan-20 06:45:00 pm,65.5
28-Jan-20 07:20:00 pm,64.9
28-Jan-20 07:55:00 pm,64.6
28-Jan-20 08:30:00 pm,68.2
28-Jan-20 09:05:00 pm,65.1
28-Jan-20 09:40:00 pm,64.4
28-Jan-20 10:15:00 pm,64.0
28-Jan-20 10:50:00 pm,63.8
28-Jan-20 11:25:00 pm,63.4
29-Jan-20 12:00:00 am,63.8
29-Jan-20 12:35:00 am,63.4
29-Jan-20 01:10:00 am,62.7
29-Jan-20 01:45:00 am,62.9
29-Jan-20 02:20:00 am,64.9
29-Jan-20 02:55:00 am,66.1
29-Jan-20 03:30:00 am,64.1
29-Jan-20 04:05:00 am,65.0
29-Jan-20 04:40:00 am,65.6
29-Jan-20 05:15:00 am,66.0
29-Jan-20 05:50:00 am,67.3
29-Jan-20 06:25:00 am,68.5
29-Jan-20 07:00:00 am,68.5
29-Jan-20 07:35:00 am,68.9
29-Jan-20 08:10:00 am,68.9
29-Jan-20 08:45:00 am,68.9
29-Jan-20 09:20:00 am,68.9
29-Jan-20 09:55:00 am,68.4
29-Jan-20 10:30:00 am,68.0
29-Jan-20 11:05:00 am,67.9
29-Jan-20 11:40:00 am,68.1
29-Jan-20 12:15:00 pm,68.0
29-Jan-20 12:50:00 pm,68.2
29-Jan-20 01:25:00 pm,68.3
29-Jan-20 02:00:00 pm,69.2
29-Jan-20 02:35:00 pm,69.7
29-Jan-20 03:10:00 pm,69.8
29-Jan-20 03:45:00 pm,68.7
29-Jan-20 04:20:00 pm,68.6
29-Jan-20 04:55:00 pm,68.5
29-Jan-20 05:30:00 pm,68.3
29-Jan-20 06:05:00 pm,64.9
29-Jan-20 06:40:00 pm,64.2
29-Jan-20 07:15:00 pm,63.9
29-Jan-20 07:50:00 pm,63.7
29-Jan-20 08:25:00 pm,63.8
29-Jan-20 09:00:00 pm,63.7
29-Jan-20 09:35:00 pm,63.5
29-Jan-20 10:10:00 pm,68.0
29-Jan-20 10:45:00 pm,64.4
29-Jan-20 11:20:00 pm,63.0
29-Jan-20 11:55:00 pm,62.7
30-Jan-20 12:30:00 am,62.6
30-Jan-20 01:05:00 am,62.2
30-Jan-20 01:40:00 am,61.9
30-Jan-20 02:15:00 am,61.8
30-Jan-20 02:50:00 am,61.7
30-Jan-20 03:25:00 am,62.0
30-Jan-20 04:00:00 am,63.4
30-Jan-20 04:35:00 am,65.0
30-Jan-20 05:10:00 am,65.7
30-Jan-20 05:45:00 am,66.6
30-Jan-20 06:20:00 am,68.5
30-Jan-20 06:55:00 am,68.5
30-Jan-20 07:30:00 am,68.8
30-Jan-20 08:05:00 am,68.9
30-Jan-20 08:40:00 am,68.9
30-Jan-20 09:15:00 am,69.0
30-Jan-20 09:50:00 am,69.1
30-Jan-20 10:25:00 am,69.2
30-Jan-20 11:00:00 am,69.3
30-Jan-20 11:35:00 am,69.7
30-Jan-20 12:10:00 pm,69.7
30-Jan-20 12:45:00 pm,69.7
30-Jan-20 01:20:00 pm,70.0
30-Jan-20 01:55:00 pm,69.9
30-Jan-20 02:30:00 pm,69.9
30-Jan-20 03:05:00 pm,70.0
30-Jan-20 03:40:00 pm,70.0
30-Jan-20 04:15:00 pm,69.9
30-Jan-20 04:50:00 pm,69.9
30-Jan-20 05:25:00 pm,69.9
30-Jan-20 06:00:00 pm,67.5
30-Jan-20 06:35:00 pm,65.1
30-Jan-20 07:10:00 pm,64.8
30-Jan-20 07:45:00 pm,64.4
30-Jan-20 08:20:00 pm,64.1
30-Jan-20 08:55:00 pm,64.1
30-Jan-20 09:30:00 pm,65.3
30-Jan-20 10:05:00 pm,66.6
30-Jan-20 10:40:00 pm,64.5
30-Jan-20 11:15:00 pm,63.6
30-Jan-20 11:50:00 pm,63.2
31-Jan-20 12:25:00 am,63.3
31-Jan-20 01:00:00 am,63.1
31-Jan-20 01:35:00 am,63.1
31-Jan-20 02:10:00 am,63.3
31-Jan-20 02:45:00 am,63.0
31-Jan-20 03:20:00 am,63.1
31-Jan-20 03:55:00 am,64.1
31-Jan-20 04:30:00 am,65.9
31-Jan-20 05:05:00 am,66.7
31-Jan-20 05:40:00 am,66.9
31-Jan-20 06:15:00 am,69.0
31-Jan-20 06:50:00 am,69.0
31-Jan-20 07:25:00 am,69.1
31-Jan-20 08:00:00 am,69.2
31-Jan-20 08:35:00 am,69.5
31-Jan-20 09:10:00 am,69.6
31-Jan-20 09:45:00 am,69.7
31-Jan-20 10:20:00 am,69.9
31-Jan-20 10:55:00 am,70.4
31-Jan-20 11:30:00 am,70.1
31-Jan-20 12:05:00 pm,69.7
31-Jan-20 12:40:00 pm,70.0
31-Jan-20 01:15:00 pm,70.0
31-Jan-20 01:50:00 pm,70.4
31-Jan-20 02:25:00 pm,69.9
31-Jan-20 03:00:00 pm,70.4
31-Jan-20 03:35:00 pm,69.9
31-Jan-20 04:10:00 pm,69.5
31-Jan-20 04:45:00 pm,69.2
31-Jan-20 05:20:00 pm,69.0
31-Jan-20 05:55:00 pm,67.6
31-Jan-20 06:30:00 pm,65.6
31-Jan-20 07:05:00 pm,65.4
31-Jan-20 07:40:00 pm,66.2
31-Jan-20 08:15:00 pm,66.4
31-Jan-20 08:50:00 pm,66.7
31-Jan-20 09:25:00 pm,66.7
31-Jan-20 10:00:00 pm,66.2
31-Jan-20 10:35:00 pm,65.7
31-Jan-20 11:10:00 pm,65.8
31-Jan-20 11:45:00 pm,65.6
01-Feb-20 12:20:00 am,65.4
01-Feb-20 12:55:00 am,65.8
01-Feb-20 01:30:00 am,65.3
01-Feb-20 02:05:00 am,65.1
01-Feb-20 02:40:00 am,65.0
01-Feb-20 03:15:00 am,64.9
01-Feb-20 03:50:00 am,65.0
01-Feb-20 04:25:00 am,64.6
01-Feb-20 05:00:00 am,64.4
01-Feb-20 05:35:00 am,64.2
01-Feb-20 06:10:00 am,64.5
01-Feb-20 06:45:00 am,64.0
01-Feb-20 07:20:00 am,63.9
01-Feb-20 07:55:00 am,63.7
01-Feb-20 08:30:00 am,63.5
01-Feb-20 09:05:00 am,63.3
01-Feb-20 09:40:00 am,63.3
01-Feb-20 10:15:00 am,62.7
01-Feb-20 10:50:00 am,62.7
01-Feb-20 11:25:00 am,62.3
01-Feb-20 12:00:00 pm,62.2
01-Feb-20 12:35:00 pm,62.2
01-Feb-20 01:10:00 pm,61.9
01-Feb-20 01:45:00 pm,61.7
01-Feb-20 02:20:00 pm,61.3
01-Feb-20 02:55:00 pm,61.0
01-Feb-20 03:30:00 pm,60.7
01-Feb-20 04:05:00 pm,60.5
01-Feb-20 04:40:00 pm,60.4
01-Feb-20 05:15:00 pm,60.2
01-Feb-20 05:50:00 pm,59.8
01-Feb-20 06:25:00 pm,59.7
01-Feb-20 07:00:00 pm,59.9
01-Feb-20 07:35:00 pm,59.3
01-Feb-20 08:10:00 pm,59.7
01-Feb-20 08:45:00 pm,60.2
01-Feb-20 09:20:00 pm,58.9
01-Feb-20 09:55:00 pm,60.2
01-Feb-20 10:30:00 pm,59.7
01-Feb-20 11:05:00 pm,59.8
01-Feb-20 11:40:00 pm,59.5
02-Feb-20 12:15:00 am,59.2
02-Feb-20 12:50:00 am,60.8
02-Feb-20 01:25:00 am,59.4
02-Feb-20 02:00:00 am,60.8
02-Feb-20 02:35:00 am,60.0
02-Feb-20 03:10:00 am,61.2
02-Feb-20 03:45:00 am,60.3
02-Feb-20 04:20:00 am,61.5
02-Feb-20 04:55:00 am,60.0
02-Feb-20 05:30:00 am,60.6
02-Feb-20 06:05:00 am,61.1
02-Feb-20 06:40:00 am,61.2
02-Feb-20 07:15:00 am,61.0
02-Feb-20 07:50:00 am,60.9
02-Feb-20 08:25:00 am,60.8
02-Feb-20 09:00:00 am,60.4
02-Feb-20 09:35:00 am,60.7
02-Feb-20 10:10:00 am,61.1
02-Feb-20 10:45:00 am,61.2
02-Feb-20 11:20:00 am,60.9
02-Feb-20 11:55:00 am,60.4
02-Feb-20 12:30:00 pm,60.1
02-Feb-20 01:05:00 pm,60.4
02-Feb-20 01:40:00 pm,60.0
02-Feb-20 02:15:00 pm,59.9
02-Feb-20 02:50:00 pm,59.1
02-Feb-20 03:25:00 pm,59.2
02-Feb-20 04:00:00 pm,59.3
02-Feb-20 04:35:00 pm,59.2
02-Feb-20 05:10:00 pm,58.9
02-Feb-20 05:45:00 pm,58.6
02-Feb-20 06:20:00 pm,58.5
02-Feb-20 06:55:00 pm,58.6
02-Feb-20 07:30:00 pm,58.6
02-Feb-20 08:05:00 pm,60.4
02-Feb-20 08:40:00 pm,59.3
02-Feb-20 09:15:00 pm,60.8
02-Feb-20 09:50:00 pm,58.7
02-Feb-20 10:25:00 pm,59.1
02-Feb-20 11:00:00 pm,60.0
02-Feb-20 11:35:00 pm,60.5
03-Feb-20 12:10:00 am,59.6
03-Feb-20 12:45:00 am,60.0
03-Feb-20 01:20:00 am,60.4
03-Feb-20 01:55:00 am,59.7
03-Feb-20 02:30:00 am,60.3
03-Feb-20 03:05:00 am,61.5
03-Feb-20 03:40:00 am,60.5
03-Feb-20 04:15:00 am,62.6
03-Feb-20 04:50:00 am,63.6
03-Feb-20 05:25:00 am,63.8
03-Feb-20 06:00:00 am,65.8
03-Feb-20 06:35:00 am,67.1
03-Feb-20 07:10:00 am,67.2
03-Feb-20 07:45:00 am,67.4
03-Feb-20 08:20:00 am,67.6
03-Feb-20 08:55:00 am,68.0
03-Feb-20 09:30:00 am,68.3
03-Feb-20 10:05:00 am,68.5
03-Feb-20 10:40:00 am,68.5
03-Feb-20 11:15:00 am,68.8
03-Feb-20 11:50:00 am,68.9
03-Feb-20 12:25:00 pm,68.8
03-Feb-20 01:00:00 pm,69.1
03-Feb-20 01:35:00 pm,69.1
03-Feb-20 02:10:00 pm,69.7
03-Feb-20 02:45:00 pm,69.7
03-Feb-20 03:20:00 pm,68.9
03-Feb-20 03:55:00 pm,68.5
03-Feb-20 04:30:00 pm,68.3
03-Feb-20 05:05:00 pm,68.0
03-Feb-20 05:40:00 pm,67.9
03-Feb-20 06:15:00 pm,63.6
03-Feb-20 06:50:00 pm,62.9
03-Feb-20 07:25:00 pm,62.4
03-Feb-20 08:00:00 pm,60.8
03-Feb-20 08:35:00 pm,60.1
03-Feb-20 09:10:00 pm,60.0
03-Feb-20 09:45:00 pm,61.8
03-Feb-20 10:20:00 pm,64.1
03-Feb-20 10:55:00 pm,61.0
03-Feb-20 11:30:00 pm,61.1
04-Feb-20 12:05:00 am,60.7
04-Feb-20 12:40:00 am,61.0
04-Feb-20 01:15:00 am,60.9
04-Feb-20 01:50:00 am,60.9
04-Feb-20 02:25:00 am,60.4
04-Feb-20 03:00:00 am,60.6
04-Feb-20 03:35:00 am,61.3
04-Feb-20 04:10:00 am,62.4
04-Feb-20 04:45:00 am,63.4
04-Feb-20 05:20:00 am,63.9
04-Feb-20 05:55:00 am,65.4
04-Feb-20 06:30:00 am,67.2
04-Feb-20 07:05:00 am,67.2
04-Feb-20 07:40:00 am,67.4
04-Feb-20 08:15:00 am,67.7
04-Feb-20 08:50:00 am,67.9
04-Feb-20 09:25:00 am,68.0
04-Feb-20 10:00:00 am,67.1
04-Feb-20 10:35:00 am,66.7
04-Feb-20 11:10:00 am,66.7
04-Feb-20 11:45:00 am,66.7
04-Feb-20 12:20:00 pm,66.6
04-Feb-20 12:55:00 pm,67.1
04-Feb-20 01:30:00 pm,67.9
04-Feb-20 02:05:00 pm,68.5
04-Feb-20 02:40:00 pm,68.5
04-Feb-20 03:15:00 pm,68.2
04-Feb-20 03:50:00 pm,67.4
04-Feb-20 04:25:00 pm,68.0
04-Feb-20 05:00:00 pm,68.5
04-Feb-20 05:35:00 pm,68.5
04-Feb-20 06:10:00 pm,66.7
04-Feb-20 06:45:00 pm,63.5
04-Feb-20 07:20:00 pm,62.6
04-Feb-20 07:55:00 pm,61.1
04-Feb-20 08:30:00 pm,60.9
04-Feb-20 09:05:00 pm,60.1
04-Feb-20 09:40:00 pm,60.0
04-Feb-20 10:15:00 pm,63.6
04-Feb-20 10:50:00 pm,62.7
04-Feb-20 11:25:00 pm,61.5
05-Feb-20 12:00:00 am,60.6
05-Feb-20 12:35:00 am,60.3
05-Feb-20 01:10:00 am,60.0
05-Feb-20 01:45:00 am,59.7
05-Feb-20 02:20:00 am,59.9
05-Feb-20 02:55:00 am,59.9
05-Feb-20 03:30:00 am,59.8
05-Feb-20 04:05:00 am,62.9
05-Feb-20 04:40:00 am,63.9
05-Feb-20 05:15:00 am,64.4
05-Feb-20 05:50:00 am,66.1
05-Feb-20 06:25:00 am,67.9
05-Feb-20 07:00:00 am,68.0
05-Feb-20 07:35:00 am,68.3
05-Feb-20 08:10:00 am,68.5
05-Feb-20 08:45:00 am,68.9
05-Feb-20 09:20:00 am,69.1
05-Feb-20 09:55:00 am,69.0
05-Feb-20 10:30:00 am,68.2
05-Feb-20 11:05:00 am,68.0
05-Feb-20 11:40:00 am,68.0
05-Feb-20 12:15:00 pm,68.0
05-Feb-20 12:50:00 pm,68.0
05-Feb-20 01:25:00 pm,68.2
05-Feb-20 02:00:00 pm,68.3
05-Feb-20 02:35:00 pm,68.4
05-Feb-20 03:10:00 pm,68.7
05-Feb-20 03:45:00 pm,68.6
05-Feb-20 04:20:00 pm,68.6
05-Feb-20 04:55:00 pm,69.0
05-Feb-20 05:30:00 pm,69.6
05-Feb-20 06:05:00 pm,65.8
05-Feb-20 06:40:00 pm,64.8
05-Feb-20 07:15:00 pm,64.3
05-Feb-20 07:50:00 pm,64.1
05-Feb-20 08:25:00 pm,63.7
05-Feb-20 09:00:00 pm,63.6
05-Feb-20 09:35:00 pm,63.4
05-Feb-20 10:10:00 pm,63.4
05-Feb-20 10:45:00 pm,63.1
05-Feb-20 11:20:00 pm,63.7
05-Feb-20 11:55:00 pm,63.4
06-Feb-20 12:30:00 am,63.8
06-Feb-20 01:05:00 am,63.4
06-Feb-20 01:40:00 am,63.4
06-Feb-20 02:15:00 am,62.7
06-Feb-20 02:50:00 am,63.0
06-Feb-20 03:25:00 am,62.3
06-Feb-20 04:00:00 am,63.7
06-Feb-20 04:35:00 am,65.4
06-Feb-20 05:10:00 am,66.0
06-Feb-20 05:45:00 am,67.1
06-Feb-20 06:20:00 am,68.7
06-Feb-20 06:55:00 am,68.9
06-Feb-20 07:30:00 am,69.0
06-Feb-20 08:05:00 am,69.0
06-Feb-20 08:40:00 am,69.1
06-Feb-20 09:15:00 am,69.3
06-Feb-20 09:50:00 am,69.5
06-Feb-20 10:25:00 am,69.5
06-Feb-20 11:00:00 am,69.7
06-Feb-20 11:35:00 am,69.6
06-Feb-20 12:10:00 pm,69.7
06-Feb-20 12:45:00 pm,69.5
06-Feb-20 01:20:00 pm,69.6
06-Feb-20 01:55:00 pm,69.6
06-Feb-20 02:30:00 pm,69.6
06-Feb-20 03:05:00 pm,69.7
06-Feb-20 03:40:00 pm,69.7
06-Feb-20 04:15:00 pm,69.9
06-Feb-20 04:50:00 pm,70.0
06-Feb-20 05:25:00 pm,69.9
06-Feb-20 06:00:00 pm,67.3
06-Feb-20 06:35:00 pm,65.2
06-Feb-20 07:10:00 pm,64.8
06-Feb-20 07:45:00 pm,64.5
06-Feb-20 08:20:00 pm,64.2
06-Feb-20 08:55:00 pm,63.9
06-Feb-20 09:30:00 pm,64.1
06-Feb-20 10:05:00 pm,63.8
06-Feb-20 10:40:00 pm,63.8
06-Feb-20 11:15:00 pm,63.3
06-Feb-20 11:50:00 pm,64.2
07-Feb-20 12:25:00 am,63.6
07-Feb-20 01:00:00 am,63.6
07-Feb-20 01:35:00 am,62.2
07-Feb-20 02:10:00 am,63.1
07-Feb-20 02:45:00 am,62.3
07-Feb-20 03:20:00 am,62.8
07-Feb-20 03:55:00 am,62.8
07-Feb-20 04:30:00 am,65.1
07-Feb-20 05:05:00 am,65.3
07-Feb-20 05:40:00 am,65.6
07-Feb-20 06:15:00 am,68.5
07-Feb-20 06:50:00 am,68.5
07-Feb-20 07:25:00 am,68.7
07-Feb-20 08:00:00 am,68.9
07-Feb-20 08:35:00 am,68.9
07-Feb-20 09:10:00 am,69.2
07-Feb-20 09:45:00 am,69.4
07-Feb-20 10:20:00 am,69.5
07-Feb-20 10:55:00 am,69.7
07-Feb-20 11:30:00 am,69.8
07-Feb-20 12:05:00 pm,70.0
07-Feb-20 12:40:00 pm,70.0
07-Feb-20 01:15:00 pm,70.1
07-Feb-20 01:50:00 pm,70.4
07-Feb-20 02:25:00 pm,70.0
07-Feb-20 03:00:00 pm,69.6
07-Feb-20 03:35:00 pm,68.9
07-Feb-20 04:10:00 pm,68.9
07-Feb-20 04:45:00 pm,68.5
07-Feb-20 05:20:00 pm,68.2
07-Feb-20 05:55:00 pm,66.7
07-Feb-20 06:30:00 pm,65.0
07-Feb-20 07:05:00 pm,65.0
07-Feb-20 07:40:00 pm,64.9
07-Feb-20 08:15:00 pm,64.9
07-Feb-20 08:50:00 pm,64.5
07-Feb-20 09:25:00 pm,64.3
07-Feb-20 10:00:00 pm,63.5
07-Feb-20 10:35:00 pm,62.7
07-Feb-20 11:10:00 pm,62.6
07-Feb-20 11:45:00 pm,62.5
08-Feb-20 12:20:00 am,62.0
08-Feb-20 12:55:00 am,61.8
08-Feb-20 01:30:00 am,61.6
08-Feb-20 02:05:00 am,61.5
08-Feb-20 02:40:00 am,61.7
08-Feb-20 03:15:00 am,61.8
08-Feb-20 03:50:00 am,61.5
08-Feb-20 04:25:00 am,60.9
08-Feb-20 05:00:00 am,60.6
08-Feb-20 05:35:00 am,60.4
08-Feb-20 06:10:00 am,60.3
08-Feb-20 06:45:00 am,60.1
08-Feb-20 07:20:00 am,59.8
08-Feb-20 07:55:00 am,59.7
08-Feb-20 08:30:00 am,59.6
08-Feb-20 09:05:00 am,59.5
08-Feb-20 09:40:00 am,59.7
08-Feb-20 10:15:00 am,60.1
08-Feb-20 10:50:00 am,60.4
08-Feb-20 11:25:00 am,60.3
08-Feb-20 12:00:00 pm,59.8
08-Feb-20 12:35:00 pm,59.8
08-Feb-20 01:10:00 pm,59.7
08-Feb-20 01:45:00 pm,59.8
08-Feb-20 02:20:00 pm,60.1
08-Feb-20 02:55:00 pm,60.2
08-Feb-20 03:30:00 pm,60.3
08-Feb-20 04:05:00 pm,59.8
08-Feb-20 04:40:00 pm,59.9
08-Feb-20 05:15:00 pm,59.5
08-Feb-20 05:50:00 pm,58.9
08-Feb-20 06:25:00 pm,58.8
08-Feb-20 07:00:00 pm,58.7
08-Feb-20 07:35:00 pm,58.6
08-Feb-20 08:10:00 pm,58.6
08-Feb-20 08:45:00 pm,58.4
08-Feb-20 09:20:00 pm,58.7
08-Feb-20 09:55:00 pm,59.0
08-Feb-20 10:30:00 pm,59.2
08-Feb-20 11:05:00 pm,59.4
08-Feb-20 11:40:00 pm,58.7
09-Feb-20 12:15:00 am,59.6
09-Feb-20 12:50:00 am,59.8
09-Feb-20 01:25:00 am,58.8
09-Feb-20 02:00:00 am,59.6
09-Feb-20 02:35:00 am,59.7
09-Feb-20 03:10:00 am,60.8
09-Feb-20 03:45:00 am,60.0
09-Feb-20 04:20:00 am,62.3
09-Feb-20 04:55:00 am,63.6
09-Feb-20 05:30:00 am,62.0
09-Feb-20 06:05:00 am,61.9
09-Feb-20 06:40:00 am,61.9
09-Feb-20 07:15:00 am,61.8
09-Feb-20 07:50:00 am,61.6
09-Feb-20 08:25:00 am,61.7
09-Feb-20 09:00:00 am,61.6
09-Feb-20 09:35:00 am,61.5
09-Feb-20 10:10:00 am,60.8
09-Feb-20 10:45:00 am,59.7
09-Feb-20 11:20:00 am,60.1
09-Feb-20 11:55:00 am,60.6
09-Feb-20 12:30:00 pm,60.8
09-Feb-20 01:05:00 pm,61.2
09-Feb-20 01:40:00 pm,61.4
09-Feb-20 02:15:00 pm,61.6
09-Feb-20 02:50:00 pm,61.3
09-Feb-20 03:25:00 pm,61.1
09-Feb-20 04:00:00 pm,61.5
09-Feb-20 04:35:00 pm,61.1
09-Feb-20 05:10:00 pm,61.1
09-Feb-20 05:45:00 pm,64.6
09-Feb-20 06:20:00 pm,63.0
09-Feb-20 06:55:00 pm,61.5
09-Feb-20 07:30:00 pm,60.7
09-Feb-20 08:05:00 pm,60.1
09-Feb-20 08:40:00 pm,60.0
09-Feb-20 09:15:00 pm,60.0
09-Feb-20 09:50:00 pm,60.4
09-Feb-20 10:25:00 pm,59.8
09-Feb-20 11:00:00 pm,59.7
09-Feb-20 11:35:00 pm,59.3
10-Feb-20 12:10:00 am,59.4
10-Feb-20 12:45:00 am,59.2
10-Feb-20 01:20:00 am,60.0
10-Feb-20 01:55:00 am,59.4
10-Feb-20 02:30:00 am,59.4
10-Feb-20 03:05:00 am,60.7
10-Feb-20 03:40:00 am,60.4
10-Feb-20 04:15:00 am,62.5
10-Feb-20 04:50:00 am,63.5
10-Feb-20 05:25:00 am,63.8
10-Feb-20 06:00:00 am,66.0
10-Feb-20 06:35:00 am,67.4
10-Feb-20 07:10:00 am,67.6
10-Feb-20 07:45:00 am,67.7
10-Feb-20 08:20:00 am,68.1
10-Feb-20 08:55:00 am,68.3
10-Feb-20 09:30:00 am,68.5
10-Feb-20 10:05:00 am,68.9
10-Feb-20 10:40:00 am,69.0
10-Feb-20 11:15:00 am,69.0
10-Feb-20 11:50:00 am,69.1
10-Feb-20 12:25:00 pm,69.4
10-Feb-20 01:00:00 pm,69.5
10-Feb-20 01:35:00 pm,68.7
10-Feb-20 02:10:00 pm,68.5
10-Feb-20 02:45:00 pm,68.4
10-Feb-20 03:20:00 pm,68.2
10-Feb-20 03:55:00 pm,68.4
10-Feb-20 04:30:00 pm,68.2
10-Feb-20 05:05:00 pm,68.3
10-Feb-20 05:40:00 pm,68.1
10-Feb-20 06:15:00 pm,63.8
10-Feb-20 06:50:00 pm,63.3
10-Feb-20 07:25:00 pm,62.8
10-Feb-20 08:00:00 pm,62.8
10-Feb-20 08:35:00 pm,61.9
10-Feb-20 09:10:00 pm,61.2
10-Feb-20 09:45:00 pm,60.8
10-Feb-20 10:20:00 pm,60.4
10-Feb-20 10:55:00 pm,60.4
10-Feb-20 11:30:00 pm,60.5
11-Feb-20 12:05:00 am,60.4
11-Feb-20 12:40:00 am,60.4
11-Feb-20 01:15:00 am,60.3
11-Feb-20 01:50:00 am,60.6
11-Feb-20 02:25:00 am,60.3
11-Feb-20 03:00:00 am,64.5
11-Feb-20 03:35:00 am,61.9
11-Feb-20 04:10:00 am,63.4
11-Feb-20 04:45:00 am,64.2
11-Feb-20 05:20:00 am,64.6
11-Feb-20 05:55:00 am,66.0
11-Feb-20 06:30:00 am,67.6
11-Feb-20 07:05:00 am,68.0
11-Feb-20 07:40:00 am,68.1
11-Feb-20 08:15:00 am,68.3
11-Feb-20 08:50:00 am,68.5
11-Feb-20 09:25:00 am,68.5
11-Feb-20 10:00:00 am,68.8
11-Feb-20 10:35:00 am,68.9
11-Feb-20 11:10:00 am,69.0
11-Feb-20 11:45:00 am,69.3
11-Feb-20 12:20:00 pm,69.5
11-Feb-20 12:55:00 pm,69.5
11-Feb-20 01:30:00 pm,69.6
11-Feb-20 02:05:00 pm,69.3
11-Feb-20 02:40:00 pm,68.7
11-Feb-20 03:15:00 pm,68.3
11-Feb-20 03:50:00 pm,69.0
11-Feb-20 04:25:00 pm,69.2
11-Feb-20 05:00:00 pm,69.5
11-Feb-20 05:35:00 pm,69.5
11-Feb-20 06:10:00 pm,66.3
11-Feb-20 06:45:00 pm,64.9
11-Feb-20 07:20:00 pm,64.2
11-Feb-20 07:55:00 pm,64.1
11-Feb-20 08:30:00 pm,63.9
11-Feb-20 09:05:00 pm,63.4
11-Feb-20 09:40:00 pm,63.4
11-Feb-20 10:15:00 pm,63.0
11-Feb-20 10:50:00 pm,63.7
11-Feb-20 11:25:00 pm,63.3
12-Feb-20 12:00:00 am,62.7
12-Feb-20 12:35:00 am,62.0
12-Feb-20 01:10:00 am,63.0
12-Feb-20 01:45:00 am,62.0
12-Feb-20 02:20:00 am,62.4
12-Feb-20 02:55:00 am,62.2
12-Feb-20 03:30:00 am,61.5
12-Feb-20 04:05:00 am,64.2
12-Feb-20 04:40:00 am,65.0
12-Feb-20 05:15:00 am,65.5
12-Feb-20 05:50:00 am,67.1
12-Feb-20 06:25:00 am,68.5
12-Feb-20 07:00:00 am,68.6
12-Feb-20 07:35:00 am,68.8
12-Feb-20 08:10:00 am,68.9
12-Feb-20 08:45:00 am,68.0
12-Feb-20 09:20:00 am,67.6
12-Feb-20 09:55:00 am,67.6
12-Feb-20 10:30:00 am,67.8
12-Feb-20 11:05:00 am,68.4
12-Feb-20 11:40:00 am,69.1
12-Feb-20 12:15:00 pm,69.4
12-Feb-20 12:50:00 pm,69.5
12-Feb-20 01:25:00 pm,69.6
12-Feb-20 02:00:00 pm,69.8
12-Feb-20 02:35:00 pm,69.9
12-Feb-20 03:10:00 pm,69.6
12-Feb-20 03:45:00 pm,69.9
12-Feb-20 04:20:00 pm,70.0
12-Feb-20 04:55:00 pm,70.0
12-Feb-20 05:30:00 pm,69.9
12-Feb-20 06:05:00 pm,66.5
12-Feb-20 06:40:00 pm,65.5
12-Feb-20 07:15:00 pm,64.9
12-Feb-20 07:50:00 pm,64.2
12-Feb-20 08:25:00 pm,64.2
12-Feb-20 09:00:00 pm,64.1
12-Feb-20 09:35:00 pm,63.8
12-Feb-20 10:10:00 pm,68.1
12-Feb-20 10:45:00 pm,65.0
12-Feb-20 11:20:00 pm,63.6
12-Feb-20 11:55:00 pm,63.4
13-Feb-20 12:30:00 am,62.9
13-Feb-20 01:05:00 am,62.3
13-Feb-20 01:40:00 am,62.4
13-Feb-20 02:15:00 am,61.7
13-Feb-20 02:50:00 am,62.1
13-Feb-20 03:25:00 am,61.2
13-Feb-20 04:00:00 am,63.6
13-Feb-20 04:35:00 am,65.0
13-Feb-20 05:10:00 am,65.3
13-Feb-20 05:45:00 am,66.3
13-Feb-20 06:20:00 am,68.4
13-Feb-20 06:55:00 am,68.5
13-Feb-20 07:30:00 am,68.6
13-Feb-20 08:05:00 am,68.9
13-Feb-20 08:40:00 am,68.9
13-Feb-20 09:15:00 am,68.9
13-Feb-20 09:50:00 am,69.0
13-Feb-20 10:25:00 am,69.4
13-Feb-20 11:00:00 am,69.5
13-Feb-20 11:35:00 am,69.5
13-Feb-20 12:10:00 pm,69.6
13-Feb-20 12:45:00 pm,69.6
13-Feb-20 01:20:00 pm,69.6
13-Feb-20 01:55:00 pm,69.6
13-Feb-20 02:30:00 pm,69.6
13-Feb-20 03:05:00 pm,69.9
13-Feb-20 03:40:00 pm,69.9
13-Feb-20 04:15:00 pm,69.8
13-Feb-20 04:50:00 pm,69.6
13-Feb-20 05:25:00 pm,68.8
13-Feb-20 06:00:00 pm,66.2
13-Feb-20 06:35:00 pm,64.2
13-Feb-20 07:10:00 pm,64.0
13-Feb-20 07:45:00 pm,63.7
13-Feb-20 08:20:00 pm,63.7
13-Feb-20 08:55:00 pm,62.5
13-Feb-20 09:30:00 pm,63.5
13-Feb-20 10:05:00 pm,62.2
13-Feb-20 10:40:00 pm,62.6
13-Feb-20 11:15:00 pm,62.0
13-Feb-20 11:50:00 pm,62.6
14-Feb-20 12:25:00 am,61.8
14-Feb-20 01:00:00 am,61.6
14-Feb-20 01:35:00 am,62.0
14-Feb-20 02:10:00 am,61.1
14-Feb-20 02:45:00 am,61.4
14-Feb-20 03:20:00 am,61.0
14-Feb-20 03:55:00 am,62.3
14-Feb-20 04:30:00 am,64.6
14-Feb-20 05:05:00 am,65.4
14-Feb-20 05:40:00 am,65.5
14-Feb-20 06:15:00 am,68.4
14-Feb-20 06:50:00 am,68.5
14-Feb-20 07:25:00 am,68.9
14-Feb-20 08:00:00 am,69.0
14-Feb-20 08:35:00 am,69.1
14-Feb-20 09:10:00 am,69.0
14-Feb-20 09:45:00 am,68.4
14-Feb-20 10:20:00 am,67.8
14-Feb-20 10:55:00 am,67.9
14-Feb-20 11:30:00 am,67.7
14-Feb-20 12:05:00 pm,67.7
14-Feb-20 12:40:00 pm,67.9
14-Feb-20 01:15:00 pm,69.0
14-Feb-20 01:50:00 pm,69.7
14-Feb-20 02:25:00 pm,69.0
14-Feb-20 03:00:00 pm,68.9
14-Feb-20 03:35:00 pm,69.6
14-Feb-20 04:10:00 pm,69.7
14-Feb-20 04:45:00 pm,69.7
14-Feb-20 05:20:00 pm,69.6
14-Feb-20 05:55:00 pm,68.1
14-Feb-20 06:30:00 pm,65.7
14-Feb-20 07:05:00 pm,64.9
14-Feb-20 07:40:00 pm,64.8
14-Feb-20 08:15:00 pm,64.9
14-Feb-20 08:50:00 pm,64.3
14-Feb-20 09:25:00 pm,63.4
14-Feb-20 10:00:00 pm,62.7
14-Feb-20 10:35:00 pm,61.5
14-Feb-20 11:10:00 pm,61.6
14-Feb-20 11:45:00 pm,61.1
15-Feb-20 12:20:00 am,60.9
15-Feb-20 12:55:00 am,60.7
15-Feb-20 01:30:00 am,60.3
15-Feb-20 02:05:00 am,60.4
15-Feb-20 02:40:00 am,60.0
15-Feb-20 03:15:00 am,59.9
15-Feb-20 03:50:00 am,59.9
15-Feb-20 04:25:00 am,59.5
15-Feb-20 05:00:00 am,59.3
15-Feb-20 05:35:00 am,59.1
15-Feb-20 06:10:00 am,58.9
15-Feb-20 06:45:00 am,58.9
15-Feb-20 07:20:00 am,58.8
15-Feb-20 07:55:00 am,59.3
15-Feb-20 08:30:00 am,59.9
15-Feb-20 09:05:00 am,60.0
15-Feb-20 09:40:00 am,59.1
15-Feb-20 10:15:00 am,59.6
15-Feb-20 10:50:00 am,59.7
15-Feb-20 11:25:00 am,60.2
15-Feb-20 12:00:00 pm,60.1
15-Feb-20 12:35:00 pm,60.8
15-Feb-20 01:10:00 pm,60.8
15-Feb-20 01:45:00 pm,60.4
15-Feb-20 02:20:00 pm,60.0
15-Feb-20 02:55:00 pm,59.8
15-Feb-20 03:30:00 pm,59.9
15-Feb-20 04:05:00 pm,60.2
15-Feb-20 04:40:00 pm,60.4
15-Feb-20 05:15:00 pm,60.0
15-Feb-20 05:50:00 pm,59.7
15-Feb-20 06:25:00 pm,59.7
15-Feb-20 07:00:00 pm,59.7
15-Feb-20 07:35:00 pm,59.3
15-Feb-20 08:10:00 pm,59.7
15-Feb-20 08:45:00 pm,59.9
15-Feb-20 09:20:00 pm,59.0
15-Feb-20 09:55:00 pm,59.5
15-Feb-20 10:30:00 pm,59.3
15-Feb-20 11:05:00 pm,59.7
15-Feb-20 11:40:00 pm,59.1
16-Feb-20 12:15:00 am,59.1
16-Feb-20 12:50:00 am,59.3
16-Feb-20 01:25:00 am,59.9
16-Feb-20 02:00:00 am,59.3
16-Feb-20 02:35:00 am,59.7
16-Feb-20 03:10:00 am,59.7
16-Feb-20 03:45:00 am,59.1
16-Feb-20 04:20:00 am,59.2
16-Feb-20 04:55:00 am,59.3
16-Feb-20 05:30:00 am,59.5
16-Feb-20 06:05:00 am,60.3
16-Feb-20 06:40:00 am,58.5
16-Feb-20 07:15:00 am,58.3
16-Feb-20 07:50:00 am,58.2
16-Feb-20 08:25:00 am,58.1
16-Feb-20 09:00:00 am,58.5
16-Feb-20 09:35:00 am,58.8
16-Feb-20 10:10:00 am,58.6
16-Feb-20 10:45:00 am,58.7
16-Feb-20 11:20:00 am,59.5
16-Feb-20 11:55:00 am,60.7
16-Feb-20 12:30:00 pm,60.3
16-Feb-20 01:05:00 pm,60.0
16-Feb-20 01:40:00 pm,60.0
16-Feb-20 02:15:00 pm,60.3
16-Feb-20 02:50:00 pm,60.7
16-Feb-20 03:25:00 pm,60.1
16-Feb-20 04:00:00 pm,59.7
16-Feb-20 04:35:00 pm,59.2
16-Feb-20 05:10:00 pm,58.8
16-Feb-20 05:45:00 pm,58.7
16-Feb-20 06:20:00 pm,58.5
16-Feb-20 06:55:00 pm,61.8
16-Feb-20 07:30:00 pm,62.2
16-Feb-20 08:05:00 pm,60.8
16-Feb-20 08:40:00 pm,60.4
16-Feb-20 09:15:00 pm,60.7
16-Feb-20 09:50:00 pm,60.4
16-Feb-20 10:25:00 pm,59.9
16-Feb-20 11:00:00 pm,60.5
16-Feb-20 11:35:00 pm,60.4
17-Feb-20 12:10:00 am,60.6
17-Feb-20 12:45:00 am,60.7
17-Feb-20 01:20:00 am,59.7
17-Feb-20 01:55:00 am,61.2
17-Feb-20 02:30:00 am,60.1
17-Feb-20 03:05:00 am,60.0
17-Feb-20 03:40:00 am,60.3
17-Feb-20 04:15:00 am,62.6
17-Feb-20 04:50:00 am,63.4
17-Feb-20 05:25:00 am,63.7
17-Feb-20 06:00:00 am,66.1
17-Feb-20 06:35:00 am,67.3
17-Feb-20 07:10:00 am,67.6
17-Feb-20 07:45:00 am,67.8
17-Feb-20 08:20:00 am,68.0
17-Feb-20 08:55:00 am,68.2
17-Feb-20 09:30:00 am,68.3
17-Feb-20 10:05:00 am,68.5
17-Feb-20 10:40:00 am,68.5
17-Feb-20 11:15:00 am,68.5
17-Feb-20 11:50:00 am,68.5
17-Feb-20 12:25:00 pm,68.5
17-Feb-20 01:00:00 pm,68.9
17-Feb-20 01:35:00 pm,68.9
17-Feb-20 02:10:00 pm,69.0
17-Feb-20 02:45:00 pm,69.3
17-Feb-20 03:20:00 pm,69.5
17-Feb-20 03:55:00 pm,68.8
17-Feb-20 04:30:00 pm,68.2
17-Feb-20 05:05:00 pm,68.0
17-Feb-20 05:40:00 pm,67.8
17-Feb-20 06:15:00 pm,63.3
17-Feb-20 06:50:00 pm,62.5
17-Feb-20 07:25:00 pm,62.6
17-Feb-20 08:00:00 pm,62.1
17-Feb-20 08:35:00 pm,60.8
17-Feb-20 09:10:00 pm,60.5
17-Feb-20 09:45:00 pm,60.5
17-Feb-20 10:20:00 pm,60.6
17-Feb-20 10:55:00 pm,60.4
17-Feb-20 11:30:00 pm,60.0
18-Feb-20 12:05:00 am,60.1
18-Feb-20 12:40:00 am,60.5
18-Feb-20 01:15:00 am,60.4
18-Feb-20 01:50:00 am,60.3
18-Feb-20 02:25:00 am,60.4
18-Feb-20 03:00:00 am,60.4
18-Feb-20 03:35:00 am,61.0
18-Feb-20 04:10:00 am,62.6
18-Feb-20 04:45:00 am,63.4
18-Feb-20 05:20:00 am,63.9
18-Feb-20 05:55:00 am,65.5
18-Feb-20 06:30:00 am,67.1
18-Feb-20 07:05:00 am,67.3
18-Feb-20 07:40:00 am,67.5
18-Feb-20 08:15:00 am,67.6
18-Feb-20 08:50:00 am,67.8
18-Feb-20 09:25:00 am,67.7
18-Feb-20 10:00:00 am,67.2
18-Feb-20 10:35:00 am,66.9
18-Feb-20 11:10:00 am,66.9
18-Feb-20 11:45:00 am,67.1
18-Feb-20 12:20:00 pm,67.4
18-Feb-20 12:55:00 pm,67.6
18-Feb-20 01:30:00 pm,67.8
18-Feb-20 02:05:00 pm,68.1
18-Feb-20 02:40:00 pm,68.1
18-Feb-20 03:15:00 pm,68.1
18-Feb-20 03:50:00 pm,68.2
18-Feb-20 04:25:00 pm,68.0
18-Feb-20 05:00:00 pm,68.1
18-Feb-20 05:35:00 pm,68.0
18-Feb-20 06:10:00 pm,63.6
18-Feb-20 06:45:00 pm,62.7
18-Feb-20 07:20:00 pm,62.3
18-Feb-20 07:55:00 pm,62.0
18-Feb-20 08:30:00 pm,66.6
18-Feb-20 09:05:00 pm,63.1
18-Feb-20 09:40:00 pm,61.9
18-Feb-20 10:15:00 pm,60.8
18-Feb-20 10:50:00 pm,60.8
18-Feb-20 11:25:00 pm,61.0
19-Feb-20 12:00:00 am,60.7
19-Feb-20 12:35:00 am,60.9
19-Feb-20 01:10:00 am,60.9
19-Feb-20 01:45:00 am,60.5
19-Feb-20 02:20:00 am,60.0
19-Feb-20 02:55:00 am,60.0
19-Feb-20 03:30:00 am,60.3
19-Feb-20 04:05:00 am,62.3
19-Feb-20 04:40:00 am,63.1
19-Feb-20 05:15:00 am,63.5
19-Feb-20 05:50:00 am,65.3
19-Feb-20 06:25:00 am,67.1
19-Feb-20 07:00:00 am,67.2
19-Feb-20 07:35:00 am,67.5
19-Feb-20 08:10:00 am,67.7
19-Feb-20 08:45:00 am,67.9
19-Feb-20 09:20:00 am,68.4
19-Feb-20 09:55:00 am,68.2
19-Feb-20 10:30:00 am,67.3
19-Feb-20 11:05:00 am,67.1
19-Feb-20 11:40:00 am,67.3
19-Feb-20 12:15:00 pm,67.4
19-Feb-20 12:50:00 pm,67.2
19-Feb-20 01:25:00 pm,67.1
19-Feb-20 02:00:00 pm,67.2
19-Feb-20 02:35:00 pm,67.5
19-Feb-20 03:10:00 pm,67.6
19-Feb-20 03:45:00 pm,67.7
19-Feb-20 04:20:00 pm,67.8
19-Feb-20 04:55:00 pm,68.4
19-Feb-20 05:30:00 pm,68.0
19-Feb-20 06:05:00 pm,63.9
19-Feb-20 06:40:00 pm,63.0
19-Feb-20 07:15:00 pm,62.6
19-Feb-20 07:50:00 pm,62.2
19-Feb-20 08:25:00 pm,61.9
19-Feb-20 09:00:00 pm,61.7
19-Feb-20 09:35:00 pm,61.5
19-Feb-20 10:10:00 pm,67.4
19-Feb-20 10:45:00 pm,63.7
19-Feb-20 11:20:00 pm,63.3
19-Feb-20 11:55:00 pm,63.1
20-Feb-20 12:30:00 am,63.2
20-Feb-20 01:05:00 am,62.9
20-Feb-20 01:40:00 am,63.0
20-Feb-20 02:15:00 am,62.3
20-Feb-20 02:50:00 am,62.4
20-Feb-20 03:25:00 am,61.9
20-Feb-20 04:00:00 am,63.0
20-Feb-20 04:35:00 am,64.0
20-Feb-20 05:10:00 am,64.2
20-Feb-20 05:45:00 am,65.4
20-Feb-20 06:20:00 am,67.3
20-Feb-20 06:55:00 am,67.4
20-Feb-20 07:30:00 am,67.6
20-Feb-20 08:05:00 am,67.9
20-Feb-20 08:40:00 am,68.0
20-Feb-20 09:15:00 am,68.2
20-Feb-20 09:50:00 am,68.4
20-Feb-20 10:25:00 am,68.5
20-Feb-20 11:00:00 am,68.5
20-Feb-20 11:35:00 am,67.9
20-Feb-20 12:10:00 pm,67.9
20-Feb-20 12:45:00 pm,68.0
20-Feb-20 01:20:00 pm,67.3
20-Feb-20 01:55:00 pm,67.5
20-Feb-20 02:30:00 pm,67.6
20-Feb-20 03:05:00 pm,67.7
20-Feb-20 03:40:00 pm,67.9
20-Feb-20 04:15:00 pm,67.7
20-Feb-20 04:50:00 pm,68.0
20-Feb-20 05:25:00 pm,67.8
20-Feb-20 06:00:00 pm,65.5
20-Feb-20 06:35:00 pm,63.4
20-Feb-20 07:10:00 pm,63.2
20-Feb-20 07:45:00 pm,63.4
20-Feb-20 08:20:00 pm,64.6
20-Feb-20 08:55:00 pm,68.2
20-Feb-20 09:30:00 pm,64.8
20-Feb-20 10:05:00 pm,63.2
20-Feb-20 10:40:00 pm,62.7
20-Feb-20 11:15:00 pm,62.0
20-Feb-20 11:50:00 pm,61.2
21-Feb-20 12:25:00 am,60.9
21-Feb-20 01:00:00 am,60.7
21-Feb-20 01:35:00 am,60.4
21-Feb-20 02:10:00 am,60.1
21-Feb-20 02:45:00 am,60.3
21-Feb-20 03:20:00 am,60.6
21-Feb-20 03:55:00 am,61.0
21-Feb-20 04:30:00 am,63.8
21-Feb-20 05:05:00 am,64.2
21-Feb-20 05:40:00 am,64.6
21-Feb-20 06:15:00 am,67.2
21-Feb-20 06:50:00 am,67.3
21-Feb-20 07:25:00 am,67.5
21-Feb-20 08:00:00 am,67.7
21-Feb-20 08:35:00 am,68.0
21-Feb-20 09:10:00 am,68.3
21-Feb-20 09:45:00 am,68.4
21-Feb-20 10:20:00 am,68.5
21-Feb-20 10:55:00 am,68.7
21-Feb-20 11:30:00 am,69.0
21-Feb-20 12:05:00 pm,68.6
21-Feb-20 12:40:00 pm,68.8
21-Feb-20 01:15:00 pm,69.4
21-Feb-20 01:50:00 pm,68.3
21-Feb-20 02:25:00 pm,68.3
21-Feb-20 03:00:00 pm,68.1
21-Feb-20 03:35:00 pm,67.9
21-Feb-20 04:10:00 pm,68.0
21-Feb-20 04:45:00 pm,68.2
21-Feb-20 05:20:00 pm,68.2
21-Feb-20 05:55:00 pm,66.3
21-Feb-20 06:30:00 pm,63.6
21-Feb-20 07:05:00 pm,63.0
21-Feb-20 07:40:00 pm,63.0
21-Feb-20 08:15:00 pm,63.0
21-Feb-20 08:50:00 pm,63.0
21-Feb-20 09:25:00 pm,63.0
21-Feb-20 10:00:00 pm,62.6
21-Feb-20 10:35:00 pm,61.6
21-Feb-20 11:10:00 pm,61.5
21-Feb-20 11:45:00 pm,61.5
22-Feb-20 12:20:00 am,61.3
22-Feb-20 12:55:00 am,61.2
22-Feb-20 01:30:00 am,61.1
22-Feb-20 02:05:00 am,60.9
22-Feb-20 02:40:00 am,60.7
22-Feb-20 03:15:00 am,60.5
22-Feb-20 03:50:00 am,60.2
22-Feb-20 04:25:00 am,60.0
22-Feb-20 05:00:00 am,59.7
22-Feb-20 05:35:00 am,59.4
22-Feb-20 06:10:00 am,59.7
22-Feb-20 06:45:00 am,59.3
22-Feb-20 07:20:00 am,59.4
22-Feb-20 07:55:00 am,59.3
22-Feb-20 08:30:00 am,59.2
22-Feb-20 09:05:00 am,59.2
22-Feb-20 09:40:00 am,59.1
22-Feb-20 10:15:00 am,59.4
22-Feb-20 10:50:00 am,59.3
22-Feb-20 11:25:00 am,59.7
22-Feb-20 12:00:00 pm,60.4
22-Feb-20 12:35:00 pm,60.9
22-Feb-20 01:10:00 pm,61.5
22-Feb-20 01:45:00 pm,61.5
22-Feb-20 02:20:00 pm,62.0
22-Feb-20 02:55:00 pm,61.9
22-Feb-20 03:30:00 pm,61.7
22-Feb-20 04:05:00 pm,61.4
22-Feb-20 04:40:00 pm,61.2
22-Feb-20 05:15:00 pm,61.0
22-Feb-20 05:50:00 pm,60.6
22-Feb-20 06:25:00 pm,60.4
22-Feb-20 07:00:00 pm,60.3
22-Feb-20 07:35:00 pm,60.0
22-Feb-20 08:10:00 pm,60.2
22-Feb-20 08:45:00 pm,59.8
22-Feb-20 09:20:00 pm,59.6
22-Feb-20 09:55:00 pm,59.5
22-Feb-20 10:30:00 pm,59.6
22-Feb-20 11:05:00 pm,59.7
22-Feb-20 11:40:00 pm,60.0
23-Feb-20 12:15:00 am,59.7
23-Feb-20 12:50:00 am,59.8
23-Feb-20 01:25:00 am,59.8
23-Feb-20 02:00:00 am,59.8
23-Feb-20 02:35:00 am,59.6
23-Feb-20 03:10:00 am,60.1
23-Feb-20 03:45:00 am,59.8
23-Feb-20 04:20:00 am,60.1
23-Feb-20 04:55:00 am,59.6
23-Feb-20 05:30:00 am,59.6
23-Feb-20 06:05:00 am,59.7
23-Feb-20 06:40:00 am,60.1
23-Feb-20 07:15:00 am,61.7
23-Feb-20 07:50:00 am,60.5
23-Feb-20 08:25:00 am,60.7
23-Feb-20 09:00:00 am,60.7
23-Feb-20 09:35:00 am,61.9
23-Feb-20 10:10:00 am,61.3
23-Feb-20 10:45:00 am,60.8
23-Feb-20 11:20:00 am,61.7
23-Feb-20 11:55:00 am,61.1
23-Feb-20 12:30:00 pm,60.9
23-Feb-20 01:05:00 pm,61.5
23-Feb-20 01:40:00 pm,61.9
23-Feb-20 02:15:00 pm,62.0
23-Feb-20 02:50:00 pm,62.4
23-Feb-20 03:25:00 pm,62.4
23-Feb-20 04:00:00 pm,62.6
23-Feb-20 04:35:00 pm,61.8
23-Feb-20 05:10:00 pm,61.5
23-Feb-20 05:45:00 pm,61.3
23-Feb-20 06:20:00 pm,60.4
23-Feb-20 06:55:00 pm,64.7
23-Feb-20 07:30:00 pm,62.1
23-Feb-20 08:05:00 pm,61.9
23-Feb-20 08:40:00 pm,61.9
23-Feb-20 09:15:00 pm,61.8
23-Feb-20 09:50:00 pm,61.8
23-Feb-20 10:25:00 pm,61.4
23-Feb-20 11:00:00 pm,62.1
23-Feb-20 11:35:00 pm,61.9
24-Feb-20 12:10:00 am,62.4
24-Feb-20 12:45:00 am,62.1
24-Feb-20 01:20:00 am,62.2
24-Feb-20 01:55:00 am,61.4
24-Feb-20 02:30:00 am,61.3
24-Feb-20 03:05:00 am,61.7
24-Feb-20 03:40:00 am,61.1
24-Feb-20 04:15:00 am,63.0
24-Feb-20 04:50:00 am,63.8
24-Feb-20 05:25:00 am,64.4
24-Feb-20 06:00:00 am,66.3
24-Feb-20 06:35:00 am,67.6
24-Feb-20 07:10:00 am,67.7
24-Feb-20 07:45:00 am,67.9
24-Feb-20 08:20:00 am,68.0
24-Feb-20 08:55:00 am,68.3
24-Feb-20 09:30:00 am,68.5
24-Feb-20 10:05:00 am,68.9
24-Feb-20 10:40:00 am,68.9
24-Feb-20 11:15:00 am,69.1
24-Feb-20 11:50:00 am,69.4
24-Feb-20 12:25:00 pm,69.4
24-Feb-20 01:00:00 pm,69.7
24-Feb-20 01:35:00 pm,69.9
24-Feb-20 02:10:00 pm,69.4
24-Feb-20 02:45:00 pm,69.7
24-Feb-20 03:20:00 pm,70.2
24-Feb-20 03:55:00 pm,70.2
24-Feb-20 04:30:00 pm,69.1
24-Feb-20 05:05:00 pm,68.5
24-Feb-20 05:40:00 pm,68.4
24-Feb-20 06:15:00 pm,64.3
24-Feb-20 06:50:00 pm,63.7
24-Feb-20 07:25:00 pm,63.4
24-Feb-20 08:00:00 pm,63.5
24-Feb-20 08:35:00 pm,67.9
24-Feb-20 09:10:00 pm,64.0
24-Feb-20 09:45:00 pm,63.2
24-Feb-20 10:20:00 pm,62.9
24-Feb-20 10:55:00 pm,62.1
24-Feb-20 11:30:00 pm,61.8
25-Feb-20 12:05:00 am,61.5
25-Feb-20 12:40:00 am,61.1
25-Feb-20 01:15:00 am,61.1
25-Feb-20 01:50:00 am,60.7
25-Feb-20 02:25:00 am,60.2
25-Feb-20 03:00:00 am,60.4
25-Feb-20 03:35:00 am,60.8
25-Feb-20 04:10:00 am,63.1
25-Feb-20 04:45:00 am,64.1
25-Feb-20 05:20:00 am,64.7
25-Feb-20 05:55:00 am,65.9
25-Feb-20 06:30:00 am,67.5
25-Feb-20 07:05:00 am,67.6
25-Feb-20 07:40:00 am,67.9
25-Feb-20 08:15:00 am,68.2
25-Feb-20 08:50:00 am,68.5
25-Feb-20 09:25:00 am,68.7
25-Feb-20 10:00:00 am,69.0
25-Feb-20 10:35:00 am,69.2
25-Feb-20 11:10:00 am,69.1
25-Feb-20 11:45:00 am,69.3
25-Feb-20 12:20:00 pm,69.5
25-Feb-20 12:55:00 pm,69.5
25-Feb-20 01:30:00 pm,69.7
25-Feb-20 02:05:00 pm,70.0
25-Feb-20 02:40:00 pm,70.0
25-Feb-20 03:15:00 pm,69.4
25-Feb-20 03:50:00 pm,68.5
25-Feb-20 04:25:00 pm,68.5
25-Feb-20 05:00:00 pm,68.4
25-Feb-20 05:35:00 pm,68.2
25-Feb-20 06:10:00 pm,64.6
25-Feb-20 06:45:00 pm,63.8
25-Feb-20 07:20:00 pm,63.4
25-Feb-20 07:55:00 pm,63.1
25-Feb-20 08:30:00 pm,62.9
25-Feb-20 09:05:00 pm,68.8
25-Feb-20 09:40:00 pm,65.5
25-Feb-20 10:15:00 pm,64.6
25-Feb-20 10:50:00 pm,63.7
25-Feb-20 11:25:00 pm,63.9
26-Feb-20 12:00:00 am,62.9
26-Feb-20 12:35:00 am,62.7
26-Feb-20 01:10:00 am,62.5
26-Feb-20 01:45:00 am,62.3
26-Feb-20 02:20:00 am,62.2
26-Feb-20 02:55:00 am,62.2
26-Feb-20 03:30:00 am,62.3
26-Feb-20 04:05:00 am,64.5
26-Feb-20 04:40:00 am,65.5
26-Feb-20 05:15:00 am,65.8
26-Feb-20 05:50:00 am,67.4
26-Feb-20 06:25:00 am,68.5
26-Feb-20 07:00:00 am,68.8
26-Feb-20 07:35:00 am,68.9
26-Feb-20 08:10:00 am,69.0
26-Feb-20 08:45:00 am,69.0
26-Feb-20 09:20:00 am,69.4
26-Feb-20 09:55:00 am,69.4
26-Feb-20 10:30:00 am,69.5
26-Feb-20 11:05:00 am,69.6
26-Feb-20 11:40:00 am,69.7
26-Feb-20 12:15:00 pm,69.9
26-Feb-20 12:50:00 pm,70.0
26-Feb-20 01:25:00 pm,70.4
26-Feb-20 02:00:00 pm,70.7
26-Feb-20 02:35:00 pm,70.3
26-Feb-20 03:10:00 pm,69.5
26-Feb-20 03:45:00 pm,69.2
26-Feb-20 04:20:00 pm,69.1
26-Feb-20 04:55:00 pm,69.1
26-Feb-20 05:30:00 pm,68.9
26-Feb-20 06:05:00 pm,65.0
26-Feb-20 06:40:00 pm,64.3
26-Feb-20 07:15:00 pm,63.9
26-Feb-20 07:50:00 pm,63.8
26-Feb-20 08:25:00 pm,63.8
26-Feb-20 09:00:00 pm,65.2
26-Feb-20 09:35:00 pm,67.6
26-Feb-20 10:10:00 pm,64.6
26-Feb-20 10:45:00 pm,63.7
26-Feb-20 11:20:00 pm,63.7
26-Feb-20 11:55:00 pm,63.0
27-Feb-20 12:30:00 am,63.0
27-Feb-20 01:05:00 am,62.4
27-Feb-20 01:40:00 am,61.9
27-Feb-20 02:15:00 am,62.1
27-Feb-20 02:50:00 am,61.9
27-Feb-20 03:25:00 am,61.3
27-Feb-20 04:00:00 am,63.2
27-Feb-20 04:35:00 am,65.0
27-Feb-20 05:10:00 am,65.6
27-Feb-20 05:45:00 am,66.6
27-Feb-20 06:20:00 am,68.4
27-Feb-20 06:55:00 am,68.4
27-Feb-20 07:30:00 am,68.6
27-Feb-20 08:05:00 am,68.9
27-Feb-20 08:40:00 am,69.0
27-Feb-20 09:15:00 am,69.2
27-Feb-20 09:50:00 am,69.4
27-Feb-20 10:25:00 am,69.4
27-Feb-20 11:00:00 am,69.6
27-Feb-20 11:35:00 am,70.0
27-Feb-20 12:10:00 pm,69.3
27-Feb-20 12:45:00 pm,68.5
27-Feb-20 01:20:00 pm,69.2
27-Feb-20 01:55:00 pm,68.7
27-Feb-20 02:30:00 pm,68.8
27-Feb-20 03:05:00 pm,68.5
27-Feb-20 03:40:00 pm,68.7
27-Feb-20 04:15:00 pm,68.5
27-Feb-20 04:50:00 pm,68.7
27-Feb-20 05:25:00 pm,68.5
27-Feb-20 06:00:00 pm,66.2
27-Feb-20 06:35:00 pm,64.2
27-Feb-20 07:10:00 pm,64.2
27-Feb-20 07:45:00 pm,63.9
27-Feb-20 08:20:00 pm,66.6
27-Feb-20 08:55:00 pm,68.1
27-Feb-20 09:30:00 pm,65.4
27-Feb-20 10:05:00 pm,64.7
27-Feb-20 10:40:00 pm,64.6
27-Feb-20 11:15:00 pm,63.5
27-Feb-20 11:50:00 pm,63.2
28-Feb-20 12:25:00 am,63.2
28-Feb-20 01:00:00 am,62.8
28-Feb-20 01:35:00 am,61.7
28-Feb-20 02:10:00 am,61.5
28-Feb-20 02:45:00 am,61.1
28-Feb-20 03:20:00 am,60.8
28-Feb-20 03:55:00 am,62.3
28-Feb-20 04:30:00 am,64.5
28-Feb-20 05:05:00 am,65.0
28-Feb-20 05:40:00 am,65.5
28-Feb-20 06:15:00 am,68.1
28-Feb-20 06:50:00 am,68.2
28-Feb-20 07:25:00 am,68.3
28-Feb-20 08:00:00 am,68.4
28-Feb-20 08:35:00 am,68.9
28-Feb-20 09:10:00 am,68.9
28-Feb-20 09:45:00 am,69.1
28-Feb-20 10:20:00 am,69.0
28-Feb-20 10:55:00 am,69.1
28-Feb-20 11:30:00 am,69.6
28-Feb-20 12:05:00 pm,69.7
28-Feb-20 12:40:00 pm,69.9
28-Feb-20 01:15:00 pm,70.0
28-Feb-20 01:50:00 pm,70.5
28-Feb-20 02:25:00 pm,70.5
28-Feb-20 03:00:00 pm,69.3
28-Feb-20 03:35:00 pm,68.7
28-Feb-20 04:10:00 pm,68.5
28-Feb-20 04:45:00 pm,68.4
28-Feb-20 05:20:00 pm,68.3
28-Feb-20 05:55:00 pm,66.5
28-Feb-20 06:30:00 pm,63.9
28-Feb-20 07:05:00 pm,63.4
28-Feb-20 07:40:00 pm,63.1
28-Feb-20 08:15:00 pm,62.9
28-Feb-20 08:50:00 pm,62.8
28-Feb-20 09:25:00 pm,62.7
28-Feb-20 10:00:00 pm,62.1
28-Feb-20 10:35:00 pm,61.9
28-Feb-20 11:10:00 pm,61.6
28-Feb-20 11:45:00 pm,62.1
29-Feb-20 12:20:00 am,61.3
29-Feb-20 12:55:00 am,61.1
29-Feb-20 01:30:00 am,61.0
29-Feb-20 02:05:00 am,60.8
29-Feb-20 02:40:00 am,60.7
29-Feb-20 03:15:00 am,60.8
29-Feb-20 03:50:00 am,60.7
29-Feb-20 04:25:00 am,60.6
29-Feb-20 05:00:00 am,60.4
29-Feb-20 05:35:00 am,60.6
29-Feb-20 06:10:00 am,60.2
29-Feb-20 06:45:00 am,59.5
29-Feb-20 07:20:00 am,59.2
29-Feb-20 07:55:00 am,59.1
29-Feb-20 08:30:00 am,59.0
29-Feb-20 09:05:00 am,59.3
29-Feb-20 09:40:00 am,60.0
29-Feb-20 10:15:00 am,59.6
29-Feb-20 10:50:00 am,60.0
29-Feb-20 11:25:00 am,59.9
29-Feb-20 12:00:00 pm,60.5
29-Feb-20 12:35:00 pm,60.9
29-Feb-20 01:10:00 pm,61.0
29-Feb-20 01:45:00 pm,61.6
29-Feb-20 02:20:00 pm,62.0
29-Feb-20 02:55:00 pm,61.8
29-Feb-20 03:30:00 pm,61.5
29-Feb-20 04:05:00 pm,61.1
29-Feb-20 04:40:00 pm,61.3
29-Feb-20 05:15:00 pm,60.6
29-Feb-20 05:50:00 pm,59.8
29-Feb-20 06:25:00 pm,59.4
29-Feb-20 07:00:00 pm,58.8
29-Feb-20 07:35:00 pm,58.2
29-Feb-20 08:10:00 pm,58.2
29-Feb-20 08:45:00 pm,58.1
29-Feb-20 09:20:00 pm,58.4
29-Feb-20 09:55:00 pm,58.5
29-Feb-20 10:30:00 pm,58.4
29-Feb-20 11:05:00 pm,58.8
29-Feb-20 11:40:00 pm,58.2
01-Mar-20 12:15:00 am,58.5
01-Mar-20 12:50:00 am,59.4
01-Mar-20 01:25:00 am,58.9
01-Mar-20 02:00:00 am,59.6
01-Mar-20 02:35:00 am,58.9
01-Mar-20 03:10:00 am,60.4
01-Mar-20 03:45:00 am,58.8
01-Mar-20 04:20:00 am,59.5
01-Mar-20 04:55:00 am,58.6
01-Mar-20 05:30:00 am,59.2
01-Mar-20 06:05:00 am,60.5
01-Mar-20 06:40:00 am,59.1
01-Mar-20 07:15:00 am,60.8
01-Mar-20 07:50:00 am,59.5
01-Mar-20 08:25:00 am,60.2
01-Mar-20 09:00:00 am,58.6
01-Mar-20 09:35:00 am,58.7
01-Mar-20 10:10:00 am,58.9
01-Mar-20 10:45:00 am,59.8