Timestamp,RTU_1 DischAirTemp(°F)
01-Jan-20 12:00:00 am,62.1
01-Jan-20 12:35:00 am,62.0
01-Jan-20 01:10:00 am,61.9
01-Jan-20 01:45:00 am,61.8
01-Jan-20 02:20:00 am,61.8
01-Jan-20 02:55:00 am,61.5
01-Jan-20 03:30:00 am,61.4
01-Jan-20 04:05:00 am,61.9
01-Jan-20 04:40:00 am,63.1
01-Jan-20 05:15:00 am,64.0
01-Jan-20 05:50:00 am,66.1
01-Jan-20 06:25:00 am,65.7
01-Jan-20 07:00:00 am,65.2
01-Jan-20 07:35:00 am,64.2
01-Jan-20 08:10:00 am,64.2
01-Jan-20 08:45:00 am,64.4
01-Jan-20 09:20:00 am,65.5
01-Jan-20 09:55:00 am,65.4
01-Jan-20 10:30:00 am,65.8
01-Jan-20 11:05:00 am,65.8
01-Jan-20 11:40:00 am,61.9
01-Jan-20 12:15:00 pm,56.1
01-Jan-20 12:50:00 pm,55.5
01-Jan-20 01:25:00 pm,56.2
01-Jan-20 02:00:00 pm,57.1
01-Jan-20 02:35:00 pm,63.0
01-Jan-20 03:10:00 pm,64.8
01-Jan-20 03:45:00 pm,64.6
01-Jan-20 04:20:00 pm,64.4
01-Jan-20 04:55:00 pm,64.6
01-Jan-20 05:30:00 pm,64.4
01-Jan-20 06:05:00 pm,64.0
01-Jan-20 06:40:00 pm,63.4
01-Jan-20 07:15:00 pm,62.9
01-Jan-20 07:50:00 pm,62.6
01-Jan-20 08:25:00 pm,62.2
01-Jan-20 09:00:00 pm,61.6
01-Jan-20 09:35:00 pm,61.1
01-Jan-20 10:10:00 pm,60.7
01-Jan-20 10:45:00 pm,60.3
01-Jan-20 11:20:00 pm,60.0
01-Jan-20 11:55:00 pm,59.6
02-Jan-20 12:30:00 am,59.2
02-Jan-20 01:05:00 am,58.9
02-Jan-20 01:40:00 am,58.4
02-Jan-20 02:15:00 am,58.2
02-Jan-20 02:50:00 am,57.9
02-Jan-20 03:25:00 am,57.6
02-Jan-20 04:00:00 am,58.1
02-Jan-20 04:35:00 am,60.1
02-Jan-20 05:10:00 am,61.0
02-Jan-20 05:45:00 am,62.8
02-Jan-20 06:20:00 am,66.0
02-Jan-20 06:55:00 am,65.7
02-Jan-20 07:30:00 am,65.1
02-Jan-20 08:05:00 am,65.3
02-Jan-20 08:40:00 am,65.2
02-Jan-20 09:15:00 am,65.3
02-Jan-20 09:50:00 am,65.2
02-Jan-20 10:25:00 am,59.2
02-Jan-20 11:00:00 am,54.9
02-Jan-20 11:35:00 am,54.4
02-Jan-20 12:10:00 pm,54.5
02-Jan-20 12:45:00 pm,54.8
02-Jan-20 01:20:00 pm,54.5
02-Jan-20 01:55:00 pm,54.2
02-Jan-20 02:30:00 pm,54.6
02-Jan-20 03:05:00 pm,57.9
02-Jan-20 03:40:00 pm,63.0
02-Jan-20 04:15:00 pm,65.0
02-Jan-20 04:50:00 pm,65.3
02-Jan-20 05:25:00 pm,65.0
02-Jan-20 06:00:00 pm,64.1
02-Jan-20 06:35:00 pm,62.4
02-Jan-20 07:10:00 pm,61.6
02-Jan-20 07:45:00 pm,61.0
02-Jan-20 08:20:00 pm,60.6
02-Jan-20 08:55:00 pm,60.4
02-Jan-20 09:30:00 pm,63.9
02-Jan-20 10:05:00 pm,64.4
02-Jan-20 10:40:00 pm,63.0
02-Jan-20 11:15:00 pm,62.3
02-Jan-20 11:50:00 pm,61.9
03-Jan-20 12:25:00 am,61.6
03-Jan-20 01:00:00 am,61.4
03-Jan-20 01:35:00 am,61.0
03-Jan-20 02:10:00 am,61.0
03-Jan-20 02:45:00 am,60.8
03-Jan-20 03:20:00 am,60.7
03-Jan-20 03:55:00 am,60.5
03-Jan-20 04:30:00 am,61.7
03-Jan-20 05:05:00 am,62.6
03-Jan-20 05:40:00 am,63.0
03-Jan-20 06:15:00 am,66.4
03-Jan-20 06:50:00 am,65.6
03-Jan-20 07:25:00 am,65.1
03-Jan-20 08:00:00 am,61.8
03-Jan-20 08:35:00 am,55.6
03-Jan-20 09:10:00 am,54.8
03-Jan-20 09:45:00 am,55.4
03-Jan-20 10:20:00 am,55.7
03-Jan-20 10:55:00 am,56.9
03-Jan-20 11:30:00 am,56.3
03-Jan-20 12:05:00 pm,58.0
03-Jan-20 12:40:00 pm,57.6
03-Jan-20 01:15:00 pm,62.0
03-Jan-20 01:50:00 pm,64.6
03-Jan-20 02:25:00 pm,64.6
03-Jan-20 03:00:00 pm,64.6
03-Jan-20 03:35:00 pm,65.7
03-Jan-20 04:10:00 pm,65.8
03-Jan-20 04:45:00 pm,65.5
03-Jan-20 05:20:00 pm,65.6
03-Jan-20 05:55:00 pm,65.8
03-Jan-20 06:30:00 pm,65.5
03-Jan-20 07:05:00 pm,65.0
03-Jan-20 07:40:00 pm,64.4
03-Jan-20 08:15:00 pm,63.7
03-Jan-20 08:50:00 pm,63.0
03-Jan-20 09:25:00 pm,62.6
03-Jan-20 10:00:00 pm,62.1
03-Jan-20 10:35:00 pm,61.5
03-Jan-20 11:10:00 pm,61.1
03-Jan-20 11:45:00 pm,60.7
04-Jan-20 12:20:00 am,60.2
04-Jan-20 12:55:00 am,59.9
04-Jan-20 01:30:00 am,59.5
04-Jan-20 02:05:00 am,59.2
04-Jan-20 02:40:00 am,58.8
04-Jan-20 03:15:00 am,58.6
04-Jan-20 03:50:00 am,58.6
04-Jan-20 04:25:00 am,58.3
04-Jan-20 05:00:00 am,58.0
04-Jan-20 05:35:00 am,57.5
04-Jan-20 06:10:00 am,56.9
04-Jan-20 06:45:00 am,56.4
04-Jan-20 07:20:00 am,55.8
04-Jan-20 07:55:00 am,55.8
04-Jan-20 08:30:00 am,55.5
04-Jan-20 09:05:00 am,55.5
04-Jan-20 09:40:00 am,55.5
04-Jan-20 10:15:00 am,56.2
04-Jan-20 10:50:00 am,56.7
04-Jan-20 11:25:00 am,56.9
04-Jan-20 12:00:00 pm,57.6
04-Jan-20 12:35:00 pm,58.4
04-Jan-20 01:10:00 pm,58.9
04-Jan-20 01:45:00 pm,58.9
04-Jan-20 02:20:00 pm,58.9
04-Jan-20 02:55:00 pm,58.9
04-Jan-20 03:30:00 pm,58.4
04-Jan-20 04:05:00 pm,62.3
04-Jan-20 04:40:00 pm,62.2
04-Jan-20 05:15:00 pm,59.9
04-Jan-20 05:50:00 pm,58.9
04-Jan-20 06:25:00 pm,58.2
04-Jan-20 07:00:00 pm,57.7
04-Jan-20 07:35:00 pm,57.2
04-Jan-20 08:10:00 pm,57.0
04-Jan-20 08:45:00 pm,56.9
04-Jan-20 09:20:00 pm,56.6
04-Jan-20 09:55:00 pm,56.4
04-Jan-20 10:30:00 pm,56.2
04-Jan-20 11:05:00 pm,56.0
04-Jan-20 11:40:00 pm,55.9
05-Jan-20 12:15:00 am,55.9
05-Jan-20 12:50:00 am,56.2
05-Jan-20 01:25:00 am,56.2
05-Jan-20 02:00:00 am,56.2
05-Jan-20 02:35:00 am,56.2
05-Jan-20 03:10:00 am,56.2
05-Jan-20 03:45:00 am,56.3
05-Jan-20 04:20:00 am,56.2
05-Jan-20 04:55:00 am,56.2
05-Jan-20 05:30:00 am,56.2
05-Jan-20 06:05:00 am,56.0
05-Jan-20 06:40:00 am,55.7
05-Jan-20 07:15:00 am,55.7
05-Jan-20 07:50:00 am,55.9
05-Jan-20 08:25:00 am,55.9
05-Jan-20 09:00:00 am,55.9
05-Jan-20 09:35:00 am,56.2
05-Jan-20 10:10:00 am,56.0
05-Jan-20 10:45:00 am,56.2
05-Jan-20 11:20:00 am,56.2
05-Jan-20 11:55:00 am,56.4
05-Jan-20 12:30:00 pm,56.8
05-Jan-20 01:05:00 pm,57.3
05-Jan-20 01:40:00 pm,57.6
05-Jan-20 02:15:00 pm,58.2
05-Jan-20 02:50:00 pm,58.7
05-Jan-20 03:25:00 pm,58.6
05-Jan-20 04:00:00 pm,58.3
05-Jan-20 04:35:00 pm,57.9
05-Jan-20 05:10:00 pm,57.6
05-Jan-20 05:45:00 pm,57.2
05-Jan-20 06:20:00 pm,57.1
05-Jan-20 06:55:00 pm,57.1
05-Jan-20 07:30:00 pm,56.9
05-Jan-20 08:05:00 pm,56.6
05-Jan-20 08:40:00 pm,56.5
05-Jan-20 09:15:00 pm,56.3
05-Jan-20 09:50:00 pm,56.1
05-Jan-20 10:25:00 pm,56.3
05-Jan-20 11:00:00 pm,56.2
05-Jan-20 11:35:00 pm,56.0
06-Jan-20 12:10:00 am,56.1
06-Jan-20 12:45:00 am,55.8
06-Jan-20 01:20:00 am,55.8
06-Jan-20 01:55:00 am,55.9
06-Jan-20 02:30:00 am,55.8
06-Jan-20 03:05:00 am,55.9
06-Jan-20 03:40:00 am,55.6
06-Jan-20 04:15:00 am,57.7
06-Jan-20 04:50:00 am,59.7
06-Jan-20 05:25:00 am,60.2
06-Jan-20 06:00:00 am,64.1
06-Jan-20 06:35:00 am,65.8
06-Jan-20 07:10:00 am,65.8
06-Jan-20 07:45:00 am,65.8
06-Jan-20 08:20:00 am,65.8
06-Jan-20 08:55:00 am,65.7
06-Jan-20 09:30:00 am,64.8
06-Jan-20 10:05:00 am,58.6
06-Jan-20 10:40:00 am,55.5
06-Jan-20 11:15:00 am,55.4
06-Jan-20 11:50:00 am,58.8
06-Jan-20 12:25:00 pm,56.5
06-Jan-20 01:00:00 pm,54.5
06-Jan-20 01:35:00 pm,56.2
06-Jan-20 02:10:00 pm,61.0
06-Jan-20 02:45:00 pm,65.0
06-Jan-20 03:20:00 pm,65.4
06-Jan-20 03:55:00 pm,65.6
06-Jan-20 04:30:00 pm,65.6
06-Jan-20 05:05:00 pm,65.7
06-Jan-20 05:40:00 pm,65.5
06-Jan-20 06:15:00 pm,64.9
06-Jan-20 06:50:00 pm,64.1
06-Jan-20 07:25:00 pm,63.6
06-Jan-20 08:00:00 pm,63.2
06-Jan-20 08:35:00 pm,63.0
06-Jan-20 09:10:00 pm,63.5
06-Jan-20 09:45:00 pm,54.6
06-Jan-20 10:20:00 pm,58.1
06-Jan-20 10:55:00 pm,58.6
06-Jan-20 11:30:00 pm,59.1
07-Jan-20 12:05:00 am,59.4
07-Jan-20 12:40:00 am,59.7
07-Jan-20 01:15:00 am,59.7
07-Jan-20 01:50:00 am,59.7
07-Jan-20 02:25:00 am,59.7
07-Jan-20 03:00:00 am,59.9
07-Jan-20 03:35:00 am,59.9
07-Jan-20 04:10:00 am,60.7
07-Jan-20 04:45:00 am,62.4
07-Jan-20 05:20:00 am,63.1
07-Jan-20 05:55:00 am,65.4
07-Jan-20 06:30:00 am,65.7
07-Jan-20 07:05:00 am,65.3
07-Jan-20 07:40:00 am,65.2
07-Jan-20 08:15:00 am,65.2
07-Jan-20 08:50:00 am,65.5
07-Jan-20 09:25:00 am,65.8
07-Jan-20 10:00:00 am,65.6
07-Jan-20 10:35:00 am,65.0
07-Jan-20 11:10:00 am,65.1
07-Jan-20 11:45:00 am,65.7
07-Jan-20 12:20:00 pm,65.8
07-Jan-20 12:55:00 pm,65.4
07-Jan-20 01:30:00 pm,65.4
07-Jan-20 02:05:00 pm,64.8
07-Jan-20 02:40:00 pm,60.0
07-Jan-20 03:15:00 pm,55.2
07-Jan-20 03:50:00 pm,54.7
07-Jan-20 04:25:00 pm,55.5
07-Jan-20 05:00:00 pm,55.6
07-Jan-20 05:35:00 pm,54.4
07-Jan-20 06:10:00 pm,56.8
07-Jan-20 06:45:00 pm,58.3
07-Jan-20 07:20:00 pm,59.0
07-Jan-20 07:55:00 pm,59.5
07-Jan-20 08:30:00 pm,59.5
07-Jan-20 09:05:00 pm,59.6
07-Jan-20 09:40:00 pm,61.5
07-Jan-20 10:15:00 pm,55.0
07-Jan-20 10:50:00 pm,55.5
07-Jan-20 11:25:00 pm,56.0
08-Jan-20 12:00:00 am,56.4
08-Jan-20 12:35:00 am,56.8
08-Jan-20 01:10:00 am,56.9
08-Jan-20 01:45:00 am,56.8
08-Jan-20 02:20:00 am,57.0
08-Jan-20 02:55:00 am,56.9
08-Jan-20 03:30:00 am,56.8
08-Jan-20 04:05:00 am,58.3
08-Jan-20 04:40:00 am,60.5
08-Jan-20 05:15:00 am,61.6
08-Jan-20 05:50:00 am,64.1
08-Jan-20 06:25:00 am,66.0
08-Jan-20 07:00:00 am,65.9
08-Jan-20 07:35:00 am,65.8
08-Jan-20 08:10:00 am,65.8
08-Jan-20 08:45:00 am,65.6
08-Jan-20 09:20:00 am,65.8
08-Jan-20 09:55:00 am,65.3
08-Jan-20 10:30:00 am,64.5
08-Jan-20 11:05:00 am,64.5
08-Jan-20 11:40:00 am,65.2
08-Jan-20 12:15:00 pm,65.6
08-Jan-20 12:50:00 pm,65.3
08-Jan-20 01:25:00 pm,65.1
08-Jan-20 02:00:00 pm,65.2
08-Jan-20 02:35:00 pm,64.3
08-Jan-20 03:10:00 pm,64.5
08-Jan-20 03:45:00 pm,64.8
08-Jan-20 04:20:00 pm,64.8
08-Jan-20 04:55:00 pm,64.8
08-Jan-20 05:30:00 pm,64.4
08-Jan-20 06:05:00 pm,62.7
08-Jan-20 06:40:00 pm,61.2
08-Jan-20 07:15:00 pm,60.3
08-Jan-20 07:50:00 pm,59.5
08-Jan-20 08:25:00 pm,58.6
08-Jan-20 09:00:00 pm,57.5
08-Jan-20 09:35:00 pm,56.9
08-Jan-20 10:10:00 pm,56.5
08-Jan-20 10:45:00 pm,56.0
08-Jan-20 11:20:00 pm,55.5
08-Jan-20 11:55:00 pm,55.4
09-Jan-20 12:30:00 am,54.9
09-Jan-20 01:05:00 am,54.5
09-Jan-20 01:40:00 am,54.2
09-Jan-20 02:15:00 am,54.2
09-Jan-20 02:50:00 am,54.1
09-Jan-20 03:25:00 am,54.0
09-Jan-20 04:00:00 am,55.0
09-Jan-20 04:35:00 am,58.2
09-Jan-20 05:10:00 am,59.3
09-Jan-20 05:45:00 am,61.9
09-Jan-20 06:20:00 am,66.0
09-Jan-20 06:55:00 am,65.9
09-Jan-20 07:30:00 am,65.2
09-Jan-20 08:05:00 am,65.3
09-Jan-20 08:40:00 am,65.4
09-Jan-20 09:15:00 am,65.4
09-Jan-20 09:50:00 am,65.5
09-Jan-20 10:25:00 am,64.8
09-Jan-20 11:00:00 am,64.9
09-Jan-20 11:35:00 am,66.2
09-Jan-20 12:10:00 pm,65.6
09-Jan-20 12:45:00 pm,65.6
09-Jan-20 01:20:00 pm,64.9
09-Jan-20 01:55:00 pm,65.3
09-Jan-20 02:30:00 pm,63.2
09-Jan-20 03:05:00 pm,56.4
09-Jan-20 03:40:00 pm,56.4
09-Jan-20 04:15:00 pm,62.6
09-Jan-20 04:50:00 pm,63.2
09-Jan-20 05:25:00 pm,55.9
09-Jan-20 06:00:00 pm,55.2
09-Jan-20 06:35:00 pm,55.7
09-Jan-20 07:10:00 pm,55.5
09-Jan-20 07:45:00 pm,55.5
09-Jan-20 08:20:00 pm,55.5
09-Jan-20 08:55:00 pm,55.2
09-Jan-20 09:30:00 pm,54.7
09-Jan-20 10:05:00 pm,54.3
09-Jan-20 10:40:00 pm,54.1
09-Jan-20 11:15:00 pm,54.1
09-Jan-20 11:50:00 pm,54.1
10-Jan-20 12:25:00 am,54.0
10-Jan-20 01:00:00 am,54.2
10-Jan-20 01:35:00 am,54.1
10-Jan-20 02:10:00 am,54.0
10-Jan-20 02:45:00 am,54.3
10-Jan-20 03:20:00 am,54.0
10-Jan-20 03:55:00 am,54.5
10-Jan-20 04:30:00 am,57.8
10-Jan-20 05:05:00 am,59.3
10-Jan-20 05:40:00 am,59.7
10-Jan-20 06:15:00 am,66.0
10-Jan-20 06:50:00 am,65.8
10-Jan-20 07:25:00 am,65.3
10-Jan-20 08:00:00 am,65.4
10-Jan-20 08:35:00 am,65.5
10-Jan-20 09:10:00 am,65.7
10-Jan-20 09:45:00 am,65.5
10-Jan-20 10:20:00 am,64.6
10-Jan-20 10:55:00 am,65.4
10-Jan-20 11:30:00 am,65.8
10-Jan-20 12:05:00 pm,65.3
10-Jan-20 12:40:00 pm,64.8
10-Jan-20 01:15:00 pm,64.8
10-Jan-20 01:50:00 pm,64.6
10-Jan-20 02:25:00 pm,65.2
10-Jan-20 03:00:00 pm,65.7
10-Jan-20 03:35:00 pm,65.2
10-Jan-20 04:10:00 pm,61.9
10-Jan-20 04:45:00 pm,55.4
10-Jan-20 05:20:00 pm,58.6
10-Jan-20 05:55:00 pm,62.3
10-Jan-20 06:30:00 pm,60.7
10-Jan-20 07:05:00 pm,60.0
10-Jan-20 07:40:00 pm,59.7
10-Jan-20 08:15:00 pm,59.3
10-Jan-20 08:50:00 pm,58.9
10-Jan-20 09:25:00 pm,58.6
10-Jan-20 10:00:00 pm,58.4
10-Jan-20 10:35:00 pm,58.3
10-Jan-20 11:10:00 pm,58.1
10-Jan-20 11:45:00 pm,58.1
11-Jan-20 12:20:00 am,58.0
11-Jan-20 12:55:00 am,57.7
11-Jan-20 01:30:00 am,57.6
11-Jan-20 02:05:00 am,57.6
11-Jan-20 02:40:00 am,57.5
11-Jan-20 03:15:00 am,57.3
11-Jan-20 03:50:00 am,57.2
11-Jan-20 04:25:00 am,57.2
11-Jan-20 05:00:00 am,57.2
11-Jan-20 05:35:00 am,57.2
11-Jan-20 06:10:00 am,57.2
11-Jan-20 06:45:00 am,57.2
11-Jan-20 07:20:00 am,57.4
11-Jan-20 07:55:00 am,57.4
11-Jan-20 08:30:00 am,57.4
11-Jan-20 09:05:00 am,57.2
11-Jan-20 09:40:00 am,57.3
11-Jan-20 10:15:00 am,57.3
11-Jan-20 10:50:00 am,57.2
11-Jan-20 11:25:00 am,57.3
11-Jan-20 12:00:00 pm,57.4
11-Jan-20 12:35:00 pm,57.5
11-Jan-20 01:10:00 pm,57.6
11-Jan-20 01:45:00 pm,57.5
11-Jan-20 02:20:00 pm,60.0
11-Jan-20 02:55:00 pm,63.0
11-Jan-20 03:30:00 pm,60.7
11-Jan-20 04:05:00 pm,59.5
11-Jan-20 04:40:00 pm,58.8
11-Jan-20 05:15:00 pm,58.3
11-Jan-20 05:50:00 pm,57.9
11-Jan-20 06:25:00 pm,57.8
11-Jan-20 07:00:00 pm,57.4
11-Jan-20 07:35:00 pm,57.0
11-Jan-20 08:10:00 pm,56.6
11-Jan-20 08:45:00 pm,56.2
11-Jan-20 09:20:00 pm,56.1
11-Jan-20 09:55:00 pm,56.1
11-Jan-20 10:30:00 pm,55.7
11-Jan-20 11:05:00 pm,55.4
11-Jan-20 11:40:00 pm,55.3
12-Jan-20 12:15:00 am,55.1
12-Jan-20 12:50:00 am,54.9
12-Jan-20 01:25:00 am,54.8
12-Jan-20 02:00:00 am,54.9
12-Jan-20 02:35:00 am,54.9
12-Jan-20 03:10:00 am,54.8
12-Jan-20 03:45:00 am,54.7
12-Jan-20 04:20:00 am,54.5
12-Jan-20 04:55:00 am,54.8
12-Jan-20 05:30:00 am,54.7
12-Jan-20 06:05:00 am,54.8
12-Jan-20 06:40:00 am,54.7
12-Jan-20 07:15:00 am,54.7
12-Jan-20 07:50:00 am,54.8
12-Jan-20 08:25:00 am,54.7
12-Jan-20 09:00:00 am,59.1
12-Jan-20 09:35:00 am,61.2
12-Jan-20 10:10:00 am,59.7
12-Jan-20 10:45:00 am,58.8
12-Jan-20 11:20:00 am,58.3
12-Jan-20 11:55:00 am,58.0
12-Jan-20 12:30:00 pm,58.0
12-Jan-20 01:05:00 pm,57.9
12-Jan-20 01:40:00 pm,57.5
12-Jan-20 02:15:00 pm,57.0
12-Jan-20 02:50:00 pm,57.2
12-Jan-20 03:25:00 pm,56.8
12-Jan-20 04:00:00 pm,56.6
12-Jan-20 04:35:00 pm,56.0
12-Jan-20 05:10:00 pm,55.7
12-Jan-20 05:45:00 pm,55.3
12-Jan-20 06:20:00 pm,54.8
12-Jan-20 06:55:00 pm,54.5
12-Jan-20 07:30:00 pm,54.4
12-Jan-20 08:05:00 pm,53.9
12-Jan-20 08:40:00 pm,54.2
12-Jan-20 09:15:00 pm,53.9
12-Jan-20 09:50:00 pm,53.5
12-Jan-20 10:25:00 pm,53.0
12-Jan-20 11:00:00 pm,53.1
12-Jan-20 11:35:00 pm,52.9
13-Jan-20 12:10:00 am,52.8
13-Jan-20 12:45:00 am,52.8
13-Jan-20 01:20:00 am,52.8
13-Jan-20 01:55:00 am,52.4
13-Jan-20 02:30:00 am,52.4
13-Jan-20 03:05:00 am,52.5
13-Jan-20 03:40:00 am,52.3
13-Jan-20 04:15:00 am,54.5
13-Jan-20 04:50:00 am,57.1
13-Jan-20 05:25:00 am,57.8
13-Jan-20 06:00:00 am,62.6
13-Jan-20 06:35:00 am,65.4
13-Jan-20 07:10:00 am,65.6
13-Jan-20 07:45:00 am,65.6
13-Jan-20 08:20:00 am,65.8
13-Jan-20 08:55:00 am,65.9
13-Jan-20 09:30:00 am,65.9
13-Jan-20 10:05:00 am,65.9
13-Jan-20 10:40:00 am,65.9
13-Jan-20 11:15:00 am,65.8
13-Jan-20 11:50:00 am,65.0
13-Jan-20 12:25:00 pm,64.4
13-Jan-20 01:00:00 pm,65.0
13-Jan-20 01:35:00 pm,64.6
13-Jan-20 02:10:00 pm,65.5
13-Jan-20 02:45:00 pm,64.7
13-Jan-20 03:20:00 pm,65.3
13-Jan-20 03:55:00 pm,64.6
13-Jan-20 04:30:00 pm,64.7
13-Jan-20 05:05:00 pm,65.4
13-Jan-20 05:40:00 pm,65.0
13-Jan-20 06:15:00 pm,61.9
13-Jan-20 06:50:00 pm,59.6
13-Jan-20 07:25:00 pm,58.4
13-Jan-20 08:00:00 pm,57.1
13-Jan-20 08:35:00 pm,56.2
13-Jan-20 09:10:00 pm,55.5
13-Jan-20 09:45:00 pm,54.8
13-Jan-20 10:20:00 pm,54.1
13-Jan-20 10:55:00 pm,53.9
13-Jan-20 11:30:00 pm,53.4
14-Jan-20 12:05:00 am,53.1
14-Jan-20 12:40:00 am,52.6
14-Jan-20 01:15:00 am,52.6
14-Jan-20 01:50:00 am,52.2
14-Jan-20 02:25:00 am,51.9
14-Jan-20 03:00:00 am,52.0
14-Jan-20 03:35:00 am,51.8
14-Jan-20 04:10:00 am,53.4
14-Jan-20 04:45:00 am,56.2
14-Jan-20 05:20:00 am,57.3
14-Jan-20 05:55:00 am,61.1
14-Jan-20 06:30:00 am,65.0
14-Jan-20 07:05:00 am,65.6
14-Jan-20 07:40:00 am,65.6
14-Jan-20 08:15:00 am,65.4
14-Jan-20 08:50:00 am,65.8
14-Jan-20 09:25:00 am,66.0
14-Jan-20 10:00:00 am,65.8
14-Jan-20 10:35:00 am,65.8
14-Jan-20 11:10:00 am,65.8
14-Jan-20 11:45:00 am,65.9
14-Jan-20 12:20:00 pm,65.6
14-Jan-20 12:55:00 pm,65.5
14-Jan-20 01:30:00 pm,65.4
14-Jan-20 02:05:00 pm,65.8
14-Jan-20 02:40:00 pm,65.2
14-Jan-20 03:15:00 pm,65.8
14-Jan-20 03:50:00 pm,65.1
14-Jan-20 04:25:00 pm,65.2
14-Jan-20 05:00:00 pm,65.4
14-Jan-20 05:35:00 pm,64.6
14-Jan-20 06:10:00 pm,62.6
14-Jan-20 06:45:00 pm,60.0
14-Jan-20 07:20:00 pm,58.3
14-Jan-20 07:55:00 pm,57.5
14-Jan-20 08:30:00 pm,56.5
14-Jan-20 09:05:00 pm,55.8
14-Jan-20 09:40:00 pm,55.2
14-Jan-20 10:15:00 pm,54.6
14-Jan-20 10:50:00 pm,54.3
14-Jan-20 11:25:00 pm,54.1
15-Jan-20 12:00:00 am,53.5
15-Jan-20 12:35:00 am,53.0
15-Jan-20 01:10:00 am,52.7
15-Jan-20 01:45:00 am,52.7
15-Jan-20 02:20:00 am,52.6
15-Jan-20 02:55:00 am,52.6
15-Jan-20 03:30:00 am,52.3
15-Jan-20 04:05:00 am,53.3
15-Jan-20 04:40:00 am,55.6
15-Jan-20 05:15:00 am,57.0
15-Jan-20 05:50:00 am,61.3
15-Jan-20 06:25:00 am,65.4
15-Jan-20 07:00:00 am,65.8
15-Jan-20 07:35:00 am,65.8
15-Jan-20 08:10:00 am,65.8
15-Jan-20 08:45:00 am,65.8
15-Jan-20 09:20:00 am,65.9
15-Jan-20 09:55:00 am,65.8
15-Jan-20 10:30:00 am,65.8
15-Jan-20 11:05:00 am,65.8
15-Jan-20 11:40:00 am,65.7
15-Jan-20 12:15:00 pm,65.4
15-Jan-20 12:50:00 pm,65.4
15-Jan-20 01:25:00 pm,64.9
15-Jan-20 02:00:00 pm,64.6
15-Jan-20 02:35:00 pm,64.1
15-Jan-20 03:10:00 pm,64.1
15-Jan-20 03:45:00 pm,64.9
15-Jan-20 04:20:00 pm,65.9
15-Jan-20 04:55:00 pm,65.6
15-Jan-20 05:30:00 pm,65.8
15-Jan-20 06:05:00 pm,63.6
15-Jan-20 06:40:00 pm,61.6
15-Jan-20 07:15:00 pm,60.0
15-Jan-20 07:50:00 pm,58.9
15-Jan-20 08:25:00 pm,58.2
15-Jan-20 09:00:00 pm,59.4
15-Jan-20 09:35:00 pm,63.1
15-Jan-20 10:10:00 pm,60.5
15-Jan-20 10:45:00 pm,59.0
15-Jan-20 11:20:00 pm,58.2
15-Jan-20 11:55:00 pm,57.9
16-Jan-20 12:30:00 am,57.3
16-Jan-20 01:05:00 am,57.0
16-Jan-20 01:40:00 am,56.6
16-Jan-20 02:15:00 am,56.3
16-Jan-20 02:50:00 am,56.0
16-Jan-20 03:25:00 am,55.5
16-Jan-20 04:00:00 am,55.9
16-Jan-20 04:35:00 am,57.9
16-Jan-20 05:10:00 am,58.9
16-Jan-20 05:45:00 am,61.1
16-Jan-20 06:20:00 am,65.5
16-Jan-20 06:55:00 am,65.7
16-Jan-20 07:30:00 am,65.8
16-Jan-20 08:05:00 am,65.8
16-Jan-20 08:40:00 am,65.8
16-Jan-20 09:15:00 am,65.8
16-Jan-20 09:50:00 am,66.1
16-Jan-20 10:25:00 am,65.8
16-Jan-20 11:00:00 am,65.8
16-Jan-20 11:35:00 am,65.8
16-Jan-20 12:10:00 pm,65.5
16-Jan-20 12:45:00 pm,65.4
16-Jan-20 01:20:00 pm,65.8
16-Jan-20 01:55:00 pm,64.2
16-Jan-20 02:30:00 pm,62.6
16-Jan-20 03:05:00 pm,56.0
16-Jan-20 03:40:00 pm,55.1
16-Jan-20 04:15:00 pm,54.4
16-Jan-20 04:50:00 pm,55.8
16-Jan-20 05:25:00 pm,60.6
16-Jan-20 06:00:00 pm,62.3
16-Jan-20 06:35:00 pm,59.9
16-Jan-20 07:10:00 pm,58.6
16-Jan-20 07:45:00 pm,57.4
16-Jan-20 08:20:00 pm,56.5
16-Jan-20 08:55:00 pm,56.2
16-Jan-20 09:30:00 pm,55.5
16-Jan-20 10:05:00 pm,54.8
16-Jan-20 10:40:00 pm,54.5
16-Jan-20 11:15:00 pm,54.5
16-Jan-20 11:50:00 pm,53.8
17-Jan-20 12:25:00 am,53.6
17-Jan-20 01:00:00 am,53.4
17-Jan-20 01:35:00 am,53.1
17-Jan-20 02:10:00 am,52.9
17-Jan-20 02:45:00 am,52.7
17-Jan-20 03:20:00 am,52.2
17-Jan-20 03:55:00 am,52.3
17-Jan-20 04:30:00 am,55.4
17-Jan-20 05:05:00 am,57.0
17-Jan-20 05:40:00 am,57.5
17-Jan-20 06:15:00 am,65.3
17-Jan-20 06:50:00 am,65.8
17-Jan-20 07:25:00 am,65.6
17-Jan-20 08:00:00 am,65.4
17-Jan-20 08:35:00 am,65.8
17-Jan-20 09:10:00 am,65.8
17-Jan-20 09:45:00 am,65.8
17-Jan-20 10:20:00 am,65.6
17-Jan-20 10:55:00 am,65.4
17-Jan-20 11:30:00 am,66.0
17-Jan-20 12:05:00 pm,65.2
17-Jan-20 12:40:00 pm,61.3
17-Jan-20 01:15:00 pm,64.7
17-Jan-20 01:50:00 pm,65.2
17-Jan-20 02:25:00 pm,65.6
17-Jan-20 03:00:00 pm,65.1
17-Jan-20 03:35:00 pm,64.7
17-Jan-20 04:10:00 pm,64.5
17-Jan-20 04:45:00 pm,64.6
17-Jan-20 05:20:00 pm,64.1
17-Jan-20 05:55:00 pm,63.9
17-Jan-20 06:30:00 pm,61.7
17-Jan-20 07:05:00 pm,60.4
17-Jan-20 07:40:00 pm,60.0
17-Jan-20 08:15:00 pm,59.1
17-Jan-20 08:50:00 pm,58.5
17-Jan-20 09:25:00 pm,58.2
17-Jan-20 10:00:00 pm,58.0
17-Jan-20 10:35:00 pm,57.8
17-Jan-20 11:10:00 pm,57.7
17-Jan-20 11:45:00 pm,57.3
18-Jan-20 12:20:00 am,57.0
18-Jan-20 12:55:00 am,56.6
18-Jan-20 01:30:00 am,56.4
18-Jan-20 02:05:00 am,56.4
18-Jan-20 02:40:00 am,56.2
18-Jan-20 03:15:00 am,55.8
18-Jan-20 03:50:00 am,55.5
18-Jan-20 04:25:00 am,55.4
18-Jan-20 05:00:00 am,55.2
18-Jan-20 05:35:00 am,55.2
18-Jan-20 06:10:00 am,55.1
18-Jan-20 06:45:00 am,55.0
18-Jan-20 07:20:00 am,55.0
18-Jan-20 07:55:00 am,54.8
18-Jan-20 08:30:00 am,54.8
18-Jan-20 09:05:00 am,55.1
18-Jan-20 09:40:00 am,55.6
18-Jan-20 10:15:00 am,56.0
18-Jan-20 10:50:00 am,56.4
18-Jan-20 11:25:00 am,56.8
18-Jan-20 12:00:00 pm,57.7
18-Jan-20 12:35:00 pm,58.5
18-Jan-20 01:10:00 pm,59.4
18-Jan-20 01:45:00 pm,59.9
18-Jan-20 02:20:00 pm,60.3
18-Jan-20 02:55:00 pm,60.6
18-Jan-20 03:30:00 pm,60.7
18-Jan-20 04:05:00 pm,60.8
18-Jan-20 04:40:00 pm,60.6
18-Jan-20 05:15:00 pm,60.3
18-Jan-20 05:50:00 pm,60.0
18-Jan-20 06:25:00 pm,60.0
18-Jan-20 07:00:00 pm,59.7
18-Jan-20 07:35:00 pm,59.7
18-Jan-20 08:10:00 pm,59.5
18-Jan-20 08:45:00 pm,58.9
18-Jan-20 09:20:00 pm,58.4
18-Jan-20 09:55:00 pm,58.1
18-Jan-20 10:30:00 pm,57.7
18-Jan-20 11:05:00 pm,57.5
18-Jan-20 11:40:00 pm,57.4
19-Jan-20 12:15:00 am,57.4
19-Jan-20 12:50:00 am,57.5
19-Jan-20 01:25:00 am,57.4
19-Jan-20 02:00:00 am,57.3
19-Jan-20 02:35:00 am,57.5
19-Jan-20 03:10:00 am,57.5
19-Jan-20 03:45:00 am,57.4
19-Jan-20 04:20:00 am,57.5
19-Jan-20 04:55:00 am,57.5
19-Jan-20 05:30:00 am,57.5
19-Jan-20 06:05:00 am,57.6
19-Jan-20 06:40:00 am,57.3
19-Jan-20 07:15:00 am,57.4
19-Jan-20 07:50:00 am,57.6
19-Jan-20 08:25:00 am,57.6
19-Jan-20 09:00:00 am,57.9
19-Jan-20 09:35:00 am,58.5
19-Jan-20 10:10:00 am,58.9
19-Jan-20 10:45:00 am,59.4
19-Jan-20 11:20:00 am,59.7
19-Jan-20 11:55:00 am,60.1
19-Jan-20 12:30:00 pm,60.4
19-Jan-20 01:05:00 pm,60.9
19-Jan-20 01:40:00 pm,61.3
19-Jan-20 02:15:00 pm,61.7
19-Jan-20 02:50:00 pm,61.9
19-Jan-20 03:25:00 pm,61.9
19-Jan-20 04:00:00 pm,61.8
19-Jan-20 04:35:00 pm,61.4
19-Jan-20 05:10:00 pm,60.8
19-Jan-20 05:45:00 pm,60.4
19-Jan-20 06:20:00 pm,60.0
19-Jan-20 06:55:00 pm,59.6
19-Jan-20 07:30:00 pm,59.1
19-Jan-20 08:05:00 pm,58.6
19-Jan-20 08:40:00 pm,58.4
19-Jan-20 09:15:00 pm,58.0
19-Jan-20 09:50:00 pm,57.5
19-Jan-20 10:25:00 pm,57.3
19-Jan-20 11:00:00 pm,57.0
19-Jan-20 11:35:00 pm,57.0
20-Jan-20 12:10:00 am,56.7
20-Jan-20 12:45:00 am,56.7
20-Jan-20 01:20:00 am,56.5
20-Jan-20 01:55:00 am,56.6
20-Jan-20 02:30:00 am,56.8
20-Jan-20 03:05:00 am,57.2
20-Jan-20 03:40:00 am,56.9
20-Jan-20 04:15:00 am,58.8
20-Jan-20 04:50:00 am,60.7
20-Jan-20 05:25:00 am,61.3
20-Jan-20 06:00:00 am,64.7
20-Jan-20 06:35:00 am,65.9
20-Jan-20 07:10:00 am,65.4
20-Jan-20 07:45:00 am,65.2
20-Jan-20 08:20:00 am,65.2
20-Jan-20 08:55:00 am,65.6
20-Jan-20 09:30:00 am,65.8
20-Jan-20 10:05:00 am,65.9
20-Jan-20 10:40:00 am,65.6
20-Jan-20 11:15:00 am,65.7
20-Jan-20 11:50:00 am,65.8
20-Jan-20 12:25:00 pm,65.6
20-Jan-20 01:00:00 pm,65.8
20-Jan-20 01:35:00 pm,65.5
20-Jan-20 02:10:00 pm,65.4
20-Jan-20 02:45:00 pm,65.3
20-Jan-20 03:20:00 pm,65.2
20-Jan-20 03:55:00 pm,64.9
20-Jan-20 04:30:00 pm,64.4
20-Jan-20 05:05:00 pm,63.8
20-Jan-20 05:40:00 pm,64.1
20-Jan-20 06:15:00 pm,63.3
20-Jan-20 06:50:00 pm,62.2
20-Jan-20 07:25:00 pm,61.5
20-Jan-20 08:00:00 pm,61.0
20-Jan-20 08:35:00 pm,60.8
20-Jan-20 09:10:00 pm,62.7
20-Jan-20 09:45:00 pm,65.4
20-Jan-20 10:20:00 pm,62.8
20-Jan-20 10:55:00 pm,61.6
20-Jan-20 11:30:00 pm,60.7
21-Jan-20 12:05:00 am,60.2
21-Jan-20 12:40:00 am,59.9
21-Jan-20 01:15:00 am,59.7
21-Jan-20 01:50:00 am,59.6
21-Jan-20 02:25:00 am,59.7
21-Jan-20 03:00:00 am,59.4
21-Jan-20 03:35:00 am,59.0
21-Jan-20 04:10:00 am,59.7
21-Jan-20 04:45:00 am,61.3
21-Jan-20 05:20:00 am,61.9
21-Jan-20 05:55:00 am,64.3
21-Jan-20 06:30:00 am,65.9
21-Jan-20 07:05:00 am,65.6
21-Jan-20 07:40:00 am,65.5
21-Jan-20 08:15:00 am,65.3
21-Jan-20 08:50:00 am,65.4
21-Jan-20 09:25:00 am,65.8
21-Jan-20 10:00:00 am,64.8
21-Jan-20 10:35:00 am,58.1
21-Jan-20 11:10:00 am,55.5
21-Jan-20 11:45:00 am,55.0
21-Jan-20 12:20:00 pm,55.2
21-Jan-20 12:55:00 pm,54.3
21-Jan-20 01:30:00 pm,55.0
21-Jan-20 02:05:00 pm,55.4
21-Jan-20 02:40:00 pm,54.2
21-Jan-20 03:15:00 pm,58.3
21-Jan-20 03:50:00 pm,64.0
21-Jan-20 04:25:00 pm,64.4
21-Jan-20 05:00:00 pm,64.4
21-Jan-20 05:35:00 pm,64.3
21-Jan-20 06:10:00 pm,63.6
21-Jan-20 06:45:00 pm,62.0
21-Jan-20 07:20:00 pm,61.1
21-Jan-20 07:55:00 pm,60.7
21-Jan-20 08:30:00 pm,60.3
21-Jan-20 09:05:00 pm,59.9
21-Jan-20 09:40:00 pm,59.4
21-Jan-20 10:15:00 pm,59.2
21-Jan-20 10:50:00 pm,65.1
21-Jan-20 11:25:00 pm,63.8
22-Jan-20 12:00:00 am,61.6
22-Jan-20 12:35:00 am,60.4
22-Jan-20 01:10:00 am,59.7
22-Jan-20 01:45:00 am,59.1
22-Jan-20 02:20:00 am,58.6
22-Jan-20 02:55:00 am,58.2
22-Jan-20 03:30:00 am,58.0
22-Jan-20 04:05:00 am,58.6
22-Jan-20 04:40:00 am,60.2
22-Jan-20 05:15:00 am,61.0
22-Jan-20 05:50:00 am,63.9
22-Jan-20 06:25:00 am,66.0
22-Jan-20 07:00:00 am,65.9
22-Jan-20 07:35:00 am,65.5
22-Jan-20 08:10:00 am,65.5
22-Jan-20 08:45:00 am,65.1
22-Jan-20 09:20:00 am,65.3
22-Jan-20 09:55:00 am,65.2
22-Jan-20 10:30:00 am,64.3
22-Jan-20 11:05:00 am,64.3
22-Jan-20 11:40:00 am,64.4
22-Jan-20 12:15:00 pm,64.6
22-Jan-20 12:50:00 pm,65.5
22-Jan-20 01:25:00 pm,65.0
22-Jan-20 02:00:00 pm,65.1
22-Jan-20 02:35:00 pm,64.8
22-Jan-20 03:10:00 pm,65.0
22-Jan-20 03:45:00 pm,61.2
22-Jan-20 04:20:00 pm,55.7
22-Jan-20 04:55:00 pm,61.4
22-Jan-20 05:30:00 pm,64.5
22-Jan-20 06:05:00 pm,64.0
22-Jan-20 06:40:00 pm,63.0
22-Jan-20 07:15:00 pm,62.6
22-Jan-20 07:50:00 pm,62.1
22-Jan-20 08:25:00 pm,62.0
22-Jan-20 09:00:00 pm,61.8
22-Jan-20 09:35:00 pm,61.8
22-Jan-20 10:10:00 pm,56.3
22-Jan-20 10:45:00 pm,54.5
22-Jan-20 11:20:00 pm,56.2
22-Jan-20 11:55:00 pm,62.3
23-Jan-20 12:30:00 am,62.5
23-Jan-20 01:05:00 am,61.6
23-Jan-20 01:40:00 am,61.3
23-Jan-20 02:15:00 am,61.0
23-Jan-20 02:50:00 am,60.9
23-Jan-20 03:25:00 am,60.9
23-Jan-20 04:00:00 am,61.2
23-Jan-20 04:35:00 am,62.5
23-Jan-20 05:10:00 am,63.3
23-Jan-20 05:45:00 am,64.9
23-Jan-20 06:20:00 am,65.8
23-Jan-20 06:55:00 am,65.3
23-Jan-20 07:30:00 am,65.0
23-Jan-20 08:05:00 am,65.0
23-Jan-20 08:40:00 am,64.6
23-Jan-20 09:15:00 am,64.8
23-Jan-20 09:50:00 am,62.5
23-Jan-20 10:25:00 am,57.4
23-Jan-20 11:00:00 am,56.7
23-Jan-20 11:35:00 am,56.6
23-Jan-20 12:10:00 pm,56.0
23-Jan-20 12:45:00 pm,56.1
23-Jan-20 01:20:00 pm,56.2
23-Jan-20 01:55:00 pm,56.2
23-Jan-20 02:30:00 pm,56.5
23-Jan-20 03:05:00 pm,56.2
23-Jan-20 03:40:00 pm,59.2
23-Jan-20 04:15:00 pm,64.5
23-Jan-20 04:50:00 pm,65.7
23-Jan-20 05:25:00 pm,65.7
23-Jan-20 06:00:00 pm,65.2
23-Jan-20 06:35:00 pm,64.3
23-Jan-20 07:10:00 pm,63.9
23-Jan-20 07:45:00 pm,63.6
23-Jan-20 08:20:00 pm,63.3
23-Jan-20 08:55:00 pm,63.3
23-Jan-20 09:30:00 pm,63.3
23-Jan-20 10:05:00 pm,59.3
23-Jan-20 10:40:00 pm,57.4
23-Jan-20 11:15:00 pm,58.5
23-Jan-20 11:50:00 pm,58.9
24-Jan-20 12:25:00 am,59.2
24-Jan-20 01:00:00 am,59.5
24-Jan-20 01:35:00 am,59.7
24-Jan-20 02:10:00 am,59.7
24-Jan-20 02:45:00 am,59.8
24-Jan-20 03:20:00 am,59.6
24-Jan-20 03:55:00 am,59.7
24-Jan-20 04:30:00 am,61.9
24-Jan-20 05:05:00 am,63.0
24-Jan-20 05:40:00 am,63.4
24-Jan-20 06:15:00 am,66.3
24-Jan-20 06:50:00 am,65.4
24-Jan-20 07:25:00 am,65.4
24-Jan-20 08:00:00 am,65.0
24-Jan-20 08:35:00 am,65.4
24-Jan-20 09:10:00 am,65.5
24-Jan-20 09:45:00 am,66.0
24-Jan-20 10:20:00 am,65.4
24-Jan-20 10:55:00 am,64.4
24-Jan-20 11:30:00 am,59.3
24-Jan-20 12:05:00 pm,55.5
24-Jan-20 12:40:00 pm,61.1
24-Jan-20 01:15:00 pm,64.3
24-Jan-20 01:50:00 pm,64.5
24-Jan-20 02:25:00 pm,65.1
24-Jan-20 03:00:00 pm,58.4
24-Jan-20 03:35:00 pm,54.6
24-Jan-20 04:10:00 pm,54.3
24-Jan-20 04:45:00 pm,54.8
24-Jan-20 05:20:00 pm,54.6
24-Jan-20 05:55:00 pm,55.2
24-Jan-20 06:30:00 pm,57.4
24-Jan-20 07:05:00 pm,58.2
24-Jan-20 07:40:00 pm,58.9
24-Jan-20 08:15:00 pm,59.2
24-Jan-20 08:50:00 pm,59.7
24-Jan-20 09:25:00 pm,59.8
24-Jan-20 10:00:00 pm,59.9
24-Jan-20 10:35:00 pm,60.0
24-Jan-20 11:10:00 pm,59.8
24-Jan-20 11:45:00 pm,59.7
25-Jan-20 12:20:00 am,59.6
25-Jan-20 12:55:00 am,59.5
25-Jan-20 01:30:00 am,59.2
25-Jan-20 02:05:00 am,59.3
25-Jan-20 02:40:00 am,59.3
25-Jan-20 03:15:00 am,59.3
25-Jan-20 03:50:00 am,59.1
25-Jan-20 04:25:00 am,59.3
25-Jan-20 05:00:00 am,59.1
25-Jan-20 05:35:00 am,59.1
25-Jan-20 06:10:00 am,58.9
25-Jan-20 06:45:00 am,58.9
25-Jan-20 07:20:00 am,59.0
25-Jan-20 07:55:00 am,58.9
25-Jan-20 08:30:00 am,58.9
25-Jan-20 09:05:00 am,59.0
25-Jan-20 09:40:00 am,59.3
25-Jan-20 10:15:00 am,59.7
25-Jan-20 10:50:00 am,60.0
25-Jan-20 11:25:00 am,60.3
25-Jan-20 12:00:00 pm,60.7
25-Jan-20 12:35:00 pm,60.9
25-Jan-20 01:10:00 pm,61.2
25-Jan-20 01:45:00 pm,61.5
25-Jan-20 02:20:00 pm,61.5
25-Jan-20 02:55:00 pm,61.5
25-Jan-20 03:30:00 pm,61.4
25-Jan-20 04:05:00 pm,61.3
25-Jan-20 04:40:00 pm,61.1
25-Jan-20 05:15:00 pm,60.7
25-Jan-20 05:50:00 pm,60.0
25-Jan-20 06:25:00 pm,59.7
25-Jan-20 07:00:00 pm,59.5
25-Jan-20 07:35:00 pm,59.3
25-Jan-20 08:10:00 pm,59.2
25-Jan-20 08:45:00 pm,58.9
25-Jan-20 09:20:00 pm,58.6
25-Jan-20 09:55:00 pm,58.6
25-Jan-20 10:30:00 pm,58.3
25-Jan-20 11:05:00 pm,58.2
25-Jan-20 11:40:00 pm,58.1
26-Jan-20 12:15:00 am,58.0
26-Jan-20 12:50:00 am,58.1
26-Jan-20 01:25:00 am,57.9
26-Jan-20 02:00:00 am,58.2
26-Jan-20 02:35:00 am,58.2
26-Jan-20 03:10:00 am,58.3
26-Jan-20 03:45:00 am,58.4
26-Jan-20 04:20:00 am,58.4
26-Jan-20 04:55:00 am,58.4
26-Jan-20 05:30:00 am,58.5
26-Jan-20 06:05:00 am,58.4
26-Jan-20 06:40:00 am,58.4
26-Jan-20 07:15:00 am,58.4
26-Jan-20 07:50:00 am,58.6
26-Jan-20 08:25:00 am,58.6
26-Jan-20 09:00:00 am,58.6
26-Jan-20 09:35:00 am,58.8
26-Jan-20 10:10:00 am,59.1
26-Jan-20 10:45:00 am,59.4
26-Jan-20 11:20:00 am,60.0
26-Jan-20 11:55:00 am,60.6
26-Jan-20 12:30:00 pm,61.5
26-Jan-20 01:05:00 pm,62.2
26-Jan-20 01:40:00 pm,62.6
26-Jan-20 02:15:00 pm,62.9
26-Jan-20 02:50:00 pm,63.2
26-Jan-20 03:25:00 pm,63.4
26-Jan-20 04:00:00 pm,62.9
26-Jan-20 04:35:00 pm,62.1
26-Jan-20 05:10:00 pm,61.8
26-Jan-20 05:45:00 pm,61.3
26-Jan-20 06:20:00 pm,63.8
26-Jan-20 06:55:00 pm,64.6
26-Jan-20 07:30:00 pm,62.6
26-Jan-20 08:05:00 pm,61.9
26-Jan-20 08:40:00 pm,61.1
26-Jan-20 09:15:00 pm,60.5
26-Jan-20 09:50:00 pm,59.9
26-Jan-20 10:25:00 pm,59.8
26-Jan-20 11:00:00 pm,59.6
26-Jan-20 11:35:00 pm,59.2
27-Jan-20 12:10:00 am,58.8
27-Jan-20 12:45:00 am,58.5
27-Jan-20 01:20:00 am,58.2
27-Jan-20 01:55:00 am,57.9
27-Jan-20 02:30:00 am,57.8
27-Jan-20 03:05:00 am,57.5
27-Jan-20 03:40:00 am,57.4
27-Jan-20 04:15:00 am,58.0
27-Jan-20 04:50:00 am,59.4
27-Jan-20 05:25:00 am,60.0
27-Jan-20 06:00:00 am,64.1
27-Jan-20 06:35:00 am,65.8
27-Jan-20 07:10:00 am,65.5
27-Jan-20 07:45:00 am,65.3
27-Jan-20 08:20:00 am,65.4
27-Jan-20 08:55:00 am,65.7
27-Jan-20 09:30:00 am,66.0
27-Jan-20 10:05:00 am,65.6
27-Jan-20 10:40:00 am,61.9
27-Jan-20 11:15:00 am,56.3
27-Jan-20 11:50:00 am,56.8
27-Jan-20 12:25:00 pm,55.8
27-Jan-20 01:00:00 pm,54.5
27-Jan-20 01:35:00 pm,54.2
27-Jan-20 02:10:00 pm,54.6
27-Jan-20 02:45:00 pm,55.3
27-Jan-20 03:20:00 pm,60.9
27-Jan-20 03:55:00 pm,64.1
27-Jan-20 04:30:00 pm,64.2
27-Jan-20 05:05:00 pm,64.7
27-Jan-20 05:40:00 pm,64.5
27-Jan-20 06:15:00 pm,62.9
27-Jan-20 06:50:00 pm,61.6
27-Jan-20 07:25:00 pm,61.1
27-Jan-20 08:00:00 pm,60.8
27-Jan-20 08:35:00 pm,60.4
27-Jan-20 09:10:00 pm,60.3
27-Jan-20 09:45:00 pm,61.5
27-Jan-20 10:20:00 pm,65.8
27-Jan-20 10:55:00 pm,63.7
27-Jan-20 11:30:00 pm,62.4
28-Jan-20 12:05:00 am,61.7
28-Jan-20 12:40:00 am,61.2
28-Jan-20 01:15:00 am,60.7
28-Jan-20 01:50:00 am,60.0
28-Jan-20 02:25:00 am,59.7
28-Jan-20 03:00:00 am,59.6
28-Jan-20 03:35:00 am,59.4
28-Jan-20 04:10:00 am,60.0
28-Jan-20 04:45:00 am,61.7
28-Jan-20 05:20:00 am,62.5
28-Jan-20 05:55:00 am,64.4
28-Jan-20 06:30:00 am,65.9
28-Jan-20 07:05:00 am,65.5
28-Jan-20 07:40:00 am,65.6
28-Jan-20 08:15:00 am,65.2
28-Jan-20 08:50:00 am,61.7
28-Jan-20 09:25:00 am,59.7
28-Jan-20 10:00:00 am,56.3
28-Jan-20 10:35:00 am,62.1
28-Jan-20 11:10:00 am,58.7
28-Jan-20 11:45:00 am,55.6
28-Jan-20 12:20:00 pm,55.5
28-Jan-20 12:55:00 pm,54.8
28-Jan-20 01:30:00 pm,55.0
28-Jan-20 02:05:00 pm,59.0
28-Jan-20 02:40:00 pm,60.1
28-Jan-20 03:15:00 pm,57.9
28-Jan-20 03:50:00 pm,63.9
28-Jan-20 04:25:00 pm,64.6
28-Jan-20 05:00:00 pm,64.5
28-Jan-20 05:35:00 pm,64.2
28-Jan-20 06:10:00 pm,63.6
28-Jan-20 06:45:00 pm,62.8
28-Jan-20 07:20:00 pm,62.5
28-Jan-20 07:55:00 pm,62.3
28-Jan-20 08:30:00 pm,58.0
28-Jan-20 09:05:00 pm,57.5
28-Jan-20 09:40:00 pm,58.3
28-Jan-20 10:15:00 pm,58.8
28-Jan-20 10:50:00 pm,59.0
28-Jan-20 11:25:00 pm,59.1
29-Jan-20 12:00:00 am,59.2
29-Jan-20 12:35:00 am,59.3
29-Jan-20 01:10:00 am,59.2
29-Jan-20 01:45:00 am,59.2
29-Jan-20 02:20:00 am,61.2
29-Jan-20 02:55:00 am,65.1
29-Jan-20 03:30:00 am,63.2
29-Jan-20 04:05:00 am,62.4
29-Jan-20 04:40:00 am,62.8
29-Jan-20 05:15:00 am,63.3
29-Jan-20 05:50:00 am,65.3
29-Jan-20 06:25:00 am,66.0
29-Jan-20 07:00:00 am,65.1
29-Jan-20 07:35:00 am,64.9
29-Jan-20 08:10:00 am,64.6
29-Jan-20 08:45:00 am,64.5
29-Jan-20 09:20:00 am,63.5
29-Jan-20 09:55:00 am,57.6
29-Jan-20 10:30:00 am,54.5
29-Jan-20 11:05:00 am,55.2
29-Jan-20 11:40:00 am,55.6
29-Jan-20 12:15:00 pm,55.6
29-Jan-20 12:50:00 pm,55.3
29-Jan-20 01:25:00 pm,57.5
29-Jan-20 02:00:00 pm,63.7
29-Jan-20 02:35:00 pm,64.9
29-Jan-20 03:10:00 pm,61.9
29-Jan-20 03:45:00 pm,55.2
29-Jan-20 04:20:00 pm,54.9
29-Jan-20 04:55:00 pm,55.0
29-Jan-20 05:30:00 pm,54.4
29-Jan-20 06:05:00 pm,56.3
29-Jan-20 06:40:00 pm,57.5
29-Jan-20 07:15:00 pm,58.4
29-Jan-20 07:50:00 pm,58.6
29-Jan-20 08:25:00 pm,58.9
29-Jan-20 09:00:00 pm,58.9
29-Jan-20 09:35:00 pm,58.6
29-Jan-20 10:10:00 pm,64.6
29-Jan-20 10:45:00 pm,59.4
29-Jan-20 11:20:00 pm,58.0
29-Jan-20 11:55:00 pm,57.2
30-Jan-20 12:30:00 am,56.7
30-Jan-20 01:05:00 am,56.8
30-Jan-20 01:40:00 am,56.7
30-Jan-20 02:15:00 am,56.9
30-Jan-20 02:50:00 am,57.1
30-Jan-20 03:25:00 am,57.2
30-Jan-20 04:00:00 am,58.1
30-Jan-20 04:35:00 am,60.4
30-Jan-20 05:10:00 am,61.4
30-Jan-20 05:45:00 am,63.2
30-Jan-20 06:20:00 am,65.8
30-Jan-20 06:55:00 am,65.9
30-Jan-20 07:30:00 am,65.8
30-Jan-20 08:05:00 am,65.4
30-Jan-20 08:40:00 am,65.2
30-Jan-20 09:15:00 am,65.7
30-Jan-20 09:50:00 am,65.8
30-Jan-20 10:25:00 am,64.6
30-Jan-20 11:00:00 am,65.3
30-Jan-20 11:35:00 am,65.8
30-Jan-20 12:10:00 pm,65.4
30-Jan-20 12:45:00 pm,65.5
30-Jan-20 01:20:00 pm,65.5
30-Jan-20 01:55:00 pm,65.4
30-Jan-20 02:30:00 pm,65.3
30-Jan-20 03:05:00 pm,65.2
30-Jan-20 03:40:00 pm,65.0
30-Jan-20 04:15:00 pm,64.8
30-Jan-20 04:50:00 pm,64.7
30-Jan-20 05:25:00 pm,64.6
30-Jan-20 06:00:00 pm,63.8
30-Jan-20 06:35:00 pm,62.7
30-Jan-20 07:10:00 pm,62.2
30-Jan-20 07:45:00 pm,61.9
30-Jan-20 08:20:00 pm,61.8
30-Jan-20 08:55:00 pm,61.6
30-Jan-20 09:30:00 pm,63.0
30-Jan-20 10:05:00 pm,54.2
30-Jan-20 10:40:00 pm,56.8
30-Jan-20 11:15:00 pm,58.0
30-Jan-20 11:50:00 pm,58.6
31-Jan-20 12:25:00 am,59.1
31-Jan-20 01:00:00 am,59.4
31-Jan-20 01:35:00 am,59.8
31-Jan-20 02:10:00 am,60.0
31-Jan-20 02:45:00 am,60.4
31-Jan-20 03:20:00 am,60.5
31-Jan-20 03:55:00 am,60.8
31-Jan-20 04:30:00 am,62.7
31-Jan-20 05:05:00 am,64.0
31-Jan-20 05:40:00 am,64.5
31-Jan-20 06:15:00 am,67.0
31-Jan-20 06:50:00 am,65.3
31-Jan-20 07:25:00 am,65.3
31-Jan-20 08:00:00 am,65.1
31-Jan-20 08:35:00 am,65.0
31-Jan-20 09:10:00 am,65.3
31-Jan-20 09:45:00 am,65.2
31-Jan-20 10:20:00 am,66.8
31-Jan-20 10:55:00 am,69.3
31-Jan-20 11:30:00 am,59.8
31-Jan-20 12:05:00 pm,65.1
31-Jan-20 12:40:00 pm,57.0
31-Jan-20 01:15:00 pm,62.4
31-Jan-20 01:50:00 pm,64.6
31-Jan-20 02:25:00 pm,62.7
31-Jan-20 03:00:00 pm,63.6
31-Jan-20 03:35:00 pm,66.6
31-Jan-20 04:10:00 pm,57.5
31-Jan-20 04:45:00 pm,54.7
31-Jan-20 05:20:00 pm,55.7
31-Jan-20 05:55:00 pm,59.0
31-Jan-20 06:30:00 pm,59.2
31-Jan-20 07:05:00 pm,60.7
31-Jan-20 07:40:00 pm,61.2
31-Jan-20 08:15:00 pm,62.0
31-Jan-20 08:50:00 pm,62.8
31-Jan-20 09:25:00 pm,63.0
31-Jan-20 10:00:00 pm,62.6
31-Jan-20 10:35:00 pm,62.5
31-Jan-20 11:10:00 pm,62.4
31-Jan-20 11:45:00 pm,62.4
01-Feb-20 12:20:00 am,62.4
01-Feb-20 12:55:00 am,62.4
01-Feb-20 01:30:00 am,62.3
01-Feb-20 02:05:00 am,62.2
01-Feb-20 02:40:00 am,62.0
01-Feb-20 03:15:00 am,61.9
01-Feb-20 03:50:00 am,61.9
01-Feb-20 04:25:00 am,61.8
01-Feb-20 05:00:00 am,61.7
01-Feb-20 05:35:00 am,61.6
01-Feb-20 06:10:00 am,61.5
01-Feb-20 06:45:00 am,61.4
01-Feb-20 07:20:00 am,61.4
01-Feb-20 07:55:00 am,61.2
01-Feb-20 08:30:00 am,61.2
01-Feb-20 09:05:00 am,61.0
01-Feb-20 09:40:00 am,60.8
01-Feb-20 10:15:00 am,60.5
01-Feb-20 10:50:00 am,60.4
01-Feb-20 11:25:00 am,60.1
01-Feb-20 12:00:00 pm,60.1
01-Feb-20 12:35:00 pm,60.4
01-Feb-20 01:10:00 pm,60.4
01-Feb-20 01:45:00 pm,60.0
01-Feb-20 02:20:00 pm,59.6
01-Feb-20 02:55:00 pm,59.0
01-Feb-20 03:30:00 pm,58.5
01-Feb-20 04:05:00 pm,58.0
01-Feb-20 04:40:00 pm,57.4
01-Feb-20 05:15:00 pm,56.9
01-Feb-20 05:50:00 pm,56.4
01-Feb-20 06:25:00 pm,56.2
01-Feb-20 07:00:00 pm,55.5
01-Feb-20 07:35:00 pm,55.2
01-Feb-20 08:10:00 pm,54.8
01-Feb-20 08:45:00 pm,54.6
01-Feb-20 09:20:00 pm,54.4
01-Feb-20 09:55:00 pm,54.4
01-Feb-20 10:30:00 pm,54.0
01-Feb-20 11:05:00 pm,53.8
01-Feb-20 11:40:00 pm,53.8
02-Feb-20 12:15:00 am,53.8
02-Feb-20 12:50:00 am,53.8
02-Feb-20 01:25:00 am,53.7
02-Feb-20 02:00:00 am,53.4
02-Feb-20 02:35:00 am,52.9
02-Feb-20 03:10:00 am,52.8
02-Feb-20 03:45:00 am,52.7
02-Feb-20 04:20:00 am,52.8
02-Feb-20 04:55:00 am,52.8
02-Feb-20 05:30:00 am,53.0
02-Feb-20 06:05:00 am,53.1
02-Feb-20 06:40:00 am,53.0
02-Feb-20 07:15:00 am,52.8
02-Feb-20 07:50:00 am,52.5
02-Feb-20 08:25:00 am,52.6
02-Feb-20 09:00:00 am,52.7
02-Feb-20 09:35:00 am,53.0
02-Feb-20 10:10:00 am,53.5
02-Feb-20 10:45:00 am,54.4
02-Feb-20 11:20:00 am,55.8
02-Feb-20 11:55:00 am,57.0
02-Feb-20 12:30:00 pm,58.1
02-Feb-20 01:05:00 pm,59.2
02-Feb-20 01:40:00 pm,59.8
02-Feb-20 02:15:00 pm,60.3
02-Feb-20 02:50:00 pm,60.4
02-Feb-20 03:25:00 pm,60.3
02-Feb-20 04:00:00 pm,59.7
02-Feb-20 04:35:00 pm,58.6
02-Feb-20 05:10:00 pm,57.8
02-Feb-20 05:45:00 pm,56.6
02-Feb-20 06:20:00 pm,55.6
02-Feb-20 06:55:00 pm,55.1
02-Feb-20 07:30:00 pm,54.2
02-Feb-20 08:05:00 pm,53.6
02-Feb-20 08:40:00 pm,53.5
02-Feb-20 09:15:00 pm,53.0
02-Feb-20 09:50:00 pm,52.9
02-Feb-20 10:25:00 pm,53.2
02-Feb-20 11:00:00 pm,53.4
02-Feb-20 11:35:00 pm,53.4
03-Feb-20 12:10:00 am,53.5
03-Feb-20 12:45:00 am,53.6
03-Feb-20 01:20:00 am,53.7
03-Feb-20 01:55:00 am,53.9
03-Feb-20 02:30:00 am,54.0
03-Feb-20 03:05:00 am,53.8
03-Feb-20 03:40:00 am,54.2
03-Feb-20 04:15:00 am,56.6
03-Feb-20 04:50:00 am,58.6
03-Feb-20 05:25:00 am,59.3
03-Feb-20 06:00:00 am,63.6
03-Feb-20 06:35:00 am,66.0
03-Feb-20 07:10:00 am,65.8
03-Feb-20 07:45:00 am,65.1
03-Feb-20 08:20:00 am,65.4
03-Feb-20 08:55:00 am,65.8
03-Feb-20 09:30:00 am,65.7
03-Feb-20 10:05:00 am,65.7
03-Feb-20 10:40:00 am,65.1
03-Feb-20 11:15:00 am,65.1
03-Feb-20 11:50:00 am,64.8
03-Feb-20 12:25:00 pm,64.4
03-Feb-20 01:00:00 pm,65.0
03-Feb-20 01:35:00 pm,65.5
03-Feb-20 02:10:00 pm,65.6
03-Feb-20 02:45:00 pm,62.7
03-Feb-20 03:20:00 pm,56.5
03-Feb-20 03:55:00 pm,55.4
03-Feb-20 04:30:00 pm,54.4
03-Feb-20 05:05:00 pm,54.6
03-Feb-20 05:40:00 pm,54.4
03-Feb-20 06:15:00 pm,54.9
03-Feb-20 06:50:00 pm,54.9
03-Feb-20 07:25:00 pm,54.8
03-Feb-20 08:00:00 pm,54.7
03-Feb-20 08:35:00 pm,54.6
03-Feb-20 09:10:00 pm,54.5
03-Feb-20 09:45:00 pm,56.2
03-Feb-20 10:20:00 pm,62.1
03-Feb-20 10:55:00 pm,59.0
03-Feb-20 11:30:00 pm,57.1
04-Feb-20 12:05:00 am,55.9
04-Feb-20 12:40:00 am,55.2
04-Feb-20 01:15:00 am,54.5
04-Feb-20 01:50:00 am,53.7
04-Feb-20 02:25:00 am,53.2
04-Feb-20 03:00:00 am,52.9
04-Feb-20 03:35:00 am,52.8
04-Feb-20 04:10:00 am,54.5
04-Feb-20 04:45:00 am,57.4
04-Feb-20 05:20:00 am,58.6
04-Feb-20 05:55:00 am,62.1
04-Feb-20 06:30:00 am,66.0
04-Feb-20 07:05:00 am,65.8
04-Feb-20 07:40:00 am,65.4
04-Feb-20 08:15:00 am,65.4
04-Feb-20 08:50:00 am,65.2
04-Feb-20 09:25:00 am,65.0
04-Feb-20 10:00:00 am,56.2
04-Feb-20 10:35:00 am,54.5
04-Feb-20 11:10:00 am,54.9
04-Feb-20 11:45:00 am,54.6
04-Feb-20 12:20:00 pm,54.9
04-Feb-20 12:55:00 pm,59.3
04-Feb-20 01:30:00 pm,63.4
04-Feb-20 02:05:00 pm,64.5
04-Feb-20 02:40:00 pm,64.2
04-Feb-20 03:15:00 pm,58.9
04-Feb-20 03:50:00 pm,56.1
04-Feb-20 04:25:00 pm,61.6
04-Feb-20 05:00:00 pm,64.3
04-Feb-20 05:35:00 pm,64.2
04-Feb-20 06:10:00 pm,65.7
04-Feb-20 06:45:00 pm,62.5
04-Feb-20 07:20:00 pm,60.9
04-Feb-20 07:55:00 pm,59.9
04-Feb-20 08:30:00 pm,59.1
04-Feb-20 09:05:00 pm,58.6
04-Feb-20 09:40:00 pm,58.2
04-Feb-20 10:15:00 pm,61.8
04-Feb-20 10:50:00 pm,62.1
04-Feb-20 11:25:00 pm,60.7
05-Feb-20 12:00:00 am,59.6
05-Feb-20 12:35:00 am,58.9
05-Feb-20 01:10:00 am,58.7
05-Feb-20 01:45:00 am,58.2
05-Feb-20 02:20:00 am,57.8
05-Feb-20 02:55:00 am,57.7
05-Feb-20 03:30:00 am,57.4
05-Feb-20 04:05:00 am,58.0
05-Feb-20 04:40:00 am,59.8
05-Feb-20 05:15:00 am,60.8
05-Feb-20 05:50:00 am,63.6
05-Feb-20 06:25:00 am,66.0
05-Feb-20 07:00:00 am,65.8
05-Feb-20 07:35:00 am,65.8
05-Feb-20 08:10:00 am,65.9
05-Feb-20 08:45:00 am,65.6
05-Feb-20 09:20:00 am,65.5
05-Feb-20 09:55:00 am,61.9
05-Feb-20 10:30:00 am,55.7
05-Feb-20 11:05:00 am,54.8
05-Feb-20 11:40:00 am,54.8
05-Feb-20 12:15:00 pm,55.1
05-Feb-20 12:50:00 pm,55.2
05-Feb-20 01:25:00 pm,55.5
05-Feb-20 02:00:00 pm,55.4
05-Feb-20 02:35:00 pm,55.4
05-Feb-20 03:10:00 pm,59.0
05-Feb-20 03:45:00 pm,56.5
05-Feb-20 04:20:00 pm,55.2
05-Feb-20 04:55:00 pm,59.9
05-Feb-20 05:30:00 pm,64.5
05-Feb-20 06:05:00 pm,63.8
05-Feb-20 06:40:00 pm,63.1
05-Feb-20 07:15:00 pm,62.6
05-Feb-20 07:50:00 pm,62.3
05-Feb-20 08:25:00 pm,61.9
05-Feb-20 09:00:00 pm,61.8
05-Feb-20 09:35:00 pm,61.6
05-Feb-20 10:10:00 pm,61.4
05-Feb-20 10:45:00 pm,61.2
05-Feb-20 11:20:00 pm,61.1
05-Feb-20 11:55:00 pm,61.0
06-Feb-20 12:30:00 am,60.7
06-Feb-20 01:05:00 am,60.7
06-Feb-20 01:40:00 am,60.7
06-Feb-20 02:15:00 am,60.6
06-Feb-20 02:50:00 am,60.5
06-Feb-20 03:25:00 am,60.4
06-Feb-20 04:00:00 am,60.8
06-Feb-20 04:35:00 am,62.2
06-Feb-20 05:10:00 am,62.9
06-Feb-20 05:45:00 am,64.4
06-Feb-20 06:20:00 am,66.1
06-Feb-20 06:55:00 am,65.8
06-Feb-20 07:30:00 am,65.7
06-Feb-20 08:05:00 am,65.6
06-Feb-20 08:40:00 am,65.7
06-Feb-20 09:15:00 am,65.8
06-Feb-20 09:50:00 am,65.9
06-Feb-20 10:25:00 am,65.6
06-Feb-20 11:00:00 am,64.4
06-Feb-20 11:35:00 am,65.0
06-Feb-20 12:10:00 pm,65.0
06-Feb-20 12:45:00 pm,65.1
06-Feb-20 01:20:00 pm,64.7
06-Feb-20 01:55:00 pm,65.0
06-Feb-20 02:30:00 pm,64.6
06-Feb-20 03:05:00 pm,65.0
06-Feb-20 03:40:00 pm,65.4
06-Feb-20 04:15:00 pm,65.4
06-Feb-20 04:50:00 pm,65.3
06-Feb-20 05:25:00 pm,63.2
06-Feb-20 06:00:00 pm,61.7
06-Feb-20 06:35:00 pm,61.5
06-Feb-20 07:10:00 pm,61.5
06-Feb-20 07:45:00 pm,61.5
06-Feb-20 08:20:00 pm,61.3
06-Feb-20 08:55:00 pm,61.2
06-Feb-20 09:30:00 pm,60.9
06-Feb-20 10:05:00 pm,60.8
06-Feb-20 10:40:00 pm,60.8
06-Feb-20 11:15:00 pm,60.5
06-Feb-20 11:50:00 pm,60.4
07-Feb-20 12:25:00 am,60.1
07-Feb-20 01:00:00 am,59.9
07-Feb-20 01:35:00 am,59.7
07-Feb-20 02:10:00 am,59.7
07-Feb-20 02:45:00 am,59.5
07-Feb-20 03:20:00 am,59.3
07-Feb-20 03:55:00 am,59.5
07-Feb-20 04:30:00 am,61.2
07-Feb-20 05:05:00 am,62.1
07-Feb-20 05:40:00 am,62.3
07-Feb-20 06:15:00 am,66.2
07-Feb-20 06:50:00 am,65.9
07-Feb-20 07:25:00 am,65.6
07-Feb-20 08:00:00 am,65.8
07-Feb-20 08:35:00 am,65.8
07-Feb-20 09:10:00 am,65.8
07-Feb-20 09:45:00 am,65.6
07-Feb-20 10:20:00 am,65.7
07-Feb-20 10:55:00 am,65.8
07-Feb-20 11:30:00 am,65.8
07-Feb-20 12:05:00 pm,65.4
07-Feb-20 12:40:00 pm,65.7
07-Feb-20 01:15:00 pm,65.9
07-Feb-20 01:50:00 pm,64.8
07-Feb-20 02:25:00 pm,64.6
07-Feb-20 03:00:00 pm,59.1
07-Feb-20 03:35:00 pm,55.2
07-Feb-20 04:10:00 pm,55.2
07-Feb-20 04:45:00 pm,54.4
07-Feb-20 05:20:00 pm,54.6
07-Feb-20 05:55:00 pm,56.5
07-Feb-20 06:30:00 pm,58.2
07-Feb-20 07:05:00 pm,58.6
07-Feb-20 07:40:00 pm,58.9
07-Feb-20 08:15:00 pm,58.9
07-Feb-20 08:50:00 pm,59.1
07-Feb-20 09:25:00 pm,59.3
07-Feb-20 10:00:00 pm,58.9
07-Feb-20 10:35:00 pm,58.8
07-Feb-20 11:10:00 pm,58.6
07-Feb-20 11:45:00 pm,58.7
08-Feb-20 12:20:00 am,58.6
08-Feb-20 12:55:00 am,58.5
08-Feb-20 01:30:00 am,58.4
08-Feb-20 02:05:00 am,58.3
08-Feb-20 02:40:00 am,58.5
08-Feb-20 03:15:00 am,58.5
08-Feb-20 03:50:00 am,58.4
08-Feb-20 04:25:00 am,58.2
08-Feb-20 05:00:00 am,57.9
08-Feb-20 05:35:00 am,57.6
08-Feb-20 06:10:00 am,57.5
08-Feb-20 06:45:00 am,57.2
08-Feb-20 07:20:00 am,57.3
08-Feb-20 07:55:00 am,57.3
08-Feb-20 08:30:00 am,57.2
08-Feb-20 09:05:00 am,57.3
08-Feb-20 09:40:00 am,57.7
08-Feb-20 10:15:00 am,58.6
08-Feb-20 10:50:00 am,59.3
08-Feb-20 11:25:00 am,59.5
08-Feb-20 12:00:00 pm,59.1
08-Feb-20 12:35:00 pm,59.1
08-Feb-20 01:10:00 pm,59.2
08-Feb-20 01:45:00 pm,59.5
08-Feb-20 02:20:00 pm,59.8
08-Feb-20 02:55:00 pm,60.2
08-Feb-20 03:30:00 pm,60.6
08-Feb-20 04:05:00 pm,60.4
08-Feb-20 04:40:00 pm,60.1
08-Feb-20 05:15:00 pm,59.4
08-Feb-20 05:50:00 pm,58.4
08-Feb-20 06:25:00 pm,58.1
08-Feb-20 07:00:00 pm,57.9
08-Feb-20 07:35:00 pm,57.6
08-Feb-20 08:10:00 pm,57.6
08-Feb-20 08:45:00 pm,57.5
08-Feb-20 09:20:00 pm,56.9
08-Feb-20 09:55:00 pm,56.6
08-Feb-20 10:30:00 pm,56.2
08-Feb-20 11:05:00 pm,55.9
08-Feb-20 11:40:00 pm,55.7
09-Feb-20 12:15:00 am,55.0
09-Feb-20 12:50:00 am,54.8
09-Feb-20 01:25:00 am,54.8
09-Feb-20 02:00:00 am,54.5
09-Feb-20 02:35:00 am,54.0
09-Feb-20 03:10:00 am,53.8
09-Feb-20 03:45:00 am,53.5
09-Feb-20 04:20:00 am,54.8
09-Feb-20 04:55:00 am,60.8
09-Feb-20 05:30:00 am,58.3
09-Feb-20 06:05:00 am,56.5
09-Feb-20 06:40:00 am,55.7
09-Feb-20 07:15:00 am,55.3
09-Feb-20 07:50:00 am,54.8
09-Feb-20 08:25:00 am,54.8
09-Feb-20 09:00:00 am,55.4
09-Feb-20 09:35:00 am,56.2
09-Feb-20 10:10:00 am,56.6
09-Feb-20 10:45:00 am,57.4
09-Feb-20 11:20:00 am,58.5
09-Feb-20 11:55:00 am,59.3
09-Feb-20 12:30:00 pm,60.4
09-Feb-20 01:05:00 pm,61.1
09-Feb-20 01:40:00 pm,61.8
09-Feb-20 02:15:00 pm,62.3
09-Feb-20 02:50:00 pm,62.4
09-Feb-20 03:25:00 pm,62.4
09-Feb-20 04:00:00 pm,62.4
09-Feb-20 04:35:00 pm,62.0
09-Feb-20 05:10:00 pm,61.4
09-Feb-20 05:45:00 pm,62.6
09-Feb-20 06:20:00 pm,62.6
09-Feb-20 06:55:00 pm,60.5
09-Feb-20 07:30:00 pm,59.0
09-Feb-20 08:05:00 pm,57.9
09-Feb-20 08:40:00 pm,57.2
09-Feb-20 09:15:00 pm,56.5
09-Feb-20 09:50:00 pm,55.7
09-Feb-20 10:25:00 pm,55.2
09-Feb-20 11:00:00 pm,54.7
09-Feb-20 11:35:00 pm,54.5
10-Feb-20 12:10:00 am,54.7
10-Feb-20 12:45:00 am,54.4
10-Feb-20 01:20:00 am,54.5
10-Feb-20 01:55:00 am,54.4
10-Feb-20 02:30:00 am,54.7
10-Feb-20 03:05:00 am,54.5
10-Feb-20 03:40:00 am,54.8
10-Feb-20 04:15:00 am,56.8
10-Feb-20 04:50:00 am,59.0
10-Feb-20 05:25:00 am,59.7
10-Feb-20 06:00:00 am,63.9
10-Feb-20 06:35:00 am,65.9
10-Feb-20 07:10:00 am,65.8
10-Feb-20 07:45:00 am,65.3
10-Feb-20 08:20:00 am,65.8
10-Feb-20 08:55:00 am,65.9
10-Feb-20 09:30:00 am,65.6
10-Feb-20 10:05:00 am,66.0
10-Feb-20 10:40:00 am,65.4
10-Feb-20 11:15:00 am,65.2
10-Feb-20 11:50:00 am,66.0
10-Feb-20 12:25:00 pm,65.8
10-Feb-20 01:00:00 pm,61.4
10-Feb-20 01:35:00 pm,54.7
10-Feb-20 02:10:00 pm,55.5
10-Feb-20 02:45:00 pm,54.9
10-Feb-20 03:20:00 pm,53.8
10-Feb-20 03:55:00 pm,54.9
10-Feb-20 04:30:00 pm,54.5
10-Feb-20 05:05:00 pm,54.7
10-Feb-20 05:40:00 pm,54.2
10-Feb-20 06:15:00 pm,55.6
10-Feb-20 06:50:00 pm,56.4
10-Feb-20 07:25:00 pm,56.5
10-Feb-20 08:00:00 pm,56.6
10-Feb-20 08:35:00 pm,56.6
10-Feb-20 09:10:00 pm,56.4
10-Feb-20 09:45:00 pm,55.9
10-Feb-20 10:20:00 pm,55.4
10-Feb-20 10:55:00 pm,55.1
10-Feb-20 11:30:00 pm,54.8
11-Feb-20 12:05:00 am,54.8
11-Feb-20 12:40:00 am,54.8
11-Feb-20 01:15:00 am,54.8
11-Feb-20 01:50:00 am,54.8
11-Feb-20 02:25:00 am,54.7
11-Feb-20 03:00:00 am,61.3
11-Feb-20 03:35:00 am,59.7
11-Feb-20 04:10:00 am,58.8
11-Feb-20 04:45:00 am,59.2
11-Feb-20 05:20:00 am,59.5
11-Feb-20 05:55:00 am,62.5
11-Feb-20 06:30:00 am,65.8
11-Feb-20 07:05:00 am,65.8
11-Feb-20 07:40:00 am,65.9
11-Feb-20 08:15:00 am,65.8
11-Feb-20 08:50:00 am,65.8
11-Feb-20 09:25:00 am,65.6
11-Feb-20 10:00:00 am,65.6
11-Feb-20 10:35:00 am,64.6
11-Feb-20 11:10:00 am,64.5
11-Feb-20 11:45:00 am,65.3
11-Feb-20 12:20:00 pm,66.2
11-Feb-20 12:55:00 pm,65.7
11-Feb-20 01:30:00 pm,65.3
11-Feb-20 02:05:00 pm,60.5
11-Feb-20 02:40:00 pm,55.2
11-Feb-20 03:15:00 pm,57.5
11-Feb-20 03:50:00 pm,63.9
11-Feb-20 04:25:00 pm,64.4
11-Feb-20 05:00:00 pm,64.2
11-Feb-20 05:35:00 pm,64.4
11-Feb-20 06:10:00 pm,63.8
11-Feb-20 06:45:00 pm,62.7
11-Feb-20 07:20:00 pm,62.0
11-Feb-20 07:55:00 pm,61.3
11-Feb-20 08:30:00 pm,60.9
11-Feb-20 09:05:00 pm,60.8
11-Feb-20 09:40:00 pm,60.5
11-Feb-20 10:15:00 pm,60.4
11-Feb-20 10:50:00 pm,60.2
11-Feb-20 11:25:00 pm,60.1
12-Feb-20 12:00:00 am,59.8
12-Feb-20 12:35:00 am,59.3
12-Feb-20 01:10:00 am,59.4
12-Feb-20 01:45:00 am,59.2
12-Feb-20 02:20:00 am,58.9
12-Feb-20 02:55:00 am,58.9
12-Feb-20 03:30:00 am,58.7
12-Feb-20 04:05:00 am,59.7
12-Feb-20 04:40:00 am,61.3
12-Feb-20 05:15:00 am,62.1
12-Feb-20 05:50:00 am,64.4
12-Feb-20 06:25:00 am,65.8
12-Feb-20 07:00:00 am,65.8
12-Feb-20 07:35:00 am,65.6
12-Feb-20 08:10:00 am,64.6
12-Feb-20 08:45:00 am,56.3
12-Feb-20 09:20:00 am,55.2
12-Feb-20 09:55:00 am,54.9
12-Feb-20 10:30:00 am,56.5
12-Feb-20 11:05:00 am,62.6
12-Feb-20 11:40:00 am,65.3
12-Feb-20 12:15:00 pm,65.6
12-Feb-20 12:50:00 pm,65.5
12-Feb-20 01:25:00 pm,65.4
12-Feb-20 02:00:00 pm,64.6
12-Feb-20 02:35:00 pm,63.8
12-Feb-20 03:10:00 pm,62.3
12-Feb-20 03:45:00 pm,64.6
12-Feb-20 04:20:00 pm,64.7
12-Feb-20 04:55:00 pm,64.7
12-Feb-20 05:30:00 pm,64.1
12-Feb-20 06:05:00 pm,63.6
12-Feb-20 06:40:00 pm,62.9
12-Feb-20 07:15:00 pm,62.3
12-Feb-20 07:50:00 pm,61.8
12-Feb-20 08:25:00 pm,61.5
12-Feb-20 09:00:00 pm,61.1
12-Feb-20 09:35:00 pm,60.7
12-Feb-20 10:10:00 pm,65.9
12-Feb-20 10:45:00 pm,64.7
12-Feb-20 11:20:00 pm,62.3
12-Feb-20 11:55:00 pm,61.2
13-Feb-20 12:30:00 am,60.6
13-Feb-20 01:05:00 am,60.0
13-Feb-20 01:40:00 am,59.8
13-Feb-20 02:15:00 am,59.6
13-Feb-20 02:50:00 am,59.0
13-Feb-20 03:25:00 am,58.8
13-Feb-20 04:00:00 am,58.5
13-Feb-20 04:35:00 am,60.0
13-Feb-20 05:10:00 am,60.8
13-Feb-20 05:45:00 am,62.6
13-Feb-20 06:20:00 am,66.0
13-Feb-20 06:55:00 am,65.9
13-Feb-20 07:30:00 am,65.9
13-Feb-20 08:05:00 am,66.0
13-Feb-20 08:40:00 am,65.6
13-Feb-20 09:15:00 am,65.0
13-Feb-20 09:50:00 am,65.7
13-Feb-20 10:25:00 am,65.9
13-Feb-20 11:00:00 am,64.4
13-Feb-20 11:35:00 am,65.1
13-Feb-20 12:10:00 pm,65.6
13-Feb-20 12:45:00 pm,65.7
13-Feb-20 01:20:00 pm,65.4
13-Feb-20 01:55:00 pm,65.7
13-Feb-20 02:30:00 pm,65.0
13-Feb-20 03:05:00 pm,65.7
13-Feb-20 03:40:00 pm,65.6
13-Feb-20 04:15:00 pm,64.4
13-Feb-20 04:50:00 pm,62.6
13-Feb-20 05:25:00 pm,56.5
13-Feb-20 06:00:00 pm,56.1
13-Feb-20 06:35:00 pm,57.6
13-Feb-20 07:10:00 pm,57.7
13-Feb-20 07:45:00 pm,58.0
13-Feb-20 08:20:00 pm,58.1
13-Feb-20 08:55:00 pm,58.0
13-Feb-20 09:30:00 pm,57.9
13-Feb-20 10:05:00 pm,57.8
13-Feb-20 10:40:00 pm,57.6
13-Feb-20 11:15:00 pm,57.6
13-Feb-20 11:50:00 pm,57.5
14-Feb-20 12:25:00 am,57.6
14-Feb-20 01:00:00 am,57.4
14-Feb-20 01:35:00 am,57.3
14-Feb-20 02:10:00 am,57.4
14-Feb-20 02:45:00 am,57.3
14-Feb-20 03:20:00 am,57.2
14-Feb-20 03:55:00 am,57.4
14-Feb-20 04:30:00 am,60.0
14-Feb-20 05:05:00 am,61.4
14-Feb-20 05:40:00 am,61.9
14-Feb-20 06:15:00 am,66.1
14-Feb-20 06:50:00 am,65.8
14-Feb-20 07:25:00 am,66.0
14-Feb-20 08:00:00 am,65.8
14-Feb-20 08:35:00 am,65.3
14-Feb-20 09:10:00 am,64.6
14-Feb-20 09:45:00 am,57.5
14-Feb-20 10:20:00 am,55.0
14-Feb-20 10:55:00 am,55.7
14-Feb-20 11:30:00 am,55.4
14-Feb-20 12:05:00 pm,55.1
14-Feb-20 12:40:00 pm,57.4
14-Feb-20 01:15:00 pm,63.7
14-Feb-20 01:50:00 pm,63.3
14-Feb-20 02:25:00 pm,57.2
14-Feb-20 03:00:00 pm,59.5
14-Feb-20 03:35:00 pm,64.6
14-Feb-20 04:10:00 pm,64.6
14-Feb-20 04:45:00 pm,64.5
14-Feb-20 05:20:00 pm,63.9
14-Feb-20 05:55:00 pm,63.8
14-Feb-20 06:30:00 pm,62.5
14-Feb-20 07:05:00 pm,61.8
14-Feb-20 07:40:00 pm,61.3
14-Feb-20 08:15:00 pm,60.8
14-Feb-20 08:50:00 pm,60.1
14-Feb-20 09:25:00 pm,59.7
14-Feb-20 10:00:00 pm,59.2
14-Feb-20 10:35:00 pm,58.8
14-Feb-20 11:10:00 pm,58.4
14-Feb-20 11:45:00 pm,58.0
15-Feb-20 12:20:00 am,57.7
15-Feb-20 12:55:00 am,57.6
15-Feb-20 01:30:00 am,57.4
15-Feb-20 02:05:00 am,57.2
15-Feb-20 02:40:00 am,57.0
15-Feb-20 03:15:00 am,56.7
15-Feb-20 03:50:00 am,56.8
15-Feb-20 04:25:00 am,56.8
15-Feb-20 05:00:00 am,56.7
15-Feb-20 05:35:00 am,56.7
15-Feb-20 06:10:00 am,56.7
15-Feb-20 06:45:00 am,56.6
15-Feb-20 07:20:00 am,56.8
15-Feb-20 07:55:00 am,56.8
15-Feb-20 08:30:00 am,56.9
15-Feb-20 09:05:00 am,56.9
15-Feb-20 09:40:00 am,57.3
15-Feb-20 10:15:00 am,57.6
15-Feb-20 10:50:00 am,58.1
15-Feb-20 11:25:00 am,58.6
15-Feb-20 12:00:00 pm,58.9
15-Feb-20 12:35:00 pm,59.1
15-Feb-20 01:10:00 pm,59.4
15-Feb-20 01:45:00 pm,59.5
15-Feb-20 02:20:00 pm,59.5
15-Feb-20 02:55:00 pm,59.3
15-Feb-20 03:30:00 pm,59.1
15-Feb-20 04:05:00 pm,58.9
15-Feb-20 04:40:00 pm,58.9
15-Feb-20 05:15:00 pm,58.6
15-Feb-20 05:50:00 pm,58.3
15-Feb-20 06:25:00 pm,58.2
15-Feb-20 07:00:00 pm,57.8
15-Feb-20 07:35:00 pm,57.6
15-Feb-20 08:10:00 pm,57.6
15-Feb-20 08:45:00 pm,57.4
15-Feb-20 09:20:00 pm,57.2
15-Feb-20 09:55:00 pm,57.0
15-Feb-20 10:30:00 pm,56.9
15-Feb-20 11:05:00 pm,56.6
15-Feb-20 11:40:00 pm,56.5
16-Feb-20 12:15:00 am,56.4
16-Feb-20 12:50:00 am,56.0
16-Feb-20 01:25:00 am,55.8
16-Feb-20 02:00:00 am,55.7
16-Feb-20 02:35:00 am,55.4
16-Feb-20 03:10:00 am,55.4
16-Feb-20 03:45:00 am,55.3
16-Feb-20 04:20:00 am,55.2
16-Feb-20 04:55:00 am,54.9
16-Feb-20 05:30:00 am,54.7
16-Feb-20 06:05:00 am,54.3
16-Feb-20 06:40:00 am,54.5
16-Feb-20 07:15:00 am,54.6
16-Feb-20 07:50:00 am,54.8
16-Feb-20 08:25:00 am,55.2
16-Feb-20 09:00:00 am,55.4
16-Feb-20 09:35:00 am,55.5
16-Feb-20 10:10:00 am,56.2
16-Feb-20 10:45:00 am,56.8
16-Feb-20 11:20:00 am,57.8
16-Feb-20 11:55:00 am,59.1
16-Feb-20 12:30:00 pm,59.8
16-Feb-20 01:05:00 pm,60.0
16-Feb-20 01:40:00 pm,60.2
16-Feb-20 02:15:00 pm,60.4
16-Feb-20 02:50:00 pm,60.3
16-Feb-20 03:25:00 pm,60.0
16-Feb-20 04:00:00 pm,59.6
16-Feb-20 04:35:00 pm,59.0
16-Feb-20 05:10:00 pm,58.7
16-Feb-20 05:45:00 pm,58.1
16-Feb-20 06:20:00 pm,57.5
16-Feb-20 06:55:00 pm,59.8
16-Feb-20 07:30:00 pm,61.9
16-Feb-20 08:05:00 pm,59.6
16-Feb-20 08:40:00 pm,58.5
16-Feb-20 09:15:00 pm,57.8
16-Feb-20 09:50:00 pm,57.1
16-Feb-20 10:25:00 pm,56.4
16-Feb-20 11:00:00 pm,55.8
16-Feb-20 11:35:00 pm,55.5
17-Feb-20 12:10:00 am,54.9
17-Feb-20 12:45:00 am,54.9
17-Feb-20 01:20:00 am,55.0
17-Feb-20 01:55:00 am,54.9
17-Feb-20 02:30:00 am,54.6
17-Feb-20 03:05:00 am,54.5
17-Feb-20 03:40:00 am,54.3
17-Feb-20 04:15:00 am,56.6
17-Feb-20 04:50:00 am,58.5
17-Feb-20 05:25:00 am,58.9
17-Feb-20 06:00:00 am,63.4
17-Feb-20 06:35:00 am,65.8
17-Feb-20 07:10:00 am,65.8
17-Feb-20 07:45:00 am,65.8
17-Feb-20 08:20:00 am,65.9
17-Feb-20 08:55:00 am,66.2
17-Feb-20 09:30:00 am,66.1
17-Feb-20 10:05:00 am,65.8
17-Feb-20 10:40:00 am,65.8
17-Feb-20 11:15:00 am,65.4
17-Feb-20 11:50:00 am,65.1
17-Feb-20 12:25:00 pm,65.1
17-Feb-20 01:00:00 pm,65.4
17-Feb-20 01:35:00 pm,64.6
17-Feb-20 02:10:00 pm,65.5
17-Feb-20 02:45:00 pm,64.8
17-Feb-20 03:20:00 pm,62.4
17-Feb-20 03:55:00 pm,57.4
17-Feb-20 04:30:00 pm,54.4
17-Feb-20 05:05:00 pm,54.5
17-Feb-20 05:40:00 pm,54.5
17-Feb-20 06:15:00 pm,55.5
17-Feb-20 06:50:00 pm,55.9
17-Feb-20 07:25:00 pm,55.9
17-Feb-20 08:00:00 pm,56.2
17-Feb-20 08:35:00 pm,56.2
17-Feb-20 09:10:00 pm,55.6
17-Feb-20 09:45:00 pm,55.5
17-Feb-20 10:20:00 pm,55.4
17-Feb-20 10:55:00 pm,55.3
17-Feb-20 11:30:00 pm,54.9
18-Feb-20 12:05:00 am,54.6
18-Feb-20 12:40:00 am,54.2
18-Feb-20 01:15:00 am,53.9
18-Feb-20 01:50:00 am,53.5
18-Feb-20 02:25:00 am,53.1
18-Feb-20 03:00:00 am,52.5
18-Feb-20 03:35:00 am,52.2
18-Feb-20 04:10:00 am,53.8
18-Feb-20 04:45:00 am,56.4
18-Feb-20 05:20:00 am,57.3
18-Feb-20 05:55:00 am,61.1
18-Feb-20 06:30:00 am,65.1
18-Feb-20 07:05:00 am,65.5
18-Feb-20 07:40:00 am,65.4
18-Feb-20 08:15:00 am,65.4
18-Feb-20 08:50:00 am,66.0
18-Feb-20 09:25:00 am,63.1
18-Feb-20 10:00:00 am,55.7
18-Feb-20 10:35:00 am,55.1
18-Feb-20 11:10:00 am,55.5
18-Feb-20 11:45:00 am,55.6
18-Feb-20 12:20:00 pm,55.1
18-Feb-20 12:55:00 pm,54.8
18-Feb-20 01:30:00 pm,55.4
18-Feb-20 02:05:00 pm,54.8
18-Feb-20 02:40:00 pm,54.5
18-Feb-20 03:15:00 pm,54.4
18-Feb-20 03:50:00 pm,55.1
18-Feb-20 04:25:00 pm,54.3
18-Feb-20 05:00:00 pm,54.4
18-Feb-20 05:35:00 pm,54.7
18-Feb-20 06:10:00 pm,55.6
18-Feb-20 06:45:00 pm,55.9
18-Feb-20 07:20:00 pm,55.9
18-Feb-20 07:55:00 pm,55.8
18-Feb-20 08:30:00 pm,61.8
18-Feb-20 09:05:00 pm,59.9
18-Feb-20 09:40:00 pm,58.3
18-Feb-20 10:15:00 pm,56.7
18-Feb-20 10:50:00 pm,55.8
18-Feb-20 11:25:00 pm,55.2
19-Feb-20 12:00:00 am,54.5
19-Feb-20 12:35:00 am,53.8
19-Feb-20 01:10:00 am,53.2
19-Feb-20 01:45:00 am,52.9
19-Feb-20 02:20:00 am,52.5
19-Feb-20 02:55:00 am,52.2
19-Feb-20 03:30:00 am,51.8
19-Feb-20 04:05:00 am,53.5
19-Feb-20 04:40:00 am,56.0
19-Feb-20 05:15:00 am,57.3
19-Feb-20 05:50:00 am,61.1
19-Feb-20 06:25:00 am,65.0
19-Feb-20 07:00:00 am,65.4
19-Feb-20 07:35:00 am,65.6
19-Feb-20 08:10:00 am,65.8
19-Feb-20 08:45:00 am,65.9
19-Feb-20 09:20:00 am,66.1
19-Feb-20 09:55:00 am,62.5
19-Feb-20 10:30:00 am,56.1
19-Feb-20 11:05:00 am,55.3
19-Feb-20 11:40:00 am,56.5
19-Feb-20 12:15:00 pm,57.4
19-Feb-20 12:50:00 pm,53.3
19-Feb-20 01:25:00 pm,51.2
19-Feb-20 02:00:00 pm,49.1
19-Feb-20 02:35:00 pm,52.2
19-Feb-20 03:10:00 pm,51.6
19-Feb-20 03:45:00 pm,52.6
19-Feb-20 04:20:00 pm,50.3
19-Feb-20 04:55:00 pm,55.7
19-Feb-20 05:30:00 pm,54.1
19-Feb-20 06:05:00 pm,55.7
19-Feb-20 06:40:00 pm,56.4
19-Feb-20 07:15:00 pm,56.4
19-Feb-20 07:50:00 pm,56.1
19-Feb-20 08:25:00 pm,56.5
19-Feb-20 09:00:00 pm,56.3
19-Feb-20 09:35:00 pm,56.2
19-Feb-20 10:10:00 pm,60.8
19-Feb-20 10:45:00 pm,61.6
19-Feb-20 11:20:00 pm,59.2
19-Feb-20 11:55:00 pm,57.9
20-Feb-20 12:30:00 am,56.9
20-Feb-20 01:05:00 am,56.1
20-Feb-20 01:40:00 am,55.5
20-Feb-20 02:15:00 am,54.9
20-Feb-20 02:50:00 am,54.5
20-Feb-20 03:25:00 am,53.9
20-Feb-20 04:00:00 am,54.7
20-Feb-20 04:35:00 am,57.5
20-Feb-20 05:10:00 am,58.4
20-Feb-20 05:45:00 am,60.9
20-Feb-20 06:20:00 am,65.0
20-Feb-20 06:55:00 am,65.5
20-Feb-20 07:30:00 am,65.8
20-Feb-20 08:05:00 am,65.6
20-Feb-20 08:40:00 am,66.0
20-Feb-20 09:15:00 am,66.0
20-Feb-20 09:50:00 am,65.8
20-Feb-20 10:25:00 am,65.5
20-Feb-20 11:00:00 am,62.6
20-Feb-20 11:35:00 am,57.1
20-Feb-20 12:10:00 pm,56.6
20-Feb-20 12:45:00 pm,53.5
20-Feb-20 01:20:00 pm,57.0
20-Feb-20 01:55:00 pm,52.1
20-Feb-20 02:30:00 pm,50.3
20-Feb-20 03:05:00 pm,52.9
20-Feb-20 03:40:00 pm,52.7
20-Feb-20 04:15:00 pm,53.3
20-Feb-20 04:50:00 pm,57.7
20-Feb-20 05:25:00 pm,55.0
20-Feb-20 06:00:00 pm,55.6
20-Feb-20 06:35:00 pm,56.7
20-Feb-20 07:10:00 pm,57.2
20-Feb-20 07:45:00 pm,57.0
20-Feb-20 08:20:00 pm,56.3
20-Feb-20 08:55:00 pm,63.8
20-Feb-20 09:30:00 pm,62.8
20-Feb-20 10:05:00 pm,60.4
20-Feb-20 10:40:00 pm,59.0
20-Feb-20 11:15:00 pm,57.9
20-Feb-20 11:50:00 pm,57.1
21-Feb-20 12:25:00 am,56.2
21-Feb-20 01:00:00 am,55.7
21-Feb-20 01:35:00 am,54.8
21-Feb-20 02:10:00 am,54.6
21-Feb-20 02:45:00 am,53.9
21-Feb-20 03:20:00 am,53.6
21-Feb-20 03:55:00 am,53.9
21-Feb-20 04:30:00 am,57.1
21-Feb-20 05:05:00 am,58.6
21-Feb-20 05:40:00 am,59.0
21-Feb-20 06:15:00 am,65.4
21-Feb-20 06:50:00 am,65.8
21-Feb-20 07:25:00 am,65.8
21-Feb-20 08:00:00 am,65.8
21-Feb-20 08:35:00 am,65.9
21-Feb-20 09:10:00 am,66.3
21-Feb-20 09:45:00 am,65.2
21-Feb-20 10:20:00 am,65.7
21-Feb-20 10:55:00 am,65.9
21-Feb-20 11:30:00 am,64.8
21-Feb-20 12:05:00 pm,59.5
21-Feb-20 12:40:00 pm,63.8
21-Feb-20 01:15:00 pm,62.4
21-Feb-20 01:50:00 pm,59.3
21-Feb-20 02:25:00 pm,55.0
21-Feb-20 03:00:00 pm,53.7
21-Feb-20 03:35:00 pm,51.3
21-Feb-20 04:10:00 pm,56.6
21-Feb-20 04:45:00 pm,56.3
21-Feb-20 05:20:00 pm,53.9
21-Feb-20 05:55:00 pm,55.5
21-Feb-20 06:30:00 pm,57.0
21-Feb-20 07:05:00 pm,57.4
21-Feb-20 07:40:00 pm,57.6
21-Feb-20 08:15:00 pm,57.4
21-Feb-20 08:50:00 pm,57.6
21-Feb-20 09:25:00 pm,57.2
21-Feb-20 10:00:00 pm,57.0
21-Feb-20 10:35:00 pm,56.5
21-Feb-20 11:10:00 pm,56.4
21-Feb-20 11:45:00 pm,56.4
22-Feb-20 12:20:00 am,56.8
22-Feb-20 12:55:00 am,56.9
22-Feb-20 01:30:00 am,56.6
22-Feb-20 02:05:00 am,56.8
22-Feb-20 02:40:00 am,56.9
22-Feb-20 03:15:00 am,56.8
22-Feb-20 03:50:00 am,56.7
22-Feb-20 04:25:00 am,56.5
22-Feb-20 05:00:00 am,56.7
22-Feb-20 05:35:00 am,56.6
22-Feb-20 06:10:00 am,56.4
22-Feb-20 06:45:00 am,56.6
22-Feb-20 07:20:00 am,56.8
22-Feb-20 07:55:00 am,57.1
22-Feb-20 08:30:00 am,57.3
22-Feb-20 09:05:00 am,57.3
22-Feb-20 09:40:00 am,57.6
22-Feb-20 10:15:00 am,57.8
22-Feb-20 10:50:00 am,58.2
22-Feb-20 11:25:00 am,58.6
22-Feb-20 12:00:00 pm,59.5
22-Feb-20 12:35:00 pm,60.4
22-Feb-20 01:10:00 pm,60.9
22-Feb-20 01:45:00 pm,61.4
22-Feb-20 02:20:00 pm,61.7
22-Feb-20 02:55:00 pm,62.0
22-Feb-20 03:30:00 pm,62.2
22-Feb-20 04:05:00 pm,61.9
22-Feb-20 04:40:00 pm,61.9
22-Feb-20 05:15:00 pm,61.6
22-Feb-20 05:50:00 pm,60.8
22-Feb-20 06:25:00 pm,60.2
22-Feb-20 07:00:00 pm,59.6
22-Feb-20 07:35:00 pm,59.3
22-Feb-20 08:10:00 pm,59.0
22-Feb-20 08:45:00 pm,58.7
22-Feb-20 09:20:00 pm,58.4
22-Feb-20 09:55:00 pm,58.2
22-Feb-20 10:30:00 pm,58.1
22-Feb-20 11:05:00 pm,57.8
22-Feb-20 11:40:00 pm,57.5
23-Feb-20 12:15:00 am,57.3
23-Feb-20 12:50:00 am,56.7
23-Feb-20 01:25:00 am,56.5
23-Feb-20 02:00:00 am,56.2
23-Feb-20 02:35:00 am,56.0
23-Feb-20 03:10:00 am,56.1
23-Feb-20 03:45:00 am,56.1
23-Feb-20 04:20:00 am,56.2
23-Feb-20 04:55:00 am,56.2
23-Feb-20 05:30:00 am,56.1
23-Feb-20 06:05:00 am,56.3
23-Feb-20 06:40:00 am,56.5
23-Feb-20 07:15:00 am,56.7
23-Feb-20 07:50:00 am,56.5
23-Feb-20 08:25:00 am,56.3
23-Feb-20 09:00:00 am,56.4
23-Feb-20 09:35:00 am,56.8
23-Feb-20 10:10:00 am,57.5
23-Feb-20 10:45:00 am,57.8
23-Feb-20 11:20:00 am,58.5
23-Feb-20 11:55:00 am,58.6
23-Feb-20 12:30:00 pm,59.1
23-Feb-20 01:05:00 pm,60.3
23-Feb-20 01:40:00 pm,60.6
23-Feb-20 02:15:00 pm,61.0
23-Feb-20 02:50:00 pm,61.3
23-Feb-20 03:25:00 pm,61.4
23-Feb-20 04:00:00 pm,61.1
23-Feb-20 04:35:00 pm,60.9
23-Feb-20 05:10:00 pm,60.4
23-Feb-20 05:45:00 pm,59.5
23-Feb-20 06:20:00 pm,58.8
23-Feb-20 06:55:00 pm,62.9
23-Feb-20 07:30:00 pm,62.0
23-Feb-20 08:05:00 pm,60.0
23-Feb-20 08:40:00 pm,59.3
23-Feb-20 09:15:00 pm,58.8
23-Feb-20 09:50:00 pm,58.2
23-Feb-20 10:25:00 pm,58.1
23-Feb-20 11:00:00 pm,58.0
23-Feb-20 11:35:00 pm,57.7
24-Feb-20 12:10:00 am,57.4
24-Feb-20 12:45:00 am,57.1
24-Feb-20 01:20:00 am,57.1
24-Feb-20 01:55:00 am,57.0
24-Feb-20 02:30:00 am,56.5
24-Feb-20 03:05:00 am,56.2
24-Feb-20 03:40:00 am,55.7
24-Feb-20 04:15:00 am,57.0
24-Feb-20 04:50:00 am,59.0
24-Feb-20 05:25:00 am,59.9
24-Feb-20 06:00:00 am,64.1
24-Feb-20 06:35:00 am,66.0
24-Feb-20 07:10:00 am,65.6
24-Feb-20 07:45:00 am,65.6
24-Feb-20 08:20:00 am,65.8
24-Feb-20 08:55:00 am,65.7
24-Feb-20 09:30:00 am,65.8
24-Feb-20 10:05:00 am,65.9
24-Feb-20 10:40:00 am,64.7
24-Feb-20 11:15:00 am,65.8
24-Feb-20 11:50:00 am,65.3
24-Feb-20 12:25:00 pm,64.5
24-Feb-20 01:00:00 pm,65.2
24-Feb-20 01:35:00 pm,61.4
24-Feb-20 02:10:00 pm,60.1
24-Feb-20 02:45:00 pm,64.7
24-Feb-20 03:20:00 pm,65.1
24-Feb-20 03:55:00 pm,60.9
24-Feb-20 04:30:00 pm,55.0
24-Feb-20 05:05:00 pm,54.6
24-Feb-20 05:40:00 pm,54.8
24-Feb-20 06:15:00 pm,56.3
24-Feb-20 06:50:00 pm,56.8
24-Feb-20 07:25:00 pm,57.2
24-Feb-20 08:00:00 pm,57.4
24-Feb-20 08:35:00 pm,64.3
24-Feb-20 09:10:00 pm,63.2
24-Feb-20 09:45:00 pm,61.5
24-Feb-20 10:20:00 pm,60.1
24-Feb-20 10:55:00 pm,59.5
24-Feb-20 11:30:00 pm,58.8
25-Feb-20 12:05:00 am,58.4
25-Feb-20 12:40:00 am,58.1
25-Feb-20 01:15:00 am,57.3
25-Feb-20 01:50:00 am,56.7
25-Feb-20 02:25:00 am,56.1
25-Feb-20 03:00:00 am,55.3
25-Feb-20 03:35:00 am,54.9
25-Feb-20 04:10:00 am,55.6
25-Feb-20 04:45:00 am,58.1
25-Feb-20 05:20:00 am,59.0
25-Feb-20 05:55:00 am,62.5
25-Feb-20 06:30:00 am,66.0
25-Feb-20 07:05:00 am,65.8
25-Feb-20 07:40:00 am,65.6
25-Feb-20 08:15:00 am,65.9
25-Feb-20 08:50:00 am,65.8
25-Feb-20 09:25:00 am,65.9
25-Feb-20 10:00:00 am,65.8
25-Feb-20 10:35:00 am,64.8
25-Feb-20 11:10:00 am,64.6
25-Feb-20 11:45:00 am,65.7
25-Feb-20 12:20:00 pm,65.8
25-Feb-20 12:55:00 pm,65.8
25-Feb-20 01:30:00 pm,65.8
25-Feb-20 02:05:00 pm,65.9
25-Feb-20 02:40:00 pm,64.1
25-Feb-20 03:15:00 pm,57.3
25-Feb-20 03:50:00 pm,54.9
25-Feb-20 04:25:00 pm,55.1
25-Feb-20 05:00:00 pm,54.4
25-Feb-20 05:35:00 pm,54.5
25-Feb-20 06:10:00 pm,56.5
25-Feb-20 06:45:00 pm,58.0
25-Feb-20 07:20:00 pm,58.3
25-Feb-20 07:55:00 pm,58.7
25-Feb-20 08:30:00 pm,58.8
25-Feb-20 09:05:00 pm,64.8
25-Feb-20 09:40:00 pm,64.2
25-Feb-20 10:15:00 pm,62.7
25-Feb-20 10:50:00 pm,61.9
25-Feb-20 11:25:00 pm,61.2
26-Feb-20 12:00:00 am,60.7
26-Feb-20 12:35:00 am,60.4
26-Feb-20 01:10:00 am,60.1
26-Feb-20 01:45:00 am,59.9
26-Feb-20 02:20:00 am,59.7
26-Feb-20 02:55:00 am,59.7
26-Feb-20 03:30:00 am,59.4
26-Feb-20 04:05:00 am,60.1
26-Feb-20 04:40:00 am,61.7
26-Feb-20 05:15:00 am,62.5
26-Feb-20 05:50:00 am,65.0
26-Feb-20 06:25:00 am,66.2
26-Feb-20 07:00:00 am,65.7
26-Feb-20 07:35:00 am,65.8
26-Feb-20 08:10:00 am,65.0
26-Feb-20 08:45:00 am,65.0
26-Feb-20 09:20:00 am,65.7
26-Feb-20 09:55:00 am,65.2
26-Feb-20 10:30:00 am,64.3
26-Feb-20 11:05:00 am,65.0
26-Feb-20 11:40:00 am,65.5
26-Feb-20 12:15:00 pm,65.6
26-Feb-20 12:50:00 pm,65.8
26-Feb-20 01:25:00 pm,65.5
26-Feb-20 02:00:00 pm,64.3
26-Feb-20 02:35:00 pm,59.0
26-Feb-20 03:10:00 pm,56.2
26-Feb-20 03:45:00 pm,54.8
26-Feb-20 04:20:00 pm,55.2
26-Feb-20 04:55:00 pm,54.1
26-Feb-20 05:30:00 pm,54.5
26-Feb-20 06:05:00 pm,56.4
26-Feb-20 06:40:00 pm,57.3
26-Feb-20 07:15:00 pm,57.9
26-Feb-20 07:50:00 pm,58.2
26-Feb-20 08:25:00 pm,58.1
26-Feb-20 09:00:00 pm,58.6
26-Feb-20 09:35:00 pm,64.8
26-Feb-20 10:10:00 pm,62.9
26-Feb-20 10:45:00 pm,61.2
26-Feb-20 11:20:00 pm,60.3
26-Feb-20 11:55:00 pm,59.7
27-Feb-20 12:30:00 am,58.9
27-Feb-20 01:05:00 am,58.3
27-Feb-20 01:40:00 am,58.2
27-Feb-20 02:15:00 am,58.0
27-Feb-20 02:50:00 am,57.6
27-Feb-20 03:25:00 am,57.7
27-Feb-20 04:00:00 am,58.4
27-Feb-20 04:35:00 am,60.5
27-Feb-20 05:10:00 am,61.5
27-Feb-20 05:45:00 am,63.5
27-Feb-20 06:20:00 am,66.2
27-Feb-20 06:55:00 am,65.4
27-Feb-20 07:30:00 am,65.7
27-Feb-20 08:05:00 am,65.8
27-Feb-20 08:40:00 am,65.4
27-Feb-20 09:15:00 am,65.8
27-Feb-20 09:50:00 am,65.4
27-Feb-20 10:25:00 am,65.0
27-Feb-20 11:00:00 am,65.2
27-Feb-20 11:35:00 am,64.1
27-Feb-20 12:10:00 pm,58.3
27-Feb-20 12:45:00 pm,56.1
27-Feb-20 01:20:00 pm,51.6
27-Feb-20 01:55:00 pm,51.2
27-Feb-20 02:30:00 pm,53.0
27-Feb-20 03:05:00 pm,50.7
27-Feb-20 03:40:00 pm,50.4
27-Feb-20 04:15:00 pm,52.7
27-Feb-20 04:50:00 pm,57.6
27-Feb-20 05:25:00 pm,56.3
27-Feb-20 06:00:00 pm,56.4
27-Feb-20 06:35:00 pm,57.7
27-Feb-20 07:10:00 pm,57.9
27-Feb-20 07:45:00 pm,57.8
27-Feb-20 08:20:00 pm,60.0
27-Feb-20 08:55:00 pm,65.0
27-Feb-20 09:30:00 pm,62.2
27-Feb-20 10:05:00 pm,60.8
27-Feb-20 10:40:00 pm,59.9
27-Feb-20 11:15:00 pm,59.2
27-Feb-20 11:50:00 pm,58.4
28-Feb-20 12:25:00 am,57.9
28-Feb-20 01:00:00 am,57.1
28-Feb-20 01:35:00 am,56.7
28-Feb-20 02:10:00 am,56.4
28-Feb-20 02:45:00 am,56.2
28-Feb-20 03:20:00 am,55.7
28-Feb-20 03:55:00 am,55.6
28-Feb-20 04:30:00 am,58.7
28-Feb-20 05:05:00 am,60.0
28-Feb-20 05:40:00 am,60.7
28-Feb-20 06:15:00 am,66.0
28-Feb-20 06:50:00 am,65.6
28-Feb-20 07:25:00 am,65.3
28-Feb-20 08:00:00 am,65.4
28-Feb-20 08:35:00 am,65.6
28-Feb-20 09:10:00 am,65.5
28-Feb-20 09:45:00 am,66.0
28-Feb-20 10:20:00 am,64.6
28-Feb-20 10:55:00 am,64.4
28-Feb-20 11:30:00 am,65.4
28-Feb-20 12:05:00 pm,65.1
28-Feb-20 12:40:00 pm,65.4
28-Feb-20 01:15:00 pm,65.7
28-Feb-20 01:50:00 pm,65.8
28-Feb-20 02:25:00 pm,62.9
28-Feb-20 03:00:00 pm,56.6
28-Feb-20 03:35:00 pm,54.1
28-Feb-20 04:10:00 pm,54.6
28-Feb-20 04:45:00 pm,54.9
28-Feb-20 05:20:00 pm,54.6
28-Feb-20 05:55:00 pm,55.1
28-Feb-20 06:30:00 pm,56.8
28-Feb-20 07:05:00 pm,57.1
28-Feb-20 07:40:00 pm,57.5
28-Feb-20 08:15:00 pm,57.5
28-Feb-20 08:50:00 pm,57.3
28-Feb-20 09:25:00 pm,57.6
28-Feb-20 10:00:00 pm,57.3
28-Feb-20 10:35:00 pm,57.6
28-Feb-20 11:10:00 pm,57.6
28-Feb-20 11:45:00 pm,57.8
29-Feb-20 12:20:00 am,57.5
29-Feb-20 12:55:00 am,57.4
29-Feb-20 01:30:00 am,57.2
29-Feb-20 02:05:00 am,57.0
29-Feb-20 02:40:00 am,57.0
29-Feb-20 03:15:00 am,57.0
29-Feb-20 03:50:00 am,56.9
29-Feb-20 04:25:00 am,57.0
29-Feb-20 05:00:00 am,56.9
29-Feb-20 05:35:00 am,56.9
29-Feb-20 06:10:00 am,56.8
29-Feb-20 06:45:00 am,56.5
29-Feb-20 07:20:00 am,56.3
29-Feb-20 07:55:00 am,56.2
29-Feb-20 08:30:00 am,56.6
29-Feb-20 09:05:00 am,57.0
29-Feb-20 09:40:00 am,57.5
29-Feb-20 10:15:00 am,58.2
29-Feb-20 10:50:00 am,58.6
29-Feb-20 11:25:00 am,59.2
29-Feb-20 12:00:00 pm,59.9
29-Feb-20 12:35:00 pm,60.7
29-Feb-20 01:10:00 pm,60.9
29-Feb-20 01:45:00 pm,61.6
29-Feb-20 02:20:00 pm,62.4
29-Feb-20 02:55:00 pm,63.0
29-Feb-20 03:30:00 pm,63.0
29-Feb-20 04:05:00 pm,62.7
29-Feb-20 04:40:00 pm,62.5
29-Feb-20 05:15:00 pm,61.5
29-Feb-20 05:50:00 pm,60.6
29-Feb-20 06:25:00 pm,60.0
29-Feb-20 07:00:00 pm,59.3
29-Feb-20 07:35:00 pm,58.3
29-Feb-20 08:10:00 pm,57.5
29-Feb-20 08:45:00 pm,56.6
29-Feb-20 09:20:00 pm,55.4
29-Feb-20 09:55:00 pm,54.7
29-Feb-20 10:30:00 pm,54.2
29-Feb-20 11:05:00 pm,53.5
29-Feb-20 11:40:00 pm,53.4
01-Mar-20 12:15:00 am,53.4
01-Mar-20 12:50:00 am,53.5
01-Mar-20 01:25:00 am,53.2
01-Mar-20 02:00:00 am,53.0
01-Mar-20 02:35:00 am,53.2
01-Mar-20 03:10:00 am,53.2
01-Mar-20 03:45:00 am,53.1
01-Mar-20 04:20:00 am,53.3
01-Mar-20 04:55:00 am,53.2
01-Mar-20 05:30:00 am,53.4
01-Mar-20 06:05:00 am,53.3
01-Mar-20 06:40:00 am,52.9
01-Mar-20 07:15:00 am,52.8
01-Mar-20 07:50:00 am,52.6
01-Mar-20 08:25:00 am,52.8
01-Mar-20 09:00:00 am,53.6
01-Mar-20 09:35:00 am,55.2
01-Mar-20 10:10:00 am,56.4
01-Mar-20 10:45:00 am,57.9