Timestamp,RTU_1 BldgStatPress(in/wc)
01-Jan-20 12:00:00 am,0.01
01-Jan-20 12:35:00 am,0.03
01-Jan-20 01:10:00 am,0.00
01-Jan-20 01:45:00 am,0.01
01-Jan-20 02:20:00 am,0.01
01-Jan-20 02:55:00 am,0.02
01-Jan-20 03:30:00 am,-0.00
01-Jan-20 04:05:00 am,0.00
01-Jan-20 04:40:00 am,0.00
01-Jan-20 05:15:00 am,0.01
01-Jan-20 05:50:00 am,0.00
01-Jan-20 06:25:00 am,0.00
01-Jan-20 07:00:00 am,0.01
01-Jan-20 07:35:00 am,0.01
01-Jan-20 08:10:00 am,0.01
01-Jan-20 08:45:00 am,0.01
01-Jan-20 09:20:00 am,0.00
01-Jan-20 09:55:00 am,0.01
01-Jan-20 10:30:00 am,0.01
01-Jan-20 11:05:00 am,0.01
01-Jan-20 11:40:00 am,0.01
01-Jan-20 12:15:00 pm,0.01
01-Jan-20 12:50:00 pm,0.00
01-Jan-20 01:25:00 pm,0.01
01-Jan-20 02:00:00 pm,0.01
01-Jan-20 02:35:00 pm,0.01
01-Jan-20 03:10:00 pm,0.02
01-Jan-20 03:45:00 pm,0.01
01-Jan-20 04:20:00 pm,0.01
01-Jan-20 04:55:00 pm,0.01
01-Jan-20 05:30:00 pm,0.02
01-Jan-20 06:05:00 pm,0.01
01-Jan-20 06:40:00 pm,0.00
01-Jan-20 07:15:00 pm,0.01
01-Jan-20 07:50:00 pm,0.01
01-Jan-20 08:25:00 pm,0.00
01-Jan-20 09:00:00 pm,0.00
01-Jan-20 09:35:00 pm,0.01
01-Jan-20 10:10:00 pm,0.00
01-Jan-20 10:45:00 pm,0.00
01-Jan-20 11:20:00 pm,0.01
01-Jan-20 11:55:00 pm,0.01
02-Jan-20 12:30:00 am,0.01
02-Jan-20 01:05:00 am,0.01
02-Jan-20 01:40:00 am,0.01
02-Jan-20 02:15:00 am,0.01
02-Jan-20 02:50:00 am,0.01
02-Jan-20 03:25:00 am,0.01
02-Jan-20 04:00:00 am,0.01
02-Jan-20 04:35:00 am,0.01
02-Jan-20 05:10:00 am,0.01
02-Jan-20 05:45:00 am,0.01
02-Jan-20 06:20:00 am,0.01
02-Jan-20 06:55:00 am,0.01
02-Jan-20 07:30:00 am,0.01
02-Jan-20 08:05:00 am,0.01
02-Jan-20 08:40:00 am,0.01
02-Jan-20 09:15:00 am,0.01
02-Jan-20 09:50:00 am,0.01
02-Jan-20 10:25:00 am,0.01
02-Jan-20 11:00:00 am,0.01
02-Jan-20 11:35:00 am,0.01
02-Jan-20 12:10:00 pm,0.01
02-Jan-20 12:45:00 pm,0.01
02-Jan-20 01:20:00 pm,0.01
02-Jan-20 01:55:00 pm,0.01
02-Jan-20 02:30:00 pm,0.01
02-Jan-20 03:05:00 pm,0.01
02-Jan-20 03:40:00 pm,0.01
02-Jan-20 04:15:00 pm,0.01
02-Jan-20 04:50:00 pm,0.01
02-Jan-20 05:25:00 pm,0.01
02-Jan-20 06:00:00 pm,0.01
02-Jan-20 06:35:00 pm,0.00
02-Jan-20 07:10:00 pm,0.00
02-Jan-20 07:45:00 pm,0.00
02-Jan-20 08:20:00 pm,0.01
02-Jan-20 08:55:00 pm,0.00
02-Jan-20 09:30:00 pm,-0.00
02-Jan-20 10:05:00 pm,0.01
02-Jan-20 10:40:00 pm,0.00
02-Jan-20 11:15:00 pm,0.01
02-Jan-20 11:50:00 pm,0.01
03-Jan-20 12:25:00 am,0.00
03-Jan-20 01:00:00 am,0.01
03-Jan-20 01:35:00 am,0.00
03-Jan-20 02:10:00 am,0.01
03-Jan-20 02:45:00 am,0.00
03-Jan-20 03:20:00 am,0.00
03-Jan-20 03:55:00 am,0.01
03-Jan-20 04:30:00 am,0.01
03-Jan-20 05:05:00 am,0.01
03-Jan-20 05:40:00 am,0.01
03-Jan-20 06:15:00 am,0.01
03-Jan-20 06:50:00 am,0.01
03-Jan-20 07:25:00 am,0.01
03-Jan-20 08:00:00 am,0.01
03-Jan-20 08:35:00 am,0.00
03-Jan-20 09:10:00 am,0.00
03-Jan-20 09:45:00 am,0.00
03-Jan-20 10:20:00 am,-0.00
03-Jan-20 10:55:00 am,0.00
03-Jan-20 11:30:00 am,0.00
03-Jan-20 12:05:00 pm,0.00
03-Jan-20 12:40:00 pm,0.00
03-Jan-20 01:15:00 pm,0.00
03-Jan-20 01:50:00 pm,0.00
03-Jan-20 02:25:00 pm,0.00
03-Jan-20 03:00:00 pm,0.00
03-Jan-20 03:35:00 pm,0.01
03-Jan-20 04:10:00 pm,0.01
03-Jan-20 04:45:00 pm,0.00
03-Jan-20 05:20:00 pm,0.00
03-Jan-20 05:55:00 pm,0.02
03-Jan-20 06:30:00 pm,0.00
03-Jan-20 07:05:00 pm,0.00
03-Jan-20 07:40:00 pm,0.01
03-Jan-20 08:15:00 pm,0.00
03-Jan-20 08:50:00 pm,0.01
03-Jan-20 09:25:00 pm,0.01
03-Jan-20 10:00:00 pm,0.01
03-Jan-20 10:35:00 pm,0.01
03-Jan-20 11:10:00 pm,0.00
03-Jan-20 11:45:00 pm,0.01
04-Jan-20 12:20:00 am,0.02
04-Jan-20 12:55:00 am,0.01
04-Jan-20 01:30:00 am,0.00
04-Jan-20 02:05:00 am,0.01
04-Jan-20 02:40:00 am,0.02
04-Jan-20 03:15:00 am,0.00
04-Jan-20 03:50:00 am,0.00
04-Jan-20 04:25:00 am,0.00
04-Jan-20 05:00:00 am,0.00
04-Jan-20 05:35:00 am,0.00
04-Jan-20 06:10:00 am,0.00
04-Jan-20 06:45:00 am,0.00
04-Jan-20 07:20:00 am,0.01
04-Jan-20 07:55:00 am,0.00
04-Jan-20 08:30:00 am,0.01
04-Jan-20 09:05:00 am,0.00
04-Jan-20 09:40:00 am,0.01
04-Jan-20 10:15:00 am,0.01
04-Jan-20 10:50:00 am,0.01
04-Jan-20 11:25:00 am,0.01
04-Jan-20 12:00:00 pm,0.01
04-Jan-20 12:35:00 pm,0.00
04-Jan-20 01:10:00 pm,0.01
04-Jan-20 01:45:00 pm,0.01
04-Jan-20 02:20:00 pm,0.01
04-Jan-20 02:55:00 pm,0.00
04-Jan-20 03:30:00 pm,0.01
04-Jan-20 04:05:00 pm,-0.00
04-Jan-20 04:40:00 pm,0.01
04-Jan-20 05:15:00 pm,0.01
04-Jan-20 05:50:00 pm,0.01
04-Jan-20 06:25:00 pm,0.01
04-Jan-20 07:00:00 pm,0.01
04-Jan-20 07:35:00 pm,0.00
04-Jan-20 08:10:00 pm,0.01
04-Jan-20 08:45:00 pm,0.00
04-Jan-20 09:20:00 pm,0.01
04-Jan-20 09:55:00 pm,0.01
04-Jan-20 10:30:00 pm,0.01
04-Jan-20 11:05:00 pm,0.01
04-Jan-20 11:40:00 pm,0.01
05-Jan-20 12:15:00 am,0.01
05-Jan-20 12:50:00 am,0.01
05-Jan-20 01:25:00 am,0.01
05-Jan-20 02:00:00 am,0.01
05-Jan-20 02:35:00 am,0.01
05-Jan-20 03:10:00 am,0.01
05-Jan-20 03:45:00 am,0.01
05-Jan-20 04:20:00 am,0.01
05-Jan-20 04:55:00 am,0.01
05-Jan-20 05:30:00 am,0.01
05-Jan-20 06:05:00 am,0.01
05-Jan-20 06:40:00 am,0.01
05-Jan-20 07:15:00 am,0.01
05-Jan-20 07:50:00 am,0.01
05-Jan-20 08:25:00 am,0.01
05-Jan-20 09:00:00 am,0.01
05-Jan-20 09:35:00 am,0.02
05-Jan-20 10:10:00 am,0.01
05-Jan-20 10:45:00 am,0.02
05-Jan-20 11:20:00 am,0.01
05-Jan-20 11:55:00 am,0.02
05-Jan-20 12:30:00 pm,0.02
05-Jan-20 01:05:00 pm,0.00
05-Jan-20 01:40:00 pm,0.01
05-Jan-20 02:15:00 pm,0.01
05-Jan-20 02:50:00 pm,0.01
05-Jan-20 03:25:00 pm,0.00
05-Jan-20 04:00:00 pm,0.01
05-Jan-20 04:35:00 pm,0.01
05-Jan-20 05:10:00 pm,0.01
05-Jan-20 05:45:00 pm,0.01
05-Jan-20 06:20:00 pm,0.01
05-Jan-20 06:55:00 pm,0.02
05-Jan-20 07:30:00 pm,0.01
05-Jan-20 08:05:00 pm,0.01
05-Jan-20 08:40:00 pm,0.02
05-Jan-20 09:15:00 pm,0.02
05-Jan-20 09:50:00 pm,0.01
05-Jan-20 10:25:00 pm,0.02
05-Jan-20 11:00:00 pm,0.02
05-Jan-20 11:35:00 pm,0.01
06-Jan-20 12:10:00 am,0.01
06-Jan-20 12:45:00 am,0.01
06-Jan-20 01:20:00 am,0.01
06-Jan-20 01:55:00 am,0.01
06-Jan-20 02:30:00 am,0.01
06-Jan-20 03:05:00 am,0.01
06-Jan-20 03:40:00 am,0.01
06-Jan-20 04:15:00 am,0.01
06-Jan-20 04:50:00 am,0.01
06-Jan-20 05:25:00 am,0.01
06-Jan-20 06:00:00 am,0.01
06-Jan-20 06:35:00 am,0.03
06-Jan-20 07:10:00 am,0.02
06-Jan-20 07:45:00 am,0.04
06-Jan-20 08:20:00 am,0.03
06-Jan-20 08:55:00 am,0.04
06-Jan-20 09:30:00 am,0.02
06-Jan-20 10:05:00 am,0.03
06-Jan-20 10:40:00 am,0.02
06-Jan-20 11:15:00 am,0.03
06-Jan-20 11:50:00 am,0.01
06-Jan-20 12:25:00 pm,0.02
06-Jan-20 01:00:00 pm,0.02
06-Jan-20 01:35:00 pm,0.01
06-Jan-20 02:10:00 pm,0.01
06-Jan-20 02:45:00 pm,0.01
06-Jan-20 03:20:00 pm,0.03
06-Jan-20 03:55:00 pm,0.02
06-Jan-20 04:30:00 pm,0.01
06-Jan-20 05:05:00 pm,0.03
06-Jan-20 05:40:00 pm,0.03
06-Jan-20 06:15:00 pm,0.01
06-Jan-20 06:50:00 pm,0.01
06-Jan-20 07:25:00 pm,-0.01
06-Jan-20 08:00:00 pm,0.01
06-Jan-20 08:35:00 pm,0.02
06-Jan-20 09:10:00 pm,-0.01
06-Jan-20 09:45:00 pm,-0.00
06-Jan-20 10:20:00 pm,0.00
06-Jan-20 10:55:00 pm,0.01
06-Jan-20 11:30:00 pm,0.00
07-Jan-20 12:05:00 am,0.01
07-Jan-20 12:40:00 am,0.01
07-Jan-20 01:15:00 am,0.02
07-Jan-20 01:50:00 am,0.02
07-Jan-20 02:25:00 am,0.01
07-Jan-20 03:00:00 am,0.00
07-Jan-20 03:35:00 am,0.00
07-Jan-20 04:10:00 am,0.02
07-Jan-20 04:45:00 am,0.01
07-Jan-20 05:20:00 am,0.01
07-Jan-20 05:55:00 am,0.02
07-Jan-20 06:30:00 am,0.01
07-Jan-20 07:05:00 am,0.02
07-Jan-20 07:40:00 am,0.01
07-Jan-20 08:15:00 am,0.01
07-Jan-20 08:50:00 am,0.00
07-Jan-20 09:25:00 am,0.01
07-Jan-20 10:00:00 am,0.00
07-Jan-20 10:35:00 am,0.01
07-Jan-20 11:10:00 am,0.02
07-Jan-20 11:45:00 am,0.02
07-Jan-20 12:20:00 pm,0.01
07-Jan-20 12:55:00 pm,0.01
07-Jan-20 01:30:00 pm,0.02
07-Jan-20 02:05:00 pm,0.02
07-Jan-20 02:40:00 pm,0.01
07-Jan-20 03:15:00 pm,0.01
07-Jan-20 03:50:00 pm,0.02
07-Jan-20 04:25:00 pm,0.01
07-Jan-20 05:00:00 pm,0.02
07-Jan-20 05:35:00 pm,0.02
07-Jan-20 06:10:00 pm,0.01
07-Jan-20 06:45:00 pm,0.01
07-Jan-20 07:20:00 pm,0.01
07-Jan-20 07:55:00 pm,0.00
07-Jan-20 08:30:00 pm,0.00
07-Jan-20 09:05:00 pm,0.01
07-Jan-20 09:40:00 pm,-0.01
07-Jan-20 10:15:00 pm,0.00
07-Jan-20 10:50:00 pm,0.00
07-Jan-20 11:25:00 pm,0.01
08-Jan-20 12:00:00 am,0.01
08-Jan-20 12:35:00 am,0.01
08-Jan-20 01:10:00 am,0.02
08-Jan-20 01:45:00 am,0.01
08-Jan-20 02:20:00 am,0.01
08-Jan-20 02:55:00 am,0.01
08-Jan-20 03:30:00 am,0.01
08-Jan-20 04:05:00 am,0.01
08-Jan-20 04:40:00 am,0.01
08-Jan-20 05:15:00 am,0.02
08-Jan-20 05:50:00 am,0.01
08-Jan-20 06:25:00 am,0.01
08-Jan-20 07:00:00 am,0.02
08-Jan-20 07:35:00 am,0.02
08-Jan-20 08:10:00 am,0.01
08-Jan-20 08:45:00 am,0.02
08-Jan-20 09:20:00 am,0.02
08-Jan-20 09:55:00 am,0.02
08-Jan-20 10:30:00 am,0.01
08-Jan-20 11:05:00 am,0.02
08-Jan-20 11:40:00 am,0.02
08-Jan-20 12:15:00 pm,0.01
08-Jan-20 12:50:00 pm,0.02
08-Jan-20 01:25:00 pm,0.02
08-Jan-20 02:00:00 pm,0.01
08-Jan-20 02:35:00 pm,0.01
08-Jan-20 03:10:00 pm,0.02
08-Jan-20 03:45:00 pm,0.02
08-Jan-20 04:20:00 pm,0.01
08-Jan-20 04:55:00 pm,0.01
08-Jan-20 05:30:00 pm,0.01
08-Jan-20 06:05:00 pm,0.01
08-Jan-20 06:40:00 pm,0.01
08-Jan-20 07:15:00 pm,0.00
08-Jan-20 07:50:00 pm,0.01
08-Jan-20 08:25:00 pm,0.01
08-Jan-20 09:00:00 pm,0.01
08-Jan-20 09:35:00 pm,0.01
08-Jan-20 10:10:00 pm,0.01
08-Jan-20 10:45:00 pm,0.01
08-Jan-20 11:20:00 pm,0.01
08-Jan-20 11:55:00 pm,0.01
09-Jan-20 12:30:00 am,0.01
09-Jan-20 01:05:00 am,0.01
09-Jan-20 01:40:00 am,0.01
09-Jan-20 02:15:00 am,0.01
09-Jan-20 02:50:00 am,0.01
09-Jan-20 03:25:00 am,0.01
09-Jan-20 04:00:00 am,0.01
09-Jan-20 04:35:00 am,0.01
09-Jan-20 05:10:00 am,0.01
09-Jan-20 05:45:00 am,0.01
09-Jan-20 06:20:00 am,0.01
09-Jan-20 06:55:00 am,0.01
09-Jan-20 07:30:00 am,0.01
09-Jan-20 08:05:00 am,0.01
09-Jan-20 08:40:00 am,0.01
09-Jan-20 09:15:00 am,0.01
09-Jan-20 09:50:00 am,0.01
09-Jan-20 10:25:00 am,0.01
09-Jan-20 11:00:00 am,0.01
09-Jan-20 11:35:00 am,0.01
09-Jan-20 12:10:00 pm,0.01
09-Jan-20 12:45:00 pm,0.01
09-Jan-20 01:20:00 pm,0.01
09-Jan-20 01:55:00 pm,0.01
09-Jan-20 02:30:00 pm,0.01
09-Jan-20 03:05:00 pm,0.01
09-Jan-20 03:40:00 pm,0.01
09-Jan-20 04:15:00 pm,0.01
09-Jan-20 04:50:00 pm,0.01
09-Jan-20 05:25:00 pm,0.01
09-Jan-20 06:00:00 pm,0.01
09-Jan-20 06:35:00 pm,0.00
09-Jan-20 07:10:00 pm,0.01
09-Jan-20 07:45:00 pm,0.01
09-Jan-20 08:20:00 pm,0.01
09-Jan-20 08:55:00 pm,0.01
09-Jan-20 09:30:00 pm,0.01
09-Jan-20 10:05:00 pm,0.01
09-Jan-20 10:40:00 pm,0.01
09-Jan-20 11:15:00 pm,0.01
09-Jan-20 11:50:00 pm,0.01
10-Jan-20 12:25:00 am,0.01
10-Jan-20 01:00:00 am,0.01
10-Jan-20 01:35:00 am,0.01
10-Jan-20 02:10:00 am,0.01
10-Jan-20 02:45:00 am,0.01
10-Jan-20 03:20:00 am,0.01
10-Jan-20 03:55:00 am,0.01
10-Jan-20 04:30:00 am,0.01
10-Jan-20 05:05:00 am,0.01
10-Jan-20 05:40:00 am,0.02
10-Jan-20 06:15:00 am,0.01
10-Jan-20 06:50:00 am,0.02
10-Jan-20 07:25:00 am,0.01
10-Jan-20 08:00:00 am,0.01
10-Jan-20 08:35:00 am,0.01
10-Jan-20 09:10:00 am,0.01
10-Jan-20 09:45:00 am,0.01
10-Jan-20 10:20:00 am,0.01
10-Jan-20 10:55:00 am,0.01
10-Jan-20 11:30:00 am,0.01
10-Jan-20 12:05:00 pm,0.01
10-Jan-20 12:40:00 pm,0.01
10-Jan-20 01:15:00 pm,0.02
10-Jan-20 01:50:00 pm,0.02
10-Jan-20 02:25:00 pm,0.02
10-Jan-20 03:00:00 pm,0.02
10-Jan-20 03:35:00 pm,0.01
10-Jan-20 04:10:00 pm,0.01
10-Jan-20 04:45:00 pm,0.01
10-Jan-20 05:20:00 pm,0.01
10-Jan-20 05:55:00 pm,0.01
10-Jan-20 06:30:00 pm,0.00
10-Jan-20 07:05:00 pm,0.03
10-Jan-20 07:40:00 pm,0.02
10-Jan-20 08:15:00 pm,0.00
10-Jan-20 08:50:00 pm,0.01
10-Jan-20 09:25:00 pm,0.00
10-Jan-20 10:00:00 pm,0.00
10-Jan-20 10:35:00 pm,0.01
10-Jan-20 11:10:00 pm,0.00
10-Jan-20 11:45:00 pm,0.01
11-Jan-20 12:20:00 am,0.02
11-Jan-20 12:55:00 am,0.01
11-Jan-20 01:30:00 am,0.01
11-Jan-20 02:05:00 am,0.00
11-Jan-20 02:40:00 am,0.01
11-Jan-20 03:15:00 am,0.02
11-Jan-20 03:50:00 am,0.02
11-Jan-20 04:25:00 am,0.00
11-Jan-20 05:00:00 am,0.00
11-Jan-20 05:35:00 am,0.00
11-Jan-20 06:10:00 am,0.00
11-Jan-20 06:45:00 am,0.00
11-Jan-20 07:20:00 am,0.00
11-Jan-20 07:55:00 am,0.00
11-Jan-20 08:30:00 am,-0.00
11-Jan-20 09:05:00 am,0.00
11-Jan-20 09:40:00 am,0.01
11-Jan-20 10:15:00 am,0.00
11-Jan-20 10:50:00 am,0.00
11-Jan-20 11:25:00 am,0.00
11-Jan-20 12:00:00 pm,0.01
11-Jan-20 12:35:00 pm,-0.00
11-Jan-20 01:10:00 pm,0.00
11-Jan-20 01:45:00 pm,0.01
11-Jan-20 02:20:00 pm,-0.01
11-Jan-20 02:55:00 pm,0.00
11-Jan-20 03:30:00 pm,0.01
11-Jan-20 04:05:00 pm,0.01
11-Jan-20 04:40:00 pm,0.01
11-Jan-20 05:15:00 pm,0.01
11-Jan-20 05:50:00 pm,0.00
11-Jan-20 06:25:00 pm,0.01
11-Jan-20 07:00:00 pm,0.01
11-Jan-20 07:35:00 pm,0.01
11-Jan-20 08:10:00 pm,0.00
11-Jan-20 08:45:00 pm,0.01
11-Jan-20 09:20:00 pm,0.01
11-Jan-20 09:55:00 pm,0.01
11-Jan-20 10:30:00 pm,0.01
11-Jan-20 11:05:00 pm,0.01
11-Jan-20 11:40:00 pm,0.01
12-Jan-20 12:15:00 am,0.01
12-Jan-20 12:50:00 am,0.00
12-Jan-20 01:25:00 am,0.01
12-Jan-20 02:00:00 am,0.01
12-Jan-20 02:35:00 am,0.01
12-Jan-20 03:10:00 am,0.01
12-Jan-20 03:45:00 am,0.00
12-Jan-20 04:20:00 am,0.00
12-Jan-20 04:55:00 am,0.01
12-Jan-20 05:30:00 am,0.01
12-Jan-20 06:05:00 am,0.01
12-Jan-20 06:40:00 am,0.01
12-Jan-20 07:15:00 am,0.01
12-Jan-20 07:50:00 am,0.01
12-Jan-20 08:25:00 am,0.01
12-Jan-20 09:00:00 am,0.01
12-Jan-20 09:35:00 am,0.01
12-Jan-20 10:10:00 am,0.01
12-Jan-20 10:45:00 am,0.01
12-Jan-20 11:20:00 am,0.01
12-Jan-20 11:55:00 am,0.01
12-Jan-20 12:30:00 pm,0.01
12-Jan-20 01:05:00 pm,0.01
12-Jan-20 01:40:00 pm,0.02
12-Jan-20 02:15:00 pm,0.01
12-Jan-20 02:50:00 pm,0.01
12-Jan-20 03:25:00 pm,0.01
12-Jan-20 04:00:00 pm,0.01
12-Jan-20 04:35:00 pm,0.01
12-Jan-20 05:10:00 pm,0.01
12-Jan-20 05:45:00 pm,0.01
12-Jan-20 06:20:00 pm,0.01
12-Jan-20 06:55:00 pm,0.01
12-Jan-20 07:30:00 pm,0.01
12-Jan-20 08:05:00 pm,0.02
12-Jan-20 08:40:00 pm,0.01
12-Jan-20 09:15:00 pm,0.01
12-Jan-20 09:50:00 pm,0.01
12-Jan-20 10:25:00 pm,0.01
12-Jan-20 11:00:00 pm,0.01
12-Jan-20 11:35:00 pm,0.01
13-Jan-20 12:10:00 am,0.01
13-Jan-20 12:45:00 am,0.01
13-Jan-20 01:20:00 am,0.01
13-Jan-20 01:55:00 am,0.01
13-Jan-20 02:30:00 am,0.01
13-Jan-20 03:05:00 am,0.01
13-Jan-20 03:40:00 am,0.01
13-Jan-20 04:15:00 am,0.01
13-Jan-20 04:50:00 am,0.02
13-Jan-20 05:25:00 am,0.01
13-Jan-20 06:00:00 am,0.02
13-Jan-20 06:35:00 am,0.02
13-Jan-20 07:10:00 am,0.02
13-Jan-20 07:45:00 am,0.02
13-Jan-20 08:20:00 am,0.02
13-Jan-20 08:55:00 am,0.02
13-Jan-20 09:30:00 am,0.01
13-Jan-20 10:05:00 am,0.01
13-Jan-20 10:40:00 am,0.01
13-Jan-20 11:15:00 am,0.01
13-Jan-20 11:50:00 am,0.01
13-Jan-20 12:25:00 pm,0.02
13-Jan-20 01:00:00 pm,0.01
13-Jan-20 01:35:00 pm,0.01
13-Jan-20 02:10:00 pm,0.01
13-Jan-20 02:45:00 pm,0.01
13-Jan-20 03:20:00 pm,0.01
13-Jan-20 03:55:00 pm,0.01
13-Jan-20 04:30:00 pm,0.01
13-Jan-20 05:05:00 pm,0.01
13-Jan-20 05:40:00 pm,0.02
13-Jan-20 06:15:00 pm,0.01
13-Jan-20 06:50:00 pm,0.01
13-Jan-20 07:25:00 pm,0.01
13-Jan-20 08:00:00 pm,0.01
13-Jan-20 08:35:00 pm,0.01
13-Jan-20 09:10:00 pm,0.01
13-Jan-20 09:45:00 pm,0.01
13-Jan-20 10:20:00 pm,0.01
13-Jan-20 10:55:00 pm,0.01
13-Jan-20 11:30:00 pm,0.01
14-Jan-20 12:05:00 am,0.01
14-Jan-20 12:40:00 am,0.01
14-Jan-20 01:15:00 am,0.01
14-Jan-20 01:50:00 am,0.01
14-Jan-20 02:25:00 am,0.01
14-Jan-20 03:00:00 am,0.01
14-Jan-20 03:35:00 am,0.01
14-Jan-20 04:10:00 am,0.02
14-Jan-20 04:45:00 am,0.02
14-Jan-20 05:20:00 am,0.02
14-Jan-20 05:55:00 am,0.02
14-Jan-20 06:30:00 am,0.02
14-Jan-20 07:05:00 am,0.02
14-Jan-20 07:40:00 am,0.02
14-Jan-20 08:15:00 am,0.02
14-Jan-20 08:50:00 am,0.02
14-Jan-20 09:25:00 am,0.02
14-Jan-20 10:00:00 am,0.02
14-Jan-20 10:35:00 am,0.02
14-Jan-20 11:10:00 am,0.02
14-Jan-20 11:45:00 am,0.02
14-Jan-20 12:20:00 pm,0.02
14-Jan-20 12:55:00 pm,0.02
14-Jan-20 01:30:00 pm,0.02
14-Jan-20 02:05:00 pm,0.02
14-Jan-20 02:40:00 pm,0.02
14-Jan-20 03:15:00 pm,0.02
14-Jan-20 03:50:00 pm,0.02
14-Jan-20 04:25:00 pm,0.01
14-Jan-20 05:00:00 pm,0.02
14-Jan-20 05:35:00 pm,0.01
14-Jan-20 06:10:00 pm,0.01
14-Jan-20 06:45:00 pm,0.01
14-Jan-20 07:20:00 pm,0.01
14-Jan-20 07:55:00 pm,0.01
14-Jan-20 08:30:00 pm,0.01
14-Jan-20 09:05:00 pm,0.00
14-Jan-20 09:40:00 pm,0.02
14-Jan-20 10:15:00 pm,0.02
14-Jan-20 10:50:00 pm,0.01
14-Jan-20 11:25:00 pm,0.02
15-Jan-20 12:00:00 am,0.01
15-Jan-20 12:35:00 am,0.02
15-Jan-20 01:10:00 am,0.01
15-Jan-20 01:45:00 am,0.01
15-Jan-20 02:20:00 am,0.01
15-Jan-20 02:55:00 am,0.01
15-Jan-20 03:30:00 am,0.01
15-Jan-20 04:05:00 am,0.01
15-Jan-20 04:40:00 am,0.01
15-Jan-20 05:15:00 am,0.01
15-Jan-20 05:50:00 am,0.02
15-Jan-20 06:25:00 am,0.01
15-Jan-20 07:00:00 am,0.02
15-Jan-20 07:35:00 am,0.02
15-Jan-20 08:10:00 am,0.02
15-Jan-20 08:45:00 am,0.01
15-Jan-20 09:20:00 am,0.02
15-Jan-20 09:55:00 am,0.01
15-Jan-20 10:30:00 am,0.01
15-Jan-20 11:05:00 am,0.01
15-Jan-20 11:40:00 am,0.02
15-Jan-20 12:15:00 pm,0.01
15-Jan-20 12:50:00 pm,0.03
15-Jan-20 01:25:00 pm,0.02
15-Jan-20 02:00:00 pm,0.02
15-Jan-20 02:35:00 pm,0.02
15-Jan-20 03:10:00 pm,0.01
15-Jan-20 03:45:00 pm,0.01
15-Jan-20 04:20:00 pm,0.01
15-Jan-20 04:55:00 pm,0.01
15-Jan-20 05:30:00 pm,0.01
15-Jan-20 06:05:00 pm,0.01
15-Jan-20 06:40:00 pm,0.01
15-Jan-20 07:15:00 pm,0.01
15-Jan-20 07:50:00 pm,0.01
15-Jan-20 08:25:00 pm,0.01
15-Jan-20 09:00:00 pm,-0.00
15-Jan-20 09:35:00 pm,0.00
15-Jan-20 10:10:00 pm,0.00
15-Jan-20 10:45:00 pm,0.01
15-Jan-20 11:20:00 pm,0.01
15-Jan-20 11:55:00 pm,0.00
16-Jan-20 12:30:00 am,0.01
16-Jan-20 01:05:00 am,0.00
16-Jan-20 01:40:00 am,0.01
16-Jan-20 02:15:00 am,0.01
16-Jan-20 02:50:00 am,0.00
16-Jan-20 03:25:00 am,0.01
16-Jan-20 04:00:00 am,0.01
16-Jan-20 04:35:00 am,0.01
16-Jan-20 05:10:00 am,0.01
16-Jan-20 05:45:00 am,0.01
16-Jan-20 06:20:00 am,0.01
16-Jan-20 06:55:00 am,0.01
16-Jan-20 07:30:00 am,0.01
16-Jan-20 08:05:00 am,0.01
16-Jan-20 08:40:00 am,0.01
16-Jan-20 09:15:00 am,0.01
16-Jan-20 09:50:00 am,0.01
16-Jan-20 10:25:00 am,0.01
16-Jan-20 11:00:00 am,0.01
16-Jan-20 11:35:00 am,0.02
16-Jan-20 12:10:00 pm,0.01
16-Jan-20 12:45:00 pm,0.01
16-Jan-20 01:20:00 pm,0.02
16-Jan-20 01:55:00 pm,0.02
16-Jan-20 02:30:00 pm,0.02
16-Jan-20 03:05:00 pm,0.01
16-Jan-20 03:40:00 pm,0.01
16-Jan-20 04:15:00 pm,0.01
16-Jan-20 04:50:00 pm,0.01
16-Jan-20 05:25:00 pm,0.01
16-Jan-20 06:00:00 pm,0.01
16-Jan-20 06:35:00 pm,0.00
16-Jan-20 07:10:00 pm,0.00
16-Jan-20 07:45:00 pm,0.01
16-Jan-20 08:20:00 pm,0.01
16-Jan-20 08:55:00 pm,0.01
16-Jan-20 09:30:00 pm,0.01
16-Jan-20 10:05:00 pm,0.01
16-Jan-20 10:40:00 pm,0.01
16-Jan-20 11:15:00 pm,0.01
16-Jan-20 11:50:00 pm,0.01
17-Jan-20 12:25:00 am,0.01
17-Jan-20 01:00:00 am,0.01
17-Jan-20 01:35:00 am,0.01
17-Jan-20 02:10:00 am,0.01
17-Jan-20 02:45:00 am,0.01
17-Jan-20 03:20:00 am,0.01
17-Jan-20 03:55:00 am,0.01
17-Jan-20 04:30:00 am,0.01
17-Jan-20 05:05:00 am,0.01
17-Jan-20 05:40:00 am,0.01
17-Jan-20 06:15:00 am,0.01
17-Jan-20 06:50:00 am,0.01
17-Jan-20 07:25:00 am,0.01
17-Jan-20 08:00:00 am,0.01
17-Jan-20 08:35:00 am,0.01
17-Jan-20 09:10:00 am,0.01
17-Jan-20 09:45:00 am,0.01
17-Jan-20 10:20:00 am,0.01
17-Jan-20 10:55:00 am,0.01
17-Jan-20 11:30:00 am,0.01
17-Jan-20 12:05:00 pm,0.01
17-Jan-20 12:40:00 pm,0.01
17-Jan-20 01:15:00 pm,0.01
17-Jan-20 01:50:00 pm,0.01
17-Jan-20 02:25:00 pm,0.01
17-Jan-20 03:00:00 pm,0.01
17-Jan-20 03:35:00 pm,0.01
17-Jan-20 04:10:00 pm,0.01
17-Jan-20 04:45:00 pm,0.01
17-Jan-20 05:20:00 pm,0.01
17-Jan-20 05:55:00 pm,0.01
17-Jan-20 06:30:00 pm,0.00
17-Jan-20 07:05:00 pm,0.00
17-Jan-20 07:40:00 pm,0.00
17-Jan-20 08:15:00 pm,0.00
17-Jan-20 08:50:00 pm,0.00
17-Jan-20 09:25:00 pm,0.00
17-Jan-20 10:00:00 pm,0.00
17-Jan-20 10:35:00 pm,0.00
17-Jan-20 11:10:00 pm,0.00
17-Jan-20 11:45:00 pm,0.00
18-Jan-20 12:20:00 am,0.00
18-Jan-20 12:55:00 am,0.00
18-Jan-20 01:30:00 am,0.01
18-Jan-20 02:05:00 am,0.01
18-Jan-20 02:40:00 am,0.00
18-Jan-20 03:15:00 am,0.00
18-Jan-20 03:50:00 am,0.00
18-Jan-20 04:25:00 am,0.00
18-Jan-20 05:00:00 am,0.00
18-Jan-20 05:35:00 am,0.00
18-Jan-20 06:10:00 am,0.00
18-Jan-20 06:45:00 am,0.00
18-Jan-20 07:20:00 am,0.00
18-Jan-20 07:55:00 am,0.00
18-Jan-20 08:30:00 am,0.00
18-Jan-20 09:05:00 am,0.00
18-Jan-20 09:40:00 am,0.00
18-Jan-20 10:15:00 am,0.00
18-Jan-20 10:50:00 am,0.00
18-Jan-20 11:25:00 am,0.00
18-Jan-20 12:00:00 pm,0.00
18-Jan-20 12:35:00 pm,0.01
18-Jan-20 01:10:00 pm,-0.00
18-Jan-20 01:45:00 pm,0.00
18-Jan-20 02:20:00 pm,0.00
18-Jan-20 02:55:00 pm,0.00
18-Jan-20 03:30:00 pm,0.00
18-Jan-20 04:05:00 pm,-0.00
18-Jan-20 04:40:00 pm,0.00
18-Jan-20 05:15:00 pm,0.00
18-Jan-20 05:50:00 pm,0.00
18-Jan-20 06:25:00 pm,0.00
18-Jan-20 07:00:00 pm,0.00
18-Jan-20 07:35:00 pm,0.00
18-Jan-20 08:10:00 pm,0.00
18-Jan-20 08:45:00 pm,0.00
18-Jan-20 09:20:00 pm,0.00
18-Jan-20 09:55:00 pm,0.00
18-Jan-20 10:30:00 pm,0.01
18-Jan-20 11:05:00 pm,0.00
18-Jan-20 11:40:00 pm,0.00
19-Jan-20 12:15:00 am,0.00
19-Jan-20 12:50:00 am,0.01
19-Jan-20 01:25:00 am,0.00
19-Jan-20 02:00:00 am,0.00
19-Jan-20 02:35:00 am,0.00
19-Jan-20 03:10:00 am,0.01
19-Jan-20 03:45:00 am,0.00
19-Jan-20 04:20:00 am,0.01
19-Jan-20 04:55:00 am,0.00
19-Jan-20 05:30:00 am,0.00
19-Jan-20 06:05:00 am,0.00
19-Jan-20 06:40:00 am,0.01
19-Jan-20 07:15:00 am,0.00
19-Jan-20 07:50:00 am,0.00
19-Jan-20 08:25:00 am,0.00
19-Jan-20 09:00:00 am,0.00
19-Jan-20 09:35:00 am,0.00
19-Jan-20 10:10:00 am,0.00
19-Jan-20 10:45:00 am,0.00
19-Jan-20 11:20:00 am,0.00
19-Jan-20 11:55:00 am,0.00
19-Jan-20 12:30:00 pm,0.00
19-Jan-20 01:05:00 pm,0.00
19-Jan-20 01:40:00 pm,0.00
19-Jan-20 02:15:00 pm,0.00
19-Jan-20 02:50:00 pm,0.00
19-Jan-20 03:25:00 pm,0.00
19-Jan-20 04:00:00 pm,0.00
19-Jan-20 04:35:00 pm,0.00
19-Jan-20 05:10:00 pm,0.00
19-Jan-20 05:45:00 pm,0.00
19-Jan-20 06:20:00 pm,0.00
19-Jan-20 06:55:00 pm,0.00
19-Jan-20 07:30:00 pm,0.00
19-Jan-20 08:05:00 pm,0.00
19-Jan-20 08:40:00 pm,0.00
19-Jan-20 09:15:00 pm,0.00
19-Jan-20 09:50:00 pm,0.01
19-Jan-20 10:25:00 pm,0.00
19-Jan-20 11:00:00 pm,0.00
19-Jan-20 11:35:00 pm,0.01
20-Jan-20 12:10:00 am,0.01
20-Jan-20 12:45:00 am,0.00
20-Jan-20 01:20:00 am,0.00
20-Jan-20 01:55:00 am,0.00
20-Jan-20 02:30:00 am,0.00
20-Jan-20 03:05:00 am,0.00
20-Jan-20 03:40:00 am,0.01
20-Jan-20 04:15:00 am,0.01
20-Jan-20 04:50:00 am,0.01
20-Jan-20 05:25:00 am,0.01
20-Jan-20 06:00:00 am,0.00
20-Jan-20 06:35:00 am,0.01
20-Jan-20 07:10:00 am,0.01
20-Jan-20 07:45:00 am,0.00
20-Jan-20 08:20:00 am,0.01
20-Jan-20 08:55:00 am,0.00
20-Jan-20 09:30:00 am,0.00
20-Jan-20 10:05:00 am,0.00
20-Jan-20 10:40:00 am,0.01
20-Jan-20 11:15:00 am,0.01
20-Jan-20 11:50:00 am,0.00
20-Jan-20 12:25:00 pm,0.01
20-Jan-20 01:00:00 pm,0.00
20-Jan-20 01:35:00 pm,0.01
20-Jan-20 02:10:00 pm,0.00
20-Jan-20 02:45:00 pm,0.00
20-Jan-20 03:20:00 pm,0.01
20-Jan-20 03:55:00 pm,0.01
20-Jan-20 04:30:00 pm,0.00
20-Jan-20 05:05:00 pm,0.01
20-Jan-20 05:40:00 pm,0.01
20-Jan-20 06:15:00 pm,0.00
20-Jan-20 06:50:00 pm,0.00
20-Jan-20 07:25:00 pm,0.00
20-Jan-20 08:00:00 pm,0.00
20-Jan-20 08:35:00 pm,0.00
20-Jan-20 09:10:00 pm,-0.00
20-Jan-20 09:45:00 pm,-0.00
20-Jan-20 10:20:00 pm,0.00
20-Jan-20 10:55:00 pm,0.00
20-Jan-20 11:30:00 pm,0.00
21-Jan-20 12:05:00 am,0.00
21-Jan-20 12:40:00 am,0.00
21-Jan-20 01:15:00 am,0.01
21-Jan-20 01:50:00 am,0.00
21-Jan-20 02:25:00 am,0.00
21-Jan-20 03:00:00 am,0.00
21-Jan-20 03:35:00 am,0.00
21-Jan-20 04:10:00 am,0.01
21-Jan-20 04:45:00 am,0.01
21-Jan-20 05:20:00 am,0.01
21-Jan-20 05:55:00 am,0.01
21-Jan-20 06:30:00 am,0.01
21-Jan-20 07:05:00 am,0.00
21-Jan-20 07:40:00 am,0.01
21-Jan-20 08:15:00 am,0.01
21-Jan-20 08:50:00 am,0.00
21-Jan-20 09:25:00 am,0.01
21-Jan-20 10:00:00 am,0.01
21-Jan-20 10:35:00 am,0.01
21-Jan-20 11:10:00 am,0.00
21-Jan-20 11:45:00 am,0.01
21-Jan-20 12:20:00 pm,0.01
21-Jan-20 12:55:00 pm,0.01
21-Jan-20 01:30:00 pm,0.02
21-Jan-20 02:05:00 pm,0.01
21-Jan-20 02:40:00 pm,0.01
21-Jan-20 03:15:00 pm,0.01
21-Jan-20 03:50:00 pm,0.01
21-Jan-20 04:25:00 pm,0.01
21-Jan-20 05:00:00 pm,0.01
21-Jan-20 05:35:00 pm,0.02
21-Jan-20 06:10:00 pm,0.01
21-Jan-20 06:45:00 pm,0.01
21-Jan-20 07:20:00 pm,0.00
21-Jan-20 07:55:00 pm,0.02
21-Jan-20 08:30:00 pm,0.00
21-Jan-20 09:05:00 pm,0.00
21-Jan-20 09:40:00 pm,0.01
21-Jan-20 10:15:00 pm,0.00
21-Jan-20 10:50:00 pm,-0.01
21-Jan-20 11:25:00 pm,0.02
22-Jan-20 12:00:00 am,0.01
22-Jan-20 12:35:00 am,0.01
22-Jan-20 01:10:00 am,0.01
22-Jan-20 01:45:00 am,0.01
22-Jan-20 02:20:00 am,0.02
22-Jan-20 02:55:00 am,0.00
22-Jan-20 03:30:00 am,0.00
22-Jan-20 04:05:00 am,0.01
22-Jan-20 04:40:00 am,0.01
22-Jan-20 05:15:00 am,0.01
22-Jan-20 05:50:00 am,0.03
22-Jan-20 06:25:00 am,0.01
22-Jan-20 07:00:00 am,0.01
22-Jan-20 07:35:00 am,0.01
22-Jan-20 08:10:00 am,0.01
22-Jan-20 08:45:00 am,0.01
22-Jan-20 09:20:00 am,0.01
22-Jan-20 09:55:00 am,0.01
22-Jan-20 10:30:00 am,0.01
22-Jan-20 11:05:00 am,0.01
22-Jan-20 11:40:00 am,0.01
22-Jan-20 12:15:00 pm,0.01
22-Jan-20 12:50:00 pm,0.01
22-Jan-20 01:25:00 pm,0.01
22-Jan-20 02:00:00 pm,0.01
22-Jan-20 02:35:00 pm,0.01
22-Jan-20 03:10:00 pm,0.01
22-Jan-20 03:45:00 pm,0.01
22-Jan-20 04:20:00 pm,0.01
22-Jan-20 04:55:00 pm,0.01
22-Jan-20 05:30:00 pm,0.01
22-Jan-20 06:05:00 pm,0.00
22-Jan-20 06:40:00 pm,0.00
22-Jan-20 07:15:00 pm,0.00
22-Jan-20 07:50:00 pm,0.00
22-Jan-20 08:25:00 pm,0.00
22-Jan-20 09:00:00 pm,0.00
22-Jan-20 09:35:00 pm,-0.02
22-Jan-20 10:10:00 pm,-0.01
22-Jan-20 10:45:00 pm,0.00
22-Jan-20 11:20:00 pm,0.00
22-Jan-20 11:55:00 pm,0.00
23-Jan-20 12:30:00 am,0.00
23-Jan-20 01:05:00 am,0.00
23-Jan-20 01:40:00 am,0.00
23-Jan-20 02:15:00 am,0.00
23-Jan-20 02:50:00 am,0.00
23-Jan-20 03:25:00 am,0.00
23-Jan-20 04:00:00 am,0.00
23-Jan-20 04:35:00 am,0.01
23-Jan-20 05:10:00 am,0.01
23-Jan-20 05:45:00 am,0.01
23-Jan-20 06:20:00 am,0.01
23-Jan-20 06:55:00 am,0.00
23-Jan-20 07:30:00 am,0.00
23-Jan-20 08:05:00 am,0.00
23-Jan-20 08:40:00 am,0.00
23-Jan-20 09:15:00 am,0.01
23-Jan-20 09:50:00 am,0.01
23-Jan-20 10:25:00 am,0.00
23-Jan-20 11:00:00 am,0.01
23-Jan-20 11:35:00 am,0.00
23-Jan-20 12:10:00 pm,0.00
23-Jan-20 12:45:00 pm,0.00
23-Jan-20 01:20:00 pm,0.01
23-Jan-20 01:55:00 pm,0.00
23-Jan-20 02:30:00 pm,0.00
23-Jan-20 03:05:00 pm,0.00
23-Jan-20 03:40:00 pm,-0.00
23-Jan-20 04:15:00 pm,0.00
23-Jan-20 04:50:00 pm,0.00
23-Jan-20 05:25:00 pm,0.00
23-Jan-20 06:00:00 pm,0.01
23-Jan-20 06:35:00 pm,-0.00
23-Jan-20 07:10:00 pm,0.00
23-Jan-20 07:45:00 pm,0.00
23-Jan-20 08:20:00 pm,-0.00
23-Jan-20 08:55:00 pm,-0.00
23-Jan-20 09:30:00 pm,-0.00
23-Jan-20 10:05:00 pm,-0.01
23-Jan-20 10:40:00 pm,0.00
23-Jan-20 11:15:00 pm,0.00
23-Jan-20 11:50:00 pm,0.00
24-Jan-20 12:25:00 am,0.00
24-Jan-20 01:00:00 am,0.01
24-Jan-20 01:35:00 am,0.00
24-Jan-20 02:10:00 am,0.00
24-Jan-20 02:45:00 am,0.00
24-Jan-20 03:20:00 am,0.00
24-Jan-20 03:55:00 am,0.01
24-Jan-20 04:30:00 am,0.01
24-Jan-20 05:05:00 am,0.02
24-Jan-20 05:40:00 am,0.01
24-Jan-20 06:15:00 am,0.01
24-Jan-20 06:50:00 am,0.01
24-Jan-20 07:25:00 am,0.01
24-Jan-20 08:00:00 am,0.02
24-Jan-20 08:35:00 am,0.01
24-Jan-20 09:10:00 am,0.01
24-Jan-20 09:45:00 am,0.01
24-Jan-20 10:20:00 am,0.01
24-Jan-20 10:55:00 am,0.01
24-Jan-20 11:30:00 am,0.01
24-Jan-20 12:05:00 pm,0.01
24-Jan-20 12:40:00 pm,0.02
24-Jan-20 01:15:00 pm,0.03
24-Jan-20 01:50:00 pm,0.01
24-Jan-20 02:25:00 pm,0.01
24-Jan-20 03:00:00 pm,0.02
24-Jan-20 03:35:00 pm,0.01
24-Jan-20 04:10:00 pm,0.01
24-Jan-20 04:45:00 pm,0.01
24-Jan-20 05:20:00 pm,0.01
24-Jan-20 05:55:00 pm,0.00
24-Jan-20 06:30:00 pm,-0.00
24-Jan-20 07:05:00 pm,0.00
24-Jan-20 07:40:00 pm,0.00
24-Jan-20 08:15:00 pm,0.00
24-Jan-20 08:50:00 pm,0.00
24-Jan-20 09:25:00 pm,0.00
24-Jan-20 10:00:00 pm,0.00
24-Jan-20 10:35:00 pm,0.00
24-Jan-20 11:10:00 pm,0.00
24-Jan-20 11:45:00 pm,0.00
25-Jan-20 12:20:00 am,0.00
25-Jan-20 12:55:00 am,0.00
25-Jan-20 01:30:00 am,0.00
25-Jan-20 02:05:00 am,0.00
25-Jan-20 02:40:00 am,0.00
25-Jan-20 03:15:00 am,0.00
25-Jan-20 03:50:00 am,0.00
25-Jan-20 04:25:00 am,0.00
25-Jan-20 05:00:00 am,0.00
25-Jan-20 05:35:00 am,0.00
25-Jan-20 06:10:00 am,0.00
25-Jan-20 06:45:00 am,0.00
25-Jan-20 07:20:00 am,0.00
25-Jan-20 07:55:00 am,0.00
25-Jan-20 08:30:00 am,0.00
25-Jan-20 09:05:00 am,0.00
25-Jan-20 09:40:00 am,0.00
25-Jan-20 10:15:00 am,0.00
25-Jan-20 10:50:00 am,0.00
25-Jan-20 11:25:00 am,0.00
25-Jan-20 12:00:00 pm,0.00
25-Jan-20 12:35:00 pm,0.00
25-Jan-20 01:10:00 pm,0.00
25-Jan-20 01:45:00 pm,0.00
25-Jan-20 02:20:00 pm,0.00
25-Jan-20 02:55:00 pm,0.00
25-Jan-20 03:30:00 pm,0.00
25-Jan-20 04:05:00 pm,0.00
25-Jan-20 04:40:00 pm,0.00
25-Jan-20 05:15:00 pm,0.00
25-Jan-20 05:50:00 pm,0.00
25-Jan-20 06:25:00 pm,0.00
25-Jan-20 07:00:00 pm,0.00
25-Jan-20 07:35:00 pm,0.00
25-Jan-20 08:10:00 pm,0.00
25-Jan-20 08:45:00 pm,0.00
25-Jan-20 09:20:00 pm,0.00
25-Jan-20 09:55:00 pm,0.00
25-Jan-20 10:30:00 pm,0.00
25-Jan-20 11:05:00 pm,0.00
25-Jan-20 11:40:00 pm,-0.00
26-Jan-20 12:15:00 am,0.00
26-Jan-20 12:50:00 am,0.00
26-Jan-20 01:25:00 am,0.00
26-Jan-20 02:00:00 am,0.00
26-Jan-20 02:35:00 am,0.00
26-Jan-20 03:10:00 am,-0.00
26-Jan-20 03:45:00 am,0.00
26-Jan-20 04:20:00 am,-0.00
26-Jan-20 04:55:00 am,0.00
26-Jan-20 05:30:00 am,0.00
26-Jan-20 06:05:00 am,-0.00
26-Jan-20 06:40:00 am,0.00
26-Jan-20 07:15:00 am,-0.00
26-Jan-20 07:50:00 am,0.01
26-Jan-20 08:25:00 am,0.01
26-Jan-20 09:00:00 am,0.01
26-Jan-20 09:35:00 am,0.01
26-Jan-20 10:10:00 am,0.00
26-Jan-20 10:45:00 am,0.00
26-Jan-20 11:20:00 am,0.00
26-Jan-20 11:55:00 am,0.01
26-Jan-20 12:30:00 pm,0.00
26-Jan-20 01:05:00 pm,0.02
26-Jan-20 01:40:00 pm,0.03
26-Jan-20 02:15:00 pm,0.02
26-Jan-20 02:50:00 pm,0.00
26-Jan-20 03:25:00 pm,0.00
26-Jan-20 04:00:00 pm,0.00
26-Jan-20 04:35:00 pm,0.00
26-Jan-20 05:10:00 pm,0.00
26-Jan-20 05:45:00 pm,-0.00
26-Jan-20 06:20:00 pm,-0.01
26-Jan-20 06:55:00 pm,0.00
26-Jan-20 07:30:00 pm,0.00
26-Jan-20 08:05:00 pm,0.00
26-Jan-20 08:40:00 pm,0.01
26-Jan-20 09:15:00 pm,0.00
26-Jan-20 09:50:00 pm,0.01
26-Jan-20 10:25:00 pm,0.02
26-Jan-20 11:00:00 pm,0.01
26-Jan-20 11:35:00 pm,0.00
27-Jan-20 12:10:00 am,0.01
27-Jan-20 12:45:00 am,0.01
27-Jan-20 01:20:00 am,0.00
27-Jan-20 01:55:00 am,0.01
27-Jan-20 02:30:00 am,0.01
27-Jan-20 03:05:00 am,0.01
27-Jan-20 03:40:00 am,0.00
27-Jan-20 04:15:00 am,0.01
27-Jan-20 04:50:00 am,0.01
27-Jan-20 05:25:00 am,0.01
27-Jan-20 06:00:00 am,0.01
27-Jan-20 06:35:00 am,0.01
27-Jan-20 07:10:00 am,0.01
27-Jan-20 07:45:00 am,0.01
27-Jan-20 08:20:00 am,0.01
27-Jan-20 08:55:00 am,0.01
27-Jan-20 09:30:00 am,0.01
27-Jan-20 10:05:00 am,0.01
27-Jan-20 10:40:00 am,0.01
27-Jan-20 11:15:00 am,0.00
27-Jan-20 11:50:00 am,0.01
27-Jan-20 12:25:00 pm,0.01
27-Jan-20 01:00:00 pm,0.00
27-Jan-20 01:35:00 pm,0.00
27-Jan-20 02:10:00 pm,0.00
27-Jan-20 02:45:00 pm,0.00
27-Jan-20 03:20:00 pm,0.01
27-Jan-20 03:55:00 pm,0.01
27-Jan-20 04:30:00 pm,0.01
27-Jan-20 05:05:00 pm,0.01
27-Jan-20 05:40:00 pm,0.01
27-Jan-20 06:15:00 pm,0.01
27-Jan-20 06:50:00 pm,0.01
27-Jan-20 07:25:00 pm,0.00
27-Jan-20 08:00:00 pm,0.00
27-Jan-20 08:35:00 pm,0.00
27-Jan-20 09:10:00 pm,0.00
27-Jan-20 09:45:00 pm,-0.00
27-Jan-20 10:20:00 pm,-0.00
27-Jan-20 10:55:00 pm,0.00
27-Jan-20 11:30:00 pm,0.01
28-Jan-20 12:05:00 am,0.00
28-Jan-20 12:40:00 am,0.00
28-Jan-20 01:15:00 am,0.00
28-Jan-20 01:50:00 am,0.02
28-Jan-20 02:25:00 am,0.00
28-Jan-20 03:00:00 am,0.00
28-Jan-20 03:35:00 am,0.00
28-Jan-20 04:10:00 am,0.01
28-Jan-20 04:45:00 am,0.01
28-Jan-20 05:20:00 am,0.01
28-Jan-20 05:55:00 am,0.01
28-Jan-20 06:30:00 am,0.01
28-Jan-20 07:05:00 am,0.01
28-Jan-20 07:40:00 am,0.01
28-Jan-20 08:15:00 am,0.01
28-Jan-20 08:50:00 am,0.01
28-Jan-20 09:25:00 am,0.01
28-Jan-20 10:00:00 am,0.01
28-Jan-20 10:35:00 am,0.01
28-Jan-20 11:10:00 am,0.01
28-Jan-20 11:45:00 am,0.00
28-Jan-20 12:20:00 pm,0.01
28-Jan-20 12:55:00 pm,0.01
28-Jan-20 01:30:00 pm,0.01
28-Jan-20 02:05:00 pm,0.01
28-Jan-20 02:40:00 pm,0.00
28-Jan-20 03:15:00 pm,0.00
28-Jan-20 03:50:00 pm,0.01
28-Jan-20 04:25:00 pm,0.01
28-Jan-20 05:00:00 pm,0.01
28-Jan-20 05:35:00 pm,0.01
28-Jan-20 06:10:00 pm,0.00
28-Jan-20 06:45:00 pm,0.00
28-Jan-20 07:20:00 pm,0.00
28-Jan-20 07:55:00 pm,0.00
28-Jan-20 08:30:00 pm,-0.01
28-Jan-20 09:05:00 pm,-0.00
28-Jan-20 09:40:00 pm,0.00
28-Jan-20 10:15:00 pm,-0.00
28-Jan-20 10:50:00 pm,-0.00
28-Jan-20 11:25:00 pm,0.00
29-Jan-20 12:00:00 am,0.00
29-Jan-20 12:35:00 am,0.00
29-Jan-20 01:10:00 am,0.00
29-Jan-20 01:45:00 am,0.00
29-Jan-20 02:20:00 am,0.00
29-Jan-20 02:55:00 am,0.01
29-Jan-20 03:30:00 am,0.00
29-Jan-20 04:05:00 am,0.01
29-Jan-20 04:40:00 am,0.01
29-Jan-20 05:15:00 am,0.01
29-Jan-20 05:50:00 am,0.01
29-Jan-20 06:25:00 am,0.01
29-Jan-20 07:00:00 am,0.01
29-Jan-20 07:35:00 am,0.01
29-Jan-20 08:10:00 am,0.01
29-Jan-20 08:45:00 am,0.01
29-Jan-20 09:20:00 am,0.01
29-Jan-20 09:55:00 am,0.01
29-Jan-20 10:30:00 am,0.01
29-Jan-20 11:05:00 am,0.00
29-Jan-20 11:40:00 am,0.01
29-Jan-20 12:15:00 pm,0.01
29-Jan-20 12:50:00 pm,0.01
29-Jan-20 01:25:00 pm,0.01
29-Jan-20 02:00:00 pm,0.01
29-Jan-20 02:35:00 pm,0.01
29-Jan-20 03:10:00 pm,0.01
29-Jan-20 03:45:00 pm,0.01
29-Jan-20 04:20:00 pm,0.00
29-Jan-20 04:55:00 pm,0.01
29-Jan-20 05:30:00 pm,0.01
29-Jan-20 06:05:00 pm,0.00
29-Jan-20 06:40:00 pm,0.00
29-Jan-20 07:15:00 pm,0.00
29-Jan-20 07:50:00 pm,0.00
29-Jan-20 08:25:00 pm,0.00
29-Jan-20 09:00:00 pm,0.00
29-Jan-20 09:35:00 pm,0.00
29-Jan-20 10:10:00 pm,-0.01
29-Jan-20 10:45:00 pm,0.00
29-Jan-20 11:20:00 pm,0.00
29-Jan-20 11:55:00 pm,0.00
30-Jan-20 12:30:00 am,0.01
30-Jan-20 01:05:00 am,0.00
30-Jan-20 01:40:00 am,0.00
30-Jan-20 02:15:00 am,0.00
30-Jan-20 02:50:00 am,0.00
30-Jan-20 03:25:00 am,0.00
30-Jan-20 04:00:00 am,0.01
30-Jan-20 04:35:00 am,0.01
30-Jan-20 05:10:00 am,0.01
30-Jan-20 05:45:00 am,0.01
30-Jan-20 06:20:00 am,0.00
30-Jan-20 06:55:00 am,0.00
30-Jan-20 07:30:00 am,0.00
30-Jan-20 08:05:00 am,0.01
30-Jan-20 08:40:00 am,0.01
30-Jan-20 09:15:00 am,0.01
30-Jan-20 09:50:00 am,0.01
30-Jan-20 10:25:00 am,0.01
30-Jan-20 11:00:00 am,0.01
30-Jan-20 11:35:00 am,0.01
30-Jan-20 12:10:00 pm,0.01
30-Jan-20 12:45:00 pm,0.01
30-Jan-20 01:20:00 pm,0.01
30-Jan-20 01:55:00 pm,0.01
30-Jan-20 02:30:00 pm,0.01
30-Jan-20 03:05:00 pm,0.01
30-Jan-20 03:40:00 pm,0.01
30-Jan-20 04:15:00 pm,0.01
30-Jan-20 04:50:00 pm,0.01
30-Jan-20 05:25:00 pm,0.02
30-Jan-20 06:00:00 pm,0.00
30-Jan-20 06:35:00 pm,0.00
30-Jan-20 07:10:00 pm,-0.00
30-Jan-20 07:45:00 pm,0.00
30-Jan-20 08:20:00 pm,0.00
30-Jan-20 08:55:00 pm,0.00
30-Jan-20 09:30:00 pm,-0.00
30-Jan-20 10:05:00 pm,-0.01
30-Jan-20 10:40:00 pm,0.00
30-Jan-20 11:15:00 pm,0.00
30-Jan-20 11:50:00 pm,0.00
31-Jan-20 12:25:00 am,0.00
31-Jan-20 01:00:00 am,0.01
31-Jan-20 01:35:00 am,0.00
31-Jan-20 02:10:00 am,0.02
31-Jan-20 02:45:00 am,0.00
31-Jan-20 03:20:00 am,0.00
31-Jan-20 03:55:00 am,0.00
31-Jan-20 04:30:00 am,0.01
31-Jan-20 05:05:00 am,0.01
31-Jan-20 05:40:00 am,0.00
31-Jan-20 06:15:00 am,0.01
31-Jan-20 06:50:00 am,0.01
31-Jan-20 07:25:00 am,0.01
31-Jan-20 08:00:00 am,0.00
31-Jan-20 08:35:00 am,0.00
31-Jan-20 09:10:00 am,0.01
31-Jan-20 09:45:00 am,0.01
31-Jan-20 10:20:00 am,0.01
31-Jan-20 10:55:00 am,0.01
31-Jan-20 11:30:00 am,0.02
31-Jan-20 12:05:00 pm,0.08
31-Jan-20 12:40:00 pm,0.02
31-Jan-20 01:15:00 pm,0.02
31-Jan-20 01:50:00 pm,0.02
31-Jan-20 02:25:00 pm,0.00
31-Jan-20 03:00:00 pm,0.00
31-Jan-20 03:35:00 pm,0.01
31-Jan-20 04:10:00 pm,0.01
31-Jan-20 04:45:00 pm,0.01
31-Jan-20 05:20:00 pm,0.03
31-Jan-20 05:55:00 pm,0.01
31-Jan-20 06:30:00 pm,0.01
31-Jan-20 07:05:00 pm,0.01
31-Jan-20 07:40:00 pm,0.02
31-Jan-20 08:15:00 pm,0.01
31-Jan-20 08:50:00 pm,0.02
31-Jan-20 09:25:00 pm,0.00
31-Jan-20 10:00:00 pm,0.00
31-Jan-20 10:35:00 pm,0.01
31-Jan-20 11:10:00 pm,0.00
31-Jan-20 11:45:00 pm,0.01
01-Feb-20 12:20:00 am,0.01
01-Feb-20 12:55:00 am,0.01
01-Feb-20 01:30:00 am,0.00
01-Feb-20 02:05:00 am,0.01
01-Feb-20 02:40:00 am,0.02
01-Feb-20 03:15:00 am,0.01
01-Feb-20 03:50:00 am,0.01
01-Feb-20 04:25:00 am,0.02
01-Feb-20 05:00:00 am,0.02
01-Feb-20 05:35:00 am,0.01
01-Feb-20 06:10:00 am,0.04
01-Feb-20 06:45:00 am,0.01
01-Feb-20 07:20:00 am,0.02
01-Feb-20 07:55:00 am,0.01
01-Feb-20 08:30:00 am,0.01
01-Feb-20 09:05:00 am,0.00
01-Feb-20 09:40:00 am,0.00
01-Feb-20 10:15:00 am,0.00
01-Feb-20 10:50:00 am,0.00
01-Feb-20 11:25:00 am,0.00
01-Feb-20 12:00:00 pm,0.00
01-Feb-20 12:35:00 pm,0.00
01-Feb-20 01:10:00 pm,0.01
01-Feb-20 01:45:00 pm,0.00
01-Feb-20 02:20:00 pm,0.01
01-Feb-20 02:55:00 pm,0.00
01-Feb-20 03:30:00 pm,0.00
01-Feb-20 04:05:00 pm,0.01
01-Feb-20 04:40:00 pm,0.00
01-Feb-20 05:15:00 pm,0.00
01-Feb-20 05:50:00 pm,0.00
01-Feb-20 06:25:00 pm,0.01
01-Feb-20 07:00:00 pm,0.01
01-Feb-20 07:35:00 pm,0.00
01-Feb-20 08:10:00 pm,0.00
01-Feb-20 08:45:00 pm,0.01
01-Feb-20 09:20:00 pm,0.00
01-Feb-20 09:55:00 pm,0.01
01-Feb-20 10:30:00 pm,0.01
01-Feb-20 11:05:00 pm,0.01
01-Feb-20 11:40:00 pm,0.01
02-Feb-20 12:15:00 am,0.01
02-Feb-20 12:50:00 am,0.01
02-Feb-20 01:25:00 am,0.01
02-Feb-20 02:00:00 am,0.01
02-Feb-20 02:35:00 am,0.01
02-Feb-20 03:10:00 am,0.01
02-Feb-20 03:45:00 am,0.01
02-Feb-20 04:20:00 am,0.01
02-Feb-20 04:55:00 am,0.01
02-Feb-20 05:30:00 am,0.01
02-Feb-20 06:05:00 am,0.01
02-Feb-20 06:40:00 am,0.01
02-Feb-20 07:15:00 am,0.01
02-Feb-20 07:50:00 am,0.01
02-Feb-20 08:25:00 am,0.01
02-Feb-20 09:00:00 am,0.01
02-Feb-20 09:35:00 am,0.01
02-Feb-20 10:10:00 am,0.01
02-Feb-20 10:45:00 am,0.01
02-Feb-20 11:20:00 am,0.01
02-Feb-20 11:55:00 am,0.01
02-Feb-20 12:30:00 pm,0.01
02-Feb-20 01:05:00 pm,0.01
02-Feb-20 01:40:00 pm,0.01
02-Feb-20 02:15:00 pm,0.01
02-Feb-20 02:50:00 pm,0.01
02-Feb-20 03:25:00 pm,0.00
02-Feb-20 04:00:00 pm,0.00
02-Feb-20 04:35:00 pm,0.00
02-Feb-20 05:10:00 pm,0.00
02-Feb-20 05:45:00 pm,0.00
02-Feb-20 06:20:00 pm,0.00
02-Feb-20 06:55:00 pm,0.00
02-Feb-20 07:30:00 pm,0.01
02-Feb-20 08:05:00 pm,0.01
02-Feb-20 08:40:00 pm,0.01
02-Feb-20 09:15:00 pm,0.01
02-Feb-20 09:50:00 pm,0.01
02-Feb-20 10:25:00 pm,0.01
02-Feb-20 11:00:00 pm,0.01
02-Feb-20 11:35:00 pm,0.01
03-Feb-20 12:10:00 am,0.01
03-Feb-20 12:45:00 am,0.01
03-Feb-20 01:20:00 am,0.01
03-Feb-20 01:55:00 am,0.01
03-Feb-20 02:30:00 am,0.01
03-Feb-20 03:05:00 am,0.01
03-Feb-20 03:40:00 am,0.01
03-Feb-20 04:15:00 am,0.01
03-Feb-20 04:50:00 am,0.01
03-Feb-20 05:25:00 am,0.01
03-Feb-20 06:00:00 am,0.01
03-Feb-20 06:35:00 am,0.01
03-Feb-20 07:10:00 am,0.01
03-Feb-20 07:45:00 am,0.01
03-Feb-20 08:20:00 am,0.01
03-Feb-20 08:55:00 am,0.01
03-Feb-20 09:30:00 am,0.01
03-Feb-20 10:05:00 am,0.01
03-Feb-20 10:40:00 am,0.01
03-Feb-20 11:15:00 am,0.01
03-Feb-20 11:50:00 am,0.01
03-Feb-20 12:25:00 pm,0.01
03-Feb-20 01:00:00 pm,0.01
03-Feb-20 01:35:00 pm,0.02
03-Feb-20 02:10:00 pm,0.02
03-Feb-20 02:45:00 pm,0.02
03-Feb-20 03:20:00 pm,0.01
03-Feb-20 03:55:00 pm,0.01
03-Feb-20 04:30:00 pm,0.01
03-Feb-20 05:05:00 pm,0.01
03-Feb-20 05:40:00 pm,0.01
03-Feb-20 06:15:00 pm,0.00
03-Feb-20 06:50:00 pm,0.00
03-Feb-20 07:25:00 pm,0.01
03-Feb-20 08:00:00 pm,0.01
03-Feb-20 08:35:00 pm,0.01
03-Feb-20 09:10:00 pm,0.01
03-Feb-20 09:45:00 pm,0.00
03-Feb-20 10:20:00 pm,0.00
03-Feb-20 10:55:00 pm,0.01
03-Feb-20 11:30:00 pm,0.01
04-Feb-20 12:05:00 am,0.01
04-Feb-20 12:40:00 am,0.01
04-Feb-20 01:15:00 am,0.01
04-Feb-20 01:50:00 am,0.01
04-Feb-20 02:25:00 am,0.01
04-Feb-20 03:00:00 am,0.01
04-Feb-20 03:35:00 am,0.01
04-Feb-20 04:10:00 am,0.01
04-Feb-20 04:45:00 am,0.01
04-Feb-20 05:20:00 am,0.01
04-Feb-20 05:55:00 am,0.02
04-Feb-20 06:30:00 am,0.02
04-Feb-20 07:05:00 am,0.02
04-Feb-20 07:40:00 am,0.02
04-Feb-20 08:15:00 am,0.01
04-Feb-20 08:50:00 am,0.01
04-Feb-20 09:25:00 am,0.01
04-Feb-20 10:00:00 am,0.01
04-Feb-20 10:35:00 am,0.01
04-Feb-20 11:10:00 am,0.01
04-Feb-20 11:45:00 am,0.02
04-Feb-20 12:20:00 pm,0.01
04-Feb-20 12:55:00 pm,0.01
04-Feb-20 01:30:00 pm,0.02
04-Feb-20 02:05:00 pm,0.02
04-Feb-20 02:40:00 pm,0.02
04-Feb-20 03:15:00 pm,0.02
04-Feb-20 03:50:00 pm,0.01
04-Feb-20 04:25:00 pm,0.01
04-Feb-20 05:00:00 pm,0.01
04-Feb-20 05:35:00 pm,0.01
04-Feb-20 06:10:00 pm,0.01
04-Feb-20 06:45:00 pm,0.00
04-Feb-20 07:20:00 pm,0.01
04-Feb-20 07:55:00 pm,0.01
04-Feb-20 08:30:00 pm,0.00
04-Feb-20 09:05:00 pm,0.00
04-Feb-20 09:40:00 pm,0.00
04-Feb-20 10:15:00 pm,0.00
04-Feb-20 10:50:00 pm,0.01
04-Feb-20 11:25:00 pm,0.01
05-Feb-20 12:00:00 am,0.01
05-Feb-20 12:35:00 am,0.01
05-Feb-20 01:10:00 am,0.01
05-Feb-20 01:45:00 am,0.01
05-Feb-20 02:20:00 am,0.01
05-Feb-20 02:55:00 am,0.00
05-Feb-20 03:30:00 am,0.00
05-Feb-20 04:05:00 am,0.01
05-Feb-20 04:40:00 am,0.01
05-Feb-20 05:15:00 am,0.01
05-Feb-20 05:50:00 am,0.01
05-Feb-20 06:25:00 am,0.01
05-Feb-20 07:00:00 am,0.01
05-Feb-20 07:35:00 am,0.01
05-Feb-20 08:10:00 am,0.00
05-Feb-20 08:45:00 am,0.01
05-Feb-20 09:20:00 am,0.01
05-Feb-20 09:55:00 am,0.01
05-Feb-20 10:30:00 am,0.01
05-Feb-20 11:05:00 am,0.01
05-Feb-20 11:40:00 am,0.01
05-Feb-20 12:15:00 pm,0.01
05-Feb-20 12:50:00 pm,0.01
05-Feb-20 01:25:00 pm,0.01
05-Feb-20 02:00:00 pm,0.01
05-Feb-20 02:35:00 pm,0.01
05-Feb-20 03:10:00 pm,0.01
05-Feb-20 03:45:00 pm,0.01
05-Feb-20 04:20:00 pm,0.01
05-Feb-20 04:55:00 pm,0.00
05-Feb-20 05:30:00 pm,0.01
05-Feb-20 06:05:00 pm,-0.00
05-Feb-20 06:40:00 pm,0.00
05-Feb-20 07:15:00 pm,-0.00
05-Feb-20 07:50:00 pm,0.00
05-Feb-20 08:25:00 pm,0.00
05-Feb-20 09:00:00 pm,0.00
05-Feb-20 09:35:00 pm,-0.00
05-Feb-20 10:10:00 pm,-0.00
05-Feb-20 10:45:00 pm,0.00
05-Feb-20 11:20:00 pm,0.00
05-Feb-20 11:55:00 pm,0.00
06-Feb-20 12:30:00 am,0.00
06-Feb-20 01:05:00 am,0.00
06-Feb-20 01:40:00 am,0.00
06-Feb-20 02:15:00 am,0.00
06-Feb-20 02:50:00 am,0.00
06-Feb-20 03:25:00 am,0.00
06-Feb-20 04:00:00 am,0.01
06-Feb-20 04:35:00 am,0.01
06-Feb-20 05:10:00 am,0.01
06-Feb-20 05:45:00 am,0.01
06-Feb-20 06:20:00 am,0.01
06-Feb-20 06:55:00 am,0.01
06-Feb-20 07:30:00 am,0.01
06-Feb-20 08:05:00 am,0.01
06-Feb-20 08:40:00 am,0.01
06-Feb-20 09:15:00 am,0.01
06-Feb-20 09:50:00 am,0.01
06-Feb-20 10:25:00 am,0.01
06-Feb-20 11:00:00 am,0.01
06-Feb-20 11:35:00 am,0.01
06-Feb-20 12:10:00 pm,0.01
06-Feb-20 12:45:00 pm,0.01
06-Feb-20 01:20:00 pm,0.01
06-Feb-20 01:55:00 pm,0.01
06-Feb-20 02:30:00 pm,0.01
06-Feb-20 03:05:00 pm,0.01
06-Feb-20 03:40:00 pm,0.01
06-Feb-20 04:15:00 pm,0.01
06-Feb-20 04:50:00 pm,0.01
06-Feb-20 05:25:00 pm,0.01
06-Feb-20 06:00:00 pm,0.00
06-Feb-20 06:35:00 pm,0.00
06-Feb-20 07:10:00 pm,0.00
06-Feb-20 07:45:00 pm,0.00
06-Feb-20 08:20:00 pm,0.00
06-Feb-20 08:55:00 pm,0.00
06-Feb-20 09:30:00 pm,0.00
06-Feb-20 10:05:00 pm,0.00
06-Feb-20 10:40:00 pm,0.00
06-Feb-20 11:15:00 pm,0.00
06-Feb-20 11:50:00 pm,0.00
07-Feb-20 12:25:00 am,0.00
07-Feb-20 01:00:00 am,0.00
07-Feb-20 01:35:00 am,0.00
07-Feb-20 02:10:00 am,0.00
07-Feb-20 02:45:00 am,0.01
07-Feb-20 03:20:00 am,0.00
07-Feb-20 03:55:00 am,0.01
07-Feb-20 04:30:00 am,0.01
07-Feb-20 05:05:00 am,0.01
07-Feb-20 05:40:00 am,0.01
07-Feb-20 06:15:00 am,0.01
07-Feb-20 06:50:00 am,0.01
07-Feb-20 07:25:00 am,0.01
07-Feb-20 08:00:00 am,0.01
07-Feb-20 08:35:00 am,0.01
07-Feb-20 09:10:00 am,0.01
07-Feb-20 09:45:00 am,0.02
07-Feb-20 10:20:00 am,0.01
07-Feb-20 10:55:00 am,0.01
07-Feb-20 11:30:00 am,0.02
07-Feb-20 12:05:00 pm,0.01
07-Feb-20 12:40:00 pm,0.01
07-Feb-20 01:15:00 pm,0.02
07-Feb-20 01:50:00 pm,0.02
07-Feb-20 02:25:00 pm,0.04
07-Feb-20 03:00:00 pm,0.03
07-Feb-20 03:35:00 pm,0.01
07-Feb-20 04:10:00 pm,0.02
07-Feb-20 04:45:00 pm,0.02
07-Feb-20 05:20:00 pm,0.02
07-Feb-20 05:55:00 pm,0.04
07-Feb-20 06:30:00 pm,0.01
07-Feb-20 07:05:00 pm,0.01
07-Feb-20 07:40:00 pm,0.02
07-Feb-20 08:15:00 pm,0.01
07-Feb-20 08:50:00 pm,0.02
07-Feb-20 09:25:00 pm,0.01
07-Feb-20 10:00:00 pm,0.01
07-Feb-20 10:35:00 pm,0.01
07-Feb-20 11:10:00 pm,0.03
07-Feb-20 11:45:00 pm,0.03
08-Feb-20 12:20:00 am,0.02
08-Feb-20 12:55:00 am,0.01
08-Feb-20 01:30:00 am,0.02
08-Feb-20 02:05:00 am,0.02
08-Feb-20 02:40:00 am,0.00
08-Feb-20 03:15:00 am,0.01
08-Feb-20 03:50:00 am,0.01
08-Feb-20 04:25:00 am,0.01
08-Feb-20 05:00:00 am,0.00
08-Feb-20 05:35:00 am,0.00
08-Feb-20 06:10:00 am,0.00
08-Feb-20 06:45:00 am,0.00
08-Feb-20 07:20:00 am,0.00
08-Feb-20 07:55:00 am,0.00
08-Feb-20 08:30:00 am,0.00
08-Feb-20 09:05:00 am,0.00
08-Feb-20 09:40:00 am,0.00
08-Feb-20 10:15:00 am,0.00
08-Feb-20 10:50:00 am,0.01
08-Feb-20 11:25:00 am,0.00
08-Feb-20 12:00:00 pm,0.00
08-Feb-20 12:35:00 pm,0.00
08-Feb-20 01:10:00 pm,0.00
08-Feb-20 01:45:00 pm,0.00
08-Feb-20 02:20:00 pm,0.00
08-Feb-20 02:55:00 pm,0.00
08-Feb-20 03:30:00 pm,0.00
08-Feb-20 04:05:00 pm,0.00
08-Feb-20 04:40:00 pm,0.00
08-Feb-20 05:15:00 pm,0.00
08-Feb-20 05:50:00 pm,0.00
08-Feb-20 06:25:00 pm,0.00
08-Feb-20 07:00:00 pm,0.00
08-Feb-20 07:35:00 pm,0.00
08-Feb-20 08:10:00 pm,0.00
08-Feb-20 08:45:00 pm,0.00
08-Feb-20 09:20:00 pm,0.00
08-Feb-20 09:55:00 pm,0.00
08-Feb-20 10:30:00 pm,0.00
08-Feb-20 11:05:00 pm,0.00
08-Feb-20 11:40:00 pm,0.00
09-Feb-20 12:15:00 am,0.00
09-Feb-20 12:50:00 am,0.01
09-Feb-20 01:25:00 am,0.00
09-Feb-20 02:00:00 am,0.01
09-Feb-20 02:35:00 am,0.00
09-Feb-20 03:10:00 am,0.00
09-Feb-20 03:45:00 am,0.01
09-Feb-20 04:20:00 am,0.00
09-Feb-20 04:55:00 am,0.00
09-Feb-20 05:30:00 am,0.01
09-Feb-20 06:05:00 am,0.01
09-Feb-20 06:40:00 am,0.01
09-Feb-20 07:15:00 am,0.01
09-Feb-20 07:50:00 am,0.01
09-Feb-20 08:25:00 am,0.01
09-Feb-20 09:00:00 am,0.01
09-Feb-20 09:35:00 am,0.01
09-Feb-20 10:10:00 am,0.01
09-Feb-20 10:45:00 am,0.00
09-Feb-20 11:20:00 am,0.00
09-Feb-20 11:55:00 am,0.00
09-Feb-20 12:30:00 pm,0.00
09-Feb-20 01:05:00 pm,0.00
09-Feb-20 01:40:00 pm,0.01
09-Feb-20 02:15:00 pm,0.01
09-Feb-20 02:50:00 pm,0.01
09-Feb-20 03:25:00 pm,0.01
09-Feb-20 04:00:00 pm,0.01
09-Feb-20 04:35:00 pm,0.00
09-Feb-20 05:10:00 pm,0.00
09-Feb-20 05:45:00 pm,-0.00
09-Feb-20 06:20:00 pm,0.00
09-Feb-20 06:55:00 pm,0.00
09-Feb-20 07:30:00 pm,0.01
09-Feb-20 08:05:00 pm,0.01
09-Feb-20 08:40:00 pm,0.01
09-Feb-20 09:15:00 pm,0.01
09-Feb-20 09:50:00 pm,0.01
09-Feb-20 10:25:00 pm,0.01
09-Feb-20 11:00:00 pm,0.01
09-Feb-20 11:35:00 pm,0.01
10-Feb-20 12:10:00 am,0.01
10-Feb-20 12:45:00 am,0.01
10-Feb-20 01:20:00 am,0.01
10-Feb-20 01:55:00 am,0.01
10-Feb-20 02:30:00 am,0.01
10-Feb-20 03:05:00 am,0.01
10-Feb-20 03:40:00 am,0.00
10-Feb-20 04:15:00 am,0.01
10-Feb-20 04:50:00 am,0.01
10-Feb-20 05:25:00 am,0.01
10-Feb-20 06:00:00 am,0.01
10-Feb-20 06:35:00 am,0.01
10-Feb-20 07:10:00 am,0.01
10-Feb-20 07:45:00 am,0.01
10-Feb-20 08:20:00 am,0.01
10-Feb-20 08:55:00 am,0.01
10-Feb-20 09:30:00 am,0.01
10-Feb-20 10:05:00 am,0.01
10-Feb-20 10:40:00 am,0.01
10-Feb-20 11:15:00 am,0.00
10-Feb-20 11:50:00 am,0.01
10-Feb-20 12:25:00 pm,0.01
10-Feb-20 01:00:00 pm,0.01
10-Feb-20 01:35:00 pm,0.01
10-Feb-20 02:10:00 pm,0.01
10-Feb-20 02:45:00 pm,0.01
10-Feb-20 03:20:00 pm,0.01
10-Feb-20 03:55:00 pm,0.01
10-Feb-20 04:30:00 pm,0.01
10-Feb-20 05:05:00 pm,0.01
10-Feb-20 05:40:00 pm,0.01
10-Feb-20 06:15:00 pm,0.00
10-Feb-20 06:50:00 pm,0.00
10-Feb-20 07:25:00 pm,0.00
10-Feb-20 08:00:00 pm,0.00
10-Feb-20 08:35:00 pm,0.00
10-Feb-20 09:10:00 pm,0.00
10-Feb-20 09:45:00 pm,0.00
10-Feb-20 10:20:00 pm,0.00
10-Feb-20 10:55:00 pm,0.00
10-Feb-20 11:30:00 pm,0.01
11-Feb-20 12:05:00 am,0.01
11-Feb-20 12:40:00 am,0.01
11-Feb-20 01:15:00 am,0.01
11-Feb-20 01:50:00 am,0.01
11-Feb-20 02:25:00 am,0.01
11-Feb-20 03:00:00 am,0.00
11-Feb-20 03:35:00 am,0.01
11-Feb-20 04:10:00 am,0.01
11-Feb-20 04:45:00 am,0.01
11-Feb-20 05:20:00 am,0.01
11-Feb-20 05:55:00 am,0.01
11-Feb-20 06:30:00 am,0.01
11-Feb-20 07:05:00 am,0.01
11-Feb-20 07:40:00 am,0.01
11-Feb-20 08:15:00 am,0.01
11-Feb-20 08:50:00 am,0.01
11-Feb-20 09:25:00 am,0.01
11-Feb-20 10:00:00 am,0.01
11-Feb-20 10:35:00 am,0.01
11-Feb-20 11:10:00 am,0.01
11-Feb-20 11:45:00 am,0.01
11-Feb-20 12:20:00 pm,0.01
11-Feb-20 12:55:00 pm,0.01
11-Feb-20 01:30:00 pm,0.01
11-Feb-20 02:05:00 pm,0.01
11-Feb-20 02:40:00 pm,0.01
11-Feb-20 03:15:00 pm,0.01
11-Feb-20 03:50:00 pm,0.01
11-Feb-20 04:25:00 pm,0.01
11-Feb-20 05:00:00 pm,0.01
11-Feb-20 05:35:00 pm,0.01
11-Feb-20 06:10:00 pm,0.00
11-Feb-20 06:45:00 pm,0.00
11-Feb-20 07:20:00 pm,0.00
11-Feb-20 07:55:00 pm,0.00
11-Feb-20 08:30:00 pm,0.00
11-Feb-20 09:05:00 pm,0.00
11-Feb-20 09:40:00 pm,0.00
11-Feb-20 10:15:00 pm,0.00
11-Feb-20 10:50:00 pm,0.00
11-Feb-20 11:25:00 pm,0.00
12-Feb-20 12:00:00 am,0.00
12-Feb-20 12:35:00 am,0.00
12-Feb-20 01:10:00 am,0.00
12-Feb-20 01:45:00 am,0.00
12-Feb-20 02:20:00 am,0.00
12-Feb-20 02:55:00 am,0.00
12-Feb-20 03:30:00 am,0.00
12-Feb-20 04:05:00 am,0.01
12-Feb-20 04:40:00 am,0.01
12-Feb-20 05:15:00 am,0.01
12-Feb-20 05:50:00 am,0.01
12-Feb-20 06:25:00 am,0.01
12-Feb-20 07:00:00 am,0.01
12-Feb-20 07:35:00 am,0.01
12-Feb-20 08:10:00 am,0.01
12-Feb-20 08:45:00 am,0.01
12-Feb-20 09:20:00 am,0.01
12-Feb-20 09:55:00 am,0.01
12-Feb-20 10:30:00 am,0.01
12-Feb-20 11:05:00 am,0.01
12-Feb-20 11:40:00 am,0.01
12-Feb-20 12:15:00 pm,0.01
12-Feb-20 12:50:00 pm,0.01
12-Feb-20 01:25:00 pm,0.01
12-Feb-20 02:00:00 pm,0.01
12-Feb-20 02:35:00 pm,0.01
12-Feb-20 03:10:00 pm,0.00
12-Feb-20 03:45:00 pm,0.01
12-Feb-20 04:20:00 pm,0.01
12-Feb-20 04:55:00 pm,0.01
12-Feb-20 05:30:00 pm,0.01
12-Feb-20 06:05:00 pm,0.00
12-Feb-20 06:40:00 pm,0.00
12-Feb-20 07:15:00 pm,0.00
12-Feb-20 07:50:00 pm,0.00
12-Feb-20 08:25:00 pm,0.00
12-Feb-20 09:00:00 pm,0.00
12-Feb-20 09:35:00 pm,0.00
12-Feb-20 10:10:00 pm,-0.01
12-Feb-20 10:45:00 pm,0.00
12-Feb-20 11:20:00 pm,0.01
12-Feb-20 11:55:00 pm,0.00
13-Feb-20 12:30:00 am,0.00
13-Feb-20 01:05:00 am,0.01
13-Feb-20 01:40:00 am,0.00
13-Feb-20 02:15:00 am,0.00
13-Feb-20 02:50:00 am,0.01
13-Feb-20 03:25:00 am,0.01
13-Feb-20 04:00:00 am,0.01
13-Feb-20 04:35:00 am,0.01
13-Feb-20 05:10:00 am,0.01
13-Feb-20 05:45:00 am,0.01
13-Feb-20 06:20:00 am,0.01
13-Feb-20 06:55:00 am,0.01
13-Feb-20 07:30:00 am,0.01
13-Feb-20 08:05:00 am,0.01
13-Feb-20 08:40:00 am,0.01
13-Feb-20 09:15:00 am,0.01
13-Feb-20 09:50:00 am,0.01
13-Feb-20 10:25:00 am,0.01
13-Feb-20 11:00:00 am,0.01
13-Feb-20 11:35:00 am,0.01
13-Feb-20 12:10:00 pm,0.03
13-Feb-20 12:45:00 pm,0.01
13-Feb-20 01:20:00 pm,0.01
13-Feb-20 01:55:00 pm,0.02
13-Feb-20 02:30:00 pm,0.02
13-Feb-20 03:05:00 pm,0.02
13-Feb-20 03:40:00 pm,0.02
13-Feb-20 04:15:00 pm,0.01
13-Feb-20 04:50:00 pm,0.01
13-Feb-20 05:25:00 pm,0.01
13-Feb-20 06:00:00 pm,0.00
13-Feb-20 06:35:00 pm,0.00
13-Feb-20 07:10:00 pm,0.00
13-Feb-20 07:45:00 pm,0.00
13-Feb-20 08:20:00 pm,0.00
13-Feb-20 08:55:00 pm,0.01
13-Feb-20 09:30:00 pm,0.01
13-Feb-20 10:05:00 pm,0.01
13-Feb-20 10:40:00 pm,0.01
13-Feb-20 11:15:00 pm,0.02
13-Feb-20 11:50:00 pm,0.01
14-Feb-20 12:25:00 am,0.01
14-Feb-20 01:00:00 am,0.01
14-Feb-20 01:35:00 am,0.00
14-Feb-20 02:10:00 am,0.01
14-Feb-20 02:45:00 am,0.01
14-Feb-20 03:20:00 am,0.01
14-Feb-20 03:55:00 am,0.01
14-Feb-20 04:30:00 am,0.01
14-Feb-20 05:05:00 am,0.01
14-Feb-20 05:40:00 am,0.01
14-Feb-20 06:15:00 am,0.01
14-Feb-20 06:50:00 am,0.01
14-Feb-20 07:25:00 am,0.00
14-Feb-20 08:00:00 am,0.01
14-Feb-20 08:35:00 am,0.01
14-Feb-20 09:10:00 am,0.01
14-Feb-20 09:45:00 am,0.01
14-Feb-20 10:20:00 am,0.01
14-Feb-20 10:55:00 am,0.01
14-Feb-20 11:30:00 am,0.01
14-Feb-20 12:05:00 pm,0.02
14-Feb-20 12:40:00 pm,0.01
14-Feb-20 01:15:00 pm,0.01
14-Feb-20 01:50:00 pm,0.02
14-Feb-20 02:25:00 pm,0.01
14-Feb-20 03:00:00 pm,0.01
14-Feb-20 03:35:00 pm,0.02
14-Feb-20 04:10:00 pm,0.01
14-Feb-20 04:45:00 pm,0.01
14-Feb-20 05:20:00 pm,0.02
14-Feb-20 05:55:00 pm,0.01
14-Feb-20 06:30:00 pm,0.01
14-Feb-20 07:05:00 pm,0.01
14-Feb-20 07:40:00 pm,0.00
14-Feb-20 08:15:00 pm,0.01
14-Feb-20 08:50:00 pm,0.01
14-Feb-20 09:25:00 pm,0.00
14-Feb-20 10:00:00 pm,0.01
14-Feb-20 10:35:00 pm,0.01
14-Feb-20 11:10:00 pm,0.00
14-Feb-20 11:45:00 pm,0.00
15-Feb-20 12:20:00 am,0.00
15-Feb-20 12:55:00 am,0.00
15-Feb-20 01:30:00 am,0.00
15-Feb-20 02:05:00 am,0.01
15-Feb-20 02:40:00 am,0.00
15-Feb-20 03:15:00 am,0.01
15-Feb-20 03:50:00 am,0.01
15-Feb-20 04:25:00 am,0.00
15-Feb-20 05:00:00 am,0.00
15-Feb-20 05:35:00 am,0.01
15-Feb-20 06:10:00 am,-0.00
15-Feb-20 06:45:00 am,0.01
15-Feb-20 07:20:00 am,0.00
15-Feb-20 07:55:00 am,0.01
15-Feb-20 08:30:00 am,0.01
15-Feb-20 09:05:00 am,0.02
15-Feb-20 09:40:00 am,0.01
15-Feb-20 10:15:00 am,0.01
15-Feb-20 10:50:00 am,0.01
15-Feb-20 11:25:00 am,0.01
15-Feb-20 12:00:00 pm,0.00
15-Feb-20 12:35:00 pm,0.01
15-Feb-20 01:10:00 pm,0.01
15-Feb-20 01:45:00 pm,0.00
15-Feb-20 02:20:00 pm,0.01
15-Feb-20 02:55:00 pm,0.01
15-Feb-20 03:30:00 pm,0.01
15-Feb-20 04:05:00 pm,0.00
15-Feb-20 04:40:00 pm,0.01
15-Feb-20 05:15:00 pm,0.00
15-Feb-20 05:50:00 pm,0.01
15-Feb-20 06:25:00 pm,0.00
15-Feb-20 07:00:00 pm,0.00
15-Feb-20 07:35:00 pm,0.00
15-Feb-20 08:10:00 pm,0.01
15-Feb-20 08:45:00 pm,0.00
15-Feb-20 09:20:00 pm,0.00
15-Feb-20 09:55:00 pm,0.00
15-Feb-20 10:30:00 pm,0.00
15-Feb-20 11:05:00 pm,0.00
15-Feb-20 11:40:00 pm,0.00
16-Feb-20 12:15:00 am,0.00
16-Feb-20 12:50:00 am,0.00
16-Feb-20 01:25:00 am,0.01
16-Feb-20 02:00:00 am,0.00
16-Feb-20 02:35:00 am,0.00
16-Feb-20 03:10:00 am,0.00
16-Feb-20 03:45:00 am,0.00
16-Feb-20 04:20:00 am,0.00
16-Feb-20 04:55:00 am,0.00
16-Feb-20 05:30:00 am,0.01
16-Feb-20 06:05:00 am,0.01
16-Feb-20 06:40:00 am,0.00
16-Feb-20 07:15:00 am,0.00
16-Feb-20 07:50:00 am,0.00
16-Feb-20 08:25:00 am,0.01
16-Feb-20 09:00:00 am,0.01
16-Feb-20 09:35:00 am,0.00
16-Feb-20 10:10:00 am,0.00
16-Feb-20 10:45:00 am,0.01
16-Feb-20 11:20:00 am,0.01
16-Feb-20 11:55:00 am,0.01
16-Feb-20 12:30:00 pm,0.01
16-Feb-20 01:05:00 pm,0.00
16-Feb-20 01:40:00 pm,0.01
16-Feb-20 02:15:00 pm,0.00
16-Feb-20 02:50:00 pm,0.01
16-Feb-20 03:25:00 pm,0.01
16-Feb-20 04:00:00 pm,0.00
16-Feb-20 04:35:00 pm,0.00
16-Feb-20 05:10:00 pm,0.00
16-Feb-20 05:45:00 pm,0.00
16-Feb-20 06:20:00 pm,0.00
16-Feb-20 06:55:00 pm,-0.00
16-Feb-20 07:30:00 pm,0.00
16-Feb-20 08:05:00 pm,0.00
16-Feb-20 08:40:00 pm,0.01
16-Feb-20 09:15:00 pm,0.01
16-Feb-20 09:50:00 pm,0.01
16-Feb-20 10:25:00 pm,0.01
16-Feb-20 11:00:00 pm,0.01
16-Feb-20 11:35:00 pm,0.01
17-Feb-20 12:10:00 am,0.01
17-Feb-20 12:45:00 am,0.01
17-Feb-20 01:20:00 am,0.01
17-Feb-20 01:55:00 am,0.01
17-Feb-20 02:30:00 am,0.01
17-Feb-20 03:05:00 am,0.01
17-Feb-20 03:40:00 am,0.01
17-Feb-20 04:15:00 am,0.01
17-Feb-20 04:50:00 am,0.01
17-Feb-20 05:25:00 am,0.01
17-Feb-20 06:00:00 am,0.01
17-Feb-20 06:35:00 am,0.01
17-Feb-20 07:10:00 am,0.01
17-Feb-20 07:45:00 am,0.01
17-Feb-20 08:20:00 am,0.01
17-Feb-20 08:55:00 am,0.02
17-Feb-20 09:30:00 am,0.02
17-Feb-20 10:05:00 am,0.02
17-Feb-20 10:40:00 am,0.01
17-Feb-20 11:15:00 am,0.01
17-Feb-20 11:50:00 am,0.01
17-Feb-20 12:25:00 pm,0.01
17-Feb-20 01:00:00 pm,0.01
17-Feb-20 01:35:00 pm,0.01
17-Feb-20 02:10:00 pm,0.01
17-Feb-20 02:45:00 pm,0.01
17-Feb-20 03:20:00 pm,0.01
17-Feb-20 03:55:00 pm,0.01
17-Feb-20 04:30:00 pm,0.01
17-Feb-20 05:05:00 pm,0.01
17-Feb-20 05:40:00 pm,0.01
17-Feb-20 06:15:00 pm,0.00
17-Feb-20 06:50:00 pm,0.01
17-Feb-20 07:25:00 pm,0.00
17-Feb-20 08:00:00 pm,0.00
17-Feb-20 08:35:00 pm,0.00
17-Feb-20 09:10:00 pm,0.01
17-Feb-20 09:45:00 pm,0.01
17-Feb-20 10:20:00 pm,0.01
17-Feb-20 10:55:00 pm,0.01
17-Feb-20 11:30:00 pm,0.01
18-Feb-20 12:05:00 am,0.01
18-Feb-20 12:40:00 am,0.01
18-Feb-20 01:15:00 am,0.01
18-Feb-20 01:50:00 am,0.01
18-Feb-20 02:25:00 am,0.01
18-Feb-20 03:00:00 am,0.01
18-Feb-20 03:35:00 am,0.01
18-Feb-20 04:10:00 am,0.01
18-Feb-20 04:45:00 am,0.01
18-Feb-20 05:20:00 am,0.02
18-Feb-20 05:55:00 am,0.02
18-Feb-20 06:30:00 am,0.02
18-Feb-20 07:05:00 am,0.02
18-Feb-20 07:40:00 am,0.02
18-Feb-20 08:15:00 am,0.01
18-Feb-20 08:50:00 am,0.01
18-Feb-20 09:25:00 am,0.01
18-Feb-20 10:00:00 am,0.01
18-Feb-20 10:35:00 am,0.01
18-Feb-20 11:10:00 am,0.01
18-Feb-20 11:45:00 am,0.01
18-Feb-20 12:20:00 pm,0.01
18-Feb-20 12:55:00 pm,0.02
18-Feb-20 01:30:00 pm,0.01
18-Feb-20 02:05:00 pm,0.02
18-Feb-20 02:40:00 pm,0.02
18-Feb-20 03:15:00 pm,0.02
18-Feb-20 03:50:00 pm,0.02
18-Feb-20 04:25:00 pm,0.01
18-Feb-20 05:00:00 pm,0.01
18-Feb-20 05:35:00 pm,0.01
18-Feb-20 06:10:00 pm,0.00
18-Feb-20 06:45:00 pm,0.00
18-Feb-20 07:20:00 pm,0.00
18-Feb-20 07:55:00 pm,0.00
18-Feb-20 08:30:00 pm,-0.00
18-Feb-20 09:05:00 pm,0.01
18-Feb-20 09:40:00 pm,0.01
18-Feb-20 10:15:00 pm,0.01
18-Feb-20 10:50:00 pm,0.01
18-Feb-20 11:25:00 pm,0.01
19-Feb-20 12:00:00 am,0.01
19-Feb-20 12:35:00 am,0.01
19-Feb-20 01:10:00 am,0.01
19-Feb-20 01:45:00 am,0.01
19-Feb-20 02:20:00 am,0.01
19-Feb-20 02:55:00 am,0.01
19-Feb-20 03:30:00 am,0.01
19-Feb-20 04:05:00 am,0.01
19-Feb-20 04:40:00 am,0.02
19-Feb-20 05:15:00 am,0.01
19-Feb-20 05:50:00 am,0.02
19-Feb-20 06:25:00 am,0.01
19-Feb-20 07:00:00 am,0.01
19-Feb-20 07:35:00 am,0.01
19-Feb-20 08:10:00 am,0.01
19-Feb-20 08:45:00 am,0.01
19-Feb-20 09:20:00 am,0.01
19-Feb-20 09:55:00 am,0.01
19-Feb-20 10:30:00 am,0.01
19-Feb-20 11:05:00 am,0.01
19-Feb-20 11:40:00 am,0.01
19-Feb-20 12:15:00 pm,0.01
19-Feb-20 12:50:00 pm,0.00
19-Feb-20 01:25:00 pm,0.00
19-Feb-20 02:00:00 pm,0.01
19-Feb-20 02:35:00 pm,0.01
19-Feb-20 03:10:00 pm,0.01
19-Feb-20 03:45:00 pm,0.01
19-Feb-20 04:20:00 pm,0.01
19-Feb-20 04:55:00 pm,0.00
19-Feb-20 05:30:00 pm,0.00
19-Feb-20 06:05:00 pm,-0.00
19-Feb-20 06:40:00 pm,0.00
19-Feb-20 07:15:00 pm,-0.00
19-Feb-20 07:50:00 pm,0.00
19-Feb-20 08:25:00 pm,0.00
19-Feb-20 09:00:00 pm,-0.00
19-Feb-20 09:35:00 pm,0.00
19-Feb-20 10:10:00 pm,-0.01
19-Feb-20 10:45:00 pm,0.00
19-Feb-20 11:20:00 pm,0.00
19-Feb-20 11:55:00 pm,0.01
20-Feb-20 12:30:00 am,0.01
20-Feb-20 01:05:00 am,0.01
20-Feb-20 01:40:00 am,0.01
20-Feb-20 02:15:00 am,0.01
20-Feb-20 02:50:00 am,0.01
20-Feb-20 03:25:00 am,0.01
20-Feb-20 04:00:00 am,0.01
20-Feb-20 04:35:00 am,0.01
20-Feb-20 05:10:00 am,0.01
20-Feb-20 05:45:00 am,0.01
20-Feb-20 06:20:00 am,0.01
20-Feb-20 06:55:00 am,0.01
20-Feb-20 07:30:00 am,0.00
20-Feb-20 08:05:00 am,0.00
20-Feb-20 08:40:00 am,0.01
20-Feb-20 09:15:00 am,0.00
20-Feb-20 09:50:00 am,0.00
20-Feb-20 10:25:00 am,0.00
20-Feb-20 11:00:00 am,0.01
20-Feb-20 11:35:00 am,0.01
20-Feb-20 12:10:00 pm,0.01
20-Feb-20 12:45:00 pm,0.01
20-Feb-20 01:20:00 pm,0.01
20-Feb-20 01:55:00 pm,0.01
20-Feb-20 02:30:00 pm,0.01
20-Feb-20 03:05:00 pm,0.01
20-Feb-20 03:40:00 pm,0.01
20-Feb-20 04:15:00 pm,0.01
20-Feb-20 04:50:00 pm,0.00
20-Feb-20 05:25:00 pm,0.00
20-Feb-20 06:00:00 pm,0.00
20-Feb-20 06:35:00 pm,0.00
20-Feb-20 07:10:00 pm,0.00
20-Feb-20 07:45:00 pm,0.00
20-Feb-20 08:20:00 pm,-0.00
20-Feb-20 08:55:00 pm,-0.01
20-Feb-20 09:30:00 pm,0.01
20-Feb-20 10:05:00 pm,0.01
20-Feb-20 10:40:00 pm,0.01
20-Feb-20 11:15:00 pm,0.01
20-Feb-20 11:50:00 pm,0.01
21-Feb-20 12:25:00 am,0.01
21-Feb-20 01:00:00 am,0.01
21-Feb-20 01:35:00 am,0.01
21-Feb-20 02:10:00 am,0.01
21-Feb-20 02:45:00 am,0.01
21-Feb-20 03:20:00 am,0.01
21-Feb-20 03:55:00 am,0.01
21-Feb-20 04:30:00 am,0.01
21-Feb-20 05:05:00 am,0.01
21-Feb-20 05:40:00 am,0.01
21-Feb-20 06:15:00 am,0.01
21-Feb-20 06:50:00 am,0.01
21-Feb-20 07:25:00 am,0.01
21-Feb-20 08:00:00 am,0.01
21-Feb-20 08:35:00 am,0.01
21-Feb-20 09:10:00 am,0.01
21-Feb-20 09:45:00 am,0.01
21-Feb-20 10:20:00 am,0.01
21-Feb-20 10:55:00 am,0.01
21-Feb-20 11:30:00 am,0.01
21-Feb-20 12:05:00 pm,0.01
21-Feb-20 12:40:00 pm,0.01
21-Feb-20 01:15:00 pm,0.01
21-Feb-20 01:50:00 pm,0.00
21-Feb-20 02:25:00 pm,0.01
21-Feb-20 03:00:00 pm,0.02
21-Feb-20 03:35:00 pm,0.01
21-Feb-20 04:10:00 pm,0.00
21-Feb-20 04:45:00 pm,0.00
21-Feb-20 05:20:00 pm,0.00
21-Feb-20 05:55:00 pm,-0.00
21-Feb-20 06:30:00 pm,-0.00
21-Feb-20 07:05:00 pm,-0.00
21-Feb-20 07:40:00 pm,0.00
21-Feb-20 08:15:00 pm,-0.00
21-Feb-20 08:50:00 pm,0.00
21-Feb-20 09:25:00 pm,0.00
21-Feb-20 10:00:00 pm,0.00
21-Feb-20 10:35:00 pm,0.00
21-Feb-20 11:10:00 pm,0.00
21-Feb-20 11:45:00 pm,0.00
22-Feb-20 12:20:00 am,0.00
22-Feb-20 12:55:00 am,0.00
22-Feb-20 01:30:00 am,0.00
22-Feb-20 02:05:00 am,0.00
22-Feb-20 02:40:00 am,0.01
22-Feb-20 03:15:00 am,0.00
22-Feb-20 03:50:00 am,0.01
22-Feb-20 04:25:00 am,0.00
22-Feb-20 05:00:00 am,0.00
22-Feb-20 05:35:00 am,0.00
22-Feb-20 06:10:00 am,0.00
22-Feb-20 06:45:00 am,0.00
22-Feb-20 07:20:00 am,0.00
22-Feb-20 07:55:00 am,0.00
22-Feb-20 08:30:00 am,0.00
22-Feb-20 09:05:00 am,0.01
22-Feb-20 09:40:00 am,0.00
22-Feb-20 10:15:00 am,0.00
22-Feb-20 10:50:00 am,0.00
22-Feb-20 11:25:00 am,0.00
22-Feb-20 12:00:00 pm,0.00
22-Feb-20 12:35:00 pm,0.00
22-Feb-20 01:10:00 pm,0.00
22-Feb-20 01:45:00 pm,0.00
22-Feb-20 02:20:00 pm,0.00
22-Feb-20 02:55:00 pm,-0.00
22-Feb-20 03:30:00 pm,0.00
22-Feb-20 04:05:00 pm,0.00
22-Feb-20 04:40:00 pm,0.00
22-Feb-20 05:15:00 pm,0.00
22-Feb-20 05:50:00 pm,0.00
22-Feb-20 06:25:00 pm,0.00
22-Feb-20 07:00:00 pm,0.00
22-Feb-20 07:35:00 pm,0.00
22-Feb-20 08:10:00 pm,0.00
22-Feb-20 08:45:00 pm,0.00
22-Feb-20 09:20:00 pm,0.00
22-Feb-20 09:55:00 pm,0.00
22-Feb-20 10:30:00 pm,0.00
22-Feb-20 11:05:00 pm,0.00
22-Feb-20 11:40:00 pm,0.00
23-Feb-20 12:15:00 am,0.01
23-Feb-20 12:50:00 am,0.00
23-Feb-20 01:25:00 am,0.01
23-Feb-20 02:00:00 am,0.00
23-Feb-20 02:35:00 am,0.00
23-Feb-20 03:10:00 am,0.01
23-Feb-20 03:45:00 am,0.00
23-Feb-20 04:20:00 am,0.00
23-Feb-20 04:55:00 am,0.00
23-Feb-20 05:30:00 am,0.00
23-Feb-20 06:05:00 am,0.01
23-Feb-20 06:40:00 am,0.01
23-Feb-20 07:15:00 am,0.03
23-Feb-20 07:50:00 am,0.00
23-Feb-20 08:25:00 am,0.03
23-Feb-20 09:00:00 am,0.02
23-Feb-20 09:35:00 am,0.02
23-Feb-20 10:10:00 am,0.02
23-Feb-20 10:45:00 am,0.02
23-Feb-20 11:20:00 am,0.04
23-Feb-20 11:55:00 am,0.00
23-Feb-20 12:30:00 pm,0.01
23-Feb-20 01:05:00 pm,0.01
23-Feb-20 01:40:00 pm,0.01
23-Feb-20 02:15:00 pm,0.01
23-Feb-20 02:50:00 pm,0.03
23-Feb-20 03:25:00 pm,0.05
23-Feb-20 04:00:00 pm,0.03
23-Feb-20 04:35:00 pm,0.02
23-Feb-20 05:10:00 pm,0.02
23-Feb-20 05:45:00 pm,0.05
23-Feb-20 06:20:00 pm,0.04
23-Feb-20 06:55:00 pm,0.02
23-Feb-20 07:30:00 pm,0.03
23-Feb-20 08:05:00 pm,0.01
23-Feb-20 08:40:00 pm,0.02
23-Feb-20 09:15:00 pm,0.01
23-Feb-20 09:50:00 pm,0.01
23-Feb-20 10:25:00 pm,0.00
23-Feb-20 11:00:00 pm,0.01
23-Feb-20 11:35:00 pm,0.02
24-Feb-20 12:10:00 am,0.03
24-Feb-20 12:45:00 am,0.01
24-Feb-20 01:20:00 am,0.02
24-Feb-20 01:55:00 am,0.01
24-Feb-20 02:30:00 am,0.01
24-Feb-20 03:05:00 am,0.01
24-Feb-20 03:40:00 am,0.01
24-Feb-20 04:15:00 am,0.01
24-Feb-20 04:50:00 am,0.01
24-Feb-20 05:25:00 am,0.01
24-Feb-20 06:00:00 am,0.01
24-Feb-20 06:35:00 am,0.01
24-Feb-20 07:10:00 am,0.01
24-Feb-20 07:45:00 am,0.01
24-Feb-20 08:20:00 am,0.01
24-Feb-20 08:55:00 am,0.01
24-Feb-20 09:30:00 am,0.01
24-Feb-20 10:05:00 am,0.01
24-Feb-20 10:40:00 am,0.01
24-Feb-20 11:15:00 am,0.01
24-Feb-20 11:50:00 am,0.01
24-Feb-20 12:25:00 pm,0.01
24-Feb-20 01:00:00 pm,0.01
24-Feb-20 01:35:00 pm,0.01
24-Feb-20 02:10:00 pm,0.01
24-Feb-20 02:45:00 pm,0.01
24-Feb-20 03:20:00 pm,0.01
24-Feb-20 03:55:00 pm,0.01
24-Feb-20 04:30:00 pm,0.00
24-Feb-20 05:05:00 pm,0.01
24-Feb-20 05:40:00 pm,0.00
24-Feb-20 06:15:00 pm,0.00
24-Feb-20 06:50:00 pm,0.00
24-Feb-20 07:25:00 pm,0.00
24-Feb-20 08:00:00 pm,0.00
24-Feb-20 08:35:00 pm,-0.00
24-Feb-20 09:10:00 pm,0.00
24-Feb-20 09:45:00 pm,0.01
24-Feb-20 10:20:00 pm,0.01
24-Feb-20 10:55:00 pm,0.01
24-Feb-20 11:30:00 pm,0.01
25-Feb-20 12:05:00 am,0.00
25-Feb-20 12:40:00 am,0.01
25-Feb-20 01:15:00 am,0.01
25-Feb-20 01:50:00 am,0.01
25-Feb-20 02:25:00 am,0.01
25-Feb-20 03:00:00 am,0.01
25-Feb-20 03:35:00 am,0.01
25-Feb-20 04:10:00 am,0.01
25-Feb-20 04:45:00 am,0.01
25-Feb-20 05:20:00 am,0.01
25-Feb-20 05:55:00 am,0.01
25-Feb-20 06:30:00 am,0.01
25-Feb-20 07:05:00 am,0.01
25-Feb-20 07:40:00 am,0.01
25-Feb-20 08:15:00 am,0.01
25-Feb-20 08:50:00 am,0.01
25-Feb-20 09:25:00 am,0.01
25-Feb-20 10:00:00 am,0.01
25-Feb-20 10:35:00 am,0.01
25-Feb-20 11:10:00 am,0.01
25-Feb-20 11:45:00 am,0.01
25-Feb-20 12:20:00 pm,0.01
25-Feb-20 12:55:00 pm,0.01
25-Feb-20 01:30:00 pm,0.01
25-Feb-20 02:05:00 pm,0.01
25-Feb-20 02:40:00 pm,0.01
25-Feb-20 03:15:00 pm,0.01
25-Feb-20 03:50:00 pm,0.00
25-Feb-20 04:25:00 pm,0.00
25-Feb-20 05:00:00 pm,0.00
25-Feb-20 05:35:00 pm,0.00
25-Feb-20 06:10:00 pm,-0.00
25-Feb-20 06:45:00 pm,-0.00
25-Feb-20 07:20:00 pm,0.00
25-Feb-20 07:55:00 pm,0.00
25-Feb-20 08:30:00 pm,0.00
25-Feb-20 09:05:00 pm,-0.01
25-Feb-20 09:40:00 pm,0.00
25-Feb-20 10:15:00 pm,0.00
25-Feb-20 10:50:00 pm,0.00
25-Feb-20 11:25:00 pm,0.00
26-Feb-20 12:00:00 am,0.00
26-Feb-20 12:35:00 am,0.00
26-Feb-20 01:10:00 am,0.00
26-Feb-20 01:45:00 am,0.00
26-Feb-20 02:20:00 am,0.01
26-Feb-20 02:55:00 am,0.00
26-Feb-20 03:30:00 am,0.00
26-Feb-20 04:05:00 am,0.01
26-Feb-20 04:40:00 am,0.01
26-Feb-20 05:15:00 am,0.01
26-Feb-20 05:50:00 am,0.01
26-Feb-20 06:25:00 am,0.01
26-Feb-20 07:00:00 am,0.01
26-Feb-20 07:35:00 am,0.01
26-Feb-20 08:10:00 am,0.01
26-Feb-20 08:45:00 am,0.01
26-Feb-20 09:20:00 am,0.01
26-Feb-20 09:55:00 am,0.01
26-Feb-20 10:30:00 am,0.01
26-Feb-20 11:05:00 am,0.00
26-Feb-20 11:40:00 am,0.00
26-Feb-20 12:15:00 pm,0.01
26-Feb-20 12:50:00 pm,0.01
26-Feb-20 01:25:00 pm,0.01
26-Feb-20 02:00:00 pm,0.01
26-Feb-20 02:35:00 pm,0.01
26-Feb-20 03:10:00 pm,0.01
26-Feb-20 03:45:00 pm,0.00
26-Feb-20 04:20:00 pm,0.00
26-Feb-20 04:55:00 pm,0.00
26-Feb-20 05:30:00 pm,0.00
26-Feb-20 06:05:00 pm,-0.00
26-Feb-20 06:40:00 pm,-0.00
26-Feb-20 07:15:00 pm,-0.00
26-Feb-20 07:50:00 pm,-0.00
26-Feb-20 08:25:00 pm,0.00
26-Feb-20 09:00:00 pm,-0.00
26-Feb-20 09:35:00 pm,-0.00
26-Feb-20 10:10:00 pm,0.00
26-Feb-20 10:45:00 pm,0.00
26-Feb-20 11:20:00 pm,0.01
26-Feb-20 11:55:00 pm,0.01
27-Feb-20 12:30:00 am,0.01
27-Feb-20 01:05:00 am,0.01
27-Feb-20 01:40:00 am,0.01
27-Feb-20 02:15:00 am,0.01
27-Feb-20 02:50:00 am,0.01
27-Feb-20 03:25:00 am,0.01
27-Feb-20 04:00:00 am,0.01
27-Feb-20 04:35:00 am,0.01
27-Feb-20 05:10:00 am,0.01
27-Feb-20 05:45:00 am,0.01
27-Feb-20 06:20:00 am,0.01
27-Feb-20 06:55:00 am,0.01
27-Feb-20 07:30:00 am,0.01
27-Feb-20 08:05:00 am,0.01
27-Feb-20 08:40:00 am,0.01
27-Feb-20 09:15:00 am,0.01
27-Feb-20 09:50:00 am,0.01
27-Feb-20 10:25:00 am,0.01
27-Feb-20 11:00:00 am,0.01
27-Feb-20 11:35:00 am,0.01
27-Feb-20 12:10:00 pm,0.01
27-Feb-20 12:45:00 pm,0.01
27-Feb-20 01:20:00 pm,0.02
27-Feb-20 01:55:00 pm,0.01
27-Feb-20 02:30:00 pm,0.01
27-Feb-20 03:05:00 pm,0.00
27-Feb-20 03:40:00 pm,0.00
27-Feb-20 04:15:00 pm,0.00
27-Feb-20 04:50:00 pm,0.00
27-Feb-20 05:25:00 pm,-0.00
27-Feb-20 06:00:00 pm,-0.00
27-Feb-20 06:35:00 pm,-0.00
27-Feb-20 07:10:00 pm,-0.00
27-Feb-20 07:45:00 pm,-0.00
27-Feb-20 08:20:00 pm,-0.01
27-Feb-20 08:55:00 pm,-0.00
27-Feb-20 09:30:00 pm,0.00
27-Feb-20 10:05:00 pm,0.00
27-Feb-20 10:40:00 pm,0.00
27-Feb-20 11:15:00 pm,0.00
27-Feb-20 11:50:00 pm,0.01
28-Feb-20 12:25:00 am,0.01
28-Feb-20 01:00:00 am,0.01
28-Feb-20 01:35:00 am,0.01
28-Feb-20 02:10:00 am,0.01
28-Feb-20 02:45:00 am,0.01
28-Feb-20 03:20:00 am,0.01
28-Feb-20 03:55:00 am,0.01
28-Feb-20 04:30:00 am,0.01
28-Feb-20 05:05:00 am,0.01
28-Feb-20 05:40:00 am,0.01
28-Feb-20 06:15:00 am,0.01
28-Feb-20 06:50:00 am,0.01
28-Feb-20 07:25:00 am,0.01
28-Feb-20 08:00:00 am,0.01
28-Feb-20 08:35:00 am,0.01
28-Feb-20 09:10:00 am,0.01
28-Feb-20 09:45:00 am,0.01
28-Feb-20 10:20:00 am,0.02
28-Feb-20 10:55:00 am,0.01
28-Feb-20 11:30:00 am,0.01
28-Feb-20 12:05:00 pm,0.02
28-Feb-20 12:40:00 pm,0.02
28-Feb-20 01:15:00 pm,0.02
28-Feb-20 01:50:00 pm,0.02
28-Feb-20 02:25:00 pm,0.01
28-Feb-20 03:00:00 pm,0.02
28-Feb-20 03:35:00 pm,0.02
28-Feb-20 04:10:00 pm,0.01
28-Feb-20 04:45:00 pm,0.01
28-Feb-20 05:20:00 pm,0.03
28-Feb-20 05:55:00 pm,0.01
28-Feb-20 06:30:00 pm,0.01
28-Feb-20 07:05:00 pm,0.00
28-Feb-20 07:40:00 pm,0.01
28-Feb-20 08:15:00 pm,0.01
28-Feb-20 08:50:00 pm,0.04
28-Feb-20 09:25:00 pm,0.01
28-Feb-20 10:00:00 pm,0.01
28-Feb-20 10:35:00 pm,0.02
28-Feb-20 11:10:00 pm,0.03
28-Feb-20 11:45:00 pm,0.03
29-Feb-20 12:20:00 am,0.03
29-Feb-20 12:55:00 am,0.01
29-Feb-20 01:30:00 am,0.02
29-Feb-20 02:05:00 am,0.01
29-Feb-20 02:40:00 am,0.01
29-Feb-20 03:15:00 am,0.01
29-Feb-20 03:50:00 am,0.00
29-Feb-20 04:25:00 am,0.02
29-Feb-20 05:00:00 am,0.00
29-Feb-20 05:35:00 am,0.01
29-Feb-20 06:10:00 am,0.00
29-Feb-20 06:45:00 am,0.00
29-Feb-20 07:20:00 am,0.00
29-Feb-20 07:55:00 am,0.00
29-Feb-20 08:30:00 am,0.00
29-Feb-20 09:05:00 am,0.00
29-Feb-20 09:40:00 am,0.01
29-Feb-20 10:15:00 am,0.00
29-Feb-20 10:50:00 am,0.01
29-Feb-20 11:25:00 am,0.00
29-Feb-20 12:00:00 pm,0.00
29-Feb-20 12:35:00 pm,0.01
29-Feb-20 01:10:00 pm,0.01
29-Feb-20 01:45:00 pm,0.01
29-Feb-20 02:20:00 pm,0.02
29-Feb-20 02:55:00 pm,0.00
29-Feb-20 03:30:00 pm,0.00
29-Feb-20 04:05:00 pm,0.00
29-Feb-20 04:40:00 pm,0.00
29-Feb-20 05:15:00 pm,0.00
29-Feb-20 05:50:00 pm,0.01
29-Feb-20 06:25:00 pm,0.00
29-Feb-20 07:00:00 pm,0.00
29-Feb-20 07:35:00 pm,0.00
29-Feb-20 08:10:00 pm,0.00
29-Feb-20 08:45:00 pm,0.00
29-Feb-20 09:20:00 pm,0.00
29-Feb-20 09:55:00 pm,0.00
29-Feb-20 10:30:00 pm,0.00
29-Feb-20 11:05:00 pm,0.01
29-Feb-20 11:40:00 pm,0.00
01-Mar-20 12:15:00 am,0.01
01-Mar-20 12:50:00 am,0.01
01-Mar-20 01:25:00 am,0.00
01-Mar-20 02:00:00 am,0.01
01-Mar-20 02:35:00 am,0.00
01-Mar-20 03:10:00 am,0.01
01-Mar-20 03:45:00 am,0.01
01-Mar-20 04:20:00 am,0.01
01-Mar-20 04:55:00 am,0.01
01-Mar-20 05:30:00 am,0.00
01-Mar-20 06:05:00 am,0.01
01-Mar-20 06:40:00 am,0.00
01-Mar-20 07:15:00 am,0.01
01-Mar-20 07:50:00 am,0.01
01-Mar-20 08:25:00 am,0.01
01-Mar-20 09:00:00 am,0.00
01-Mar-20 09:35:00 am,0.01
01-Mar-20 10:10:00 am,0.01
01-Mar-20 10:45:00 am,0.01