Timestamp,RTU_1 DAClgSetpt(°F)
01-Jan-20 11:38:57 am,63.5
01-Jan-20 11:43:58 am,62.5
01-Jan-20 11:49:50 am,61.3
01-Jan-20 11:54:50 am,60.3
01-Jan-20 11:59:51 am,59.3
01-Jan-20 12:04:51 pm,58.3
01-Jan-20 12:10:07 pm,57.2
01-Jan-20 12:15:17 pm,56.2
01-Jan-20 12:21:02 pm,55.1
01-Jan-20 02:11:06 pm,56.1
01-Jan-20 02:16:51 pm,57.2
01-Jan-20 02:22:30 pm,58.3
01-Jan-20 02:27:44 pm,59.4
01-Jan-20 02:32:43 pm,60.4
01-Jan-20 02:38:53 pm,61.6
01-Jan-20 02:44:44 pm,62.8
01-Jan-20 02:49:45 pm,63.8
01-Jan-20 02:55:12 pm,64.9
02-Jan-20 10:07:40 am,63.8
02-Jan-20 10:12:41 am,62.8
02-Jan-20 10:17:47 am,61.8
02-Jan-20 10:23:32 am,60.6
02-Jan-20 10:28:59 am,59.5
02-Jan-20 10:34:55 am,58.4
02-Jan-20 10:39:55 am,57.4
02-Jan-20 10:45:18 am,56.3
02-Jan-20 10:50:16 am,55.3
02-Jan-20 03:09:10 pm,56.3
02-Jan-20 03:14:26 pm,57.4
02-Jan-20 03:19:31 pm,58.4
02-Jan-20 03:24:34 pm,59.4
02-Jan-20 03:29:56 pm,60.5
02-Jan-20 03:34:55 pm,61.5
02-Jan-20 03:39:56 pm,62.5
02-Jan-20 03:45:50 pm,63.7
02-Jan-20 03:50:54 pm,64.7
03-Jan-20 08:03:03 am,63.6
03-Jan-20 08:08:32 am,62.5
03-Jan-20 08:13:36 am,61.5
03-Jan-20 08:18:36 am,60.5
03-Jan-20 08:23:37 am,59.5
03-Jan-20 08:28:38 am,58.5
03-Jan-20 08:34:00 am,57.4
03-Jan-20 08:39:33 am,56.3
03-Jan-20 08:44:33 am,55.3
03-Jan-20 12:54:31 pm,56.3
03-Jan-20 12:59:31 pm,57.3
03-Jan-20 01:05:17 pm,58.5
03-Jan-20 01:10:48 pm,59.6
03-Jan-20 01:15:48 pm,60.6
03-Jan-20 01:21:11 pm,61.7
03-Jan-20 01:26:13 pm,62.7
03-Jan-20 01:31:32 pm,63.7
03-Jan-20 01:36:32 pm,64.7
06-Jan-20 09:52:13 am,63.7
06-Jan-20 09:57:41 am,62.6
06-Jan-20 10:03:32 am,61.5
06-Jan-20 10:08:51 am,60.4
06-Jan-20 10:14:51 am,59.2
06-Jan-20 10:20:09 am,58.1
06-Jan-20 10:25:52 am,57.0
06-Jan-20 10:31:32 am,55.9
06-Jan-20 01:56:39 pm,56.9
06-Jan-20 02:01:46 pm,58.0
06-Jan-20 02:07:06 pm,59.0
06-Jan-20 02:12:19 pm,60.1
06-Jan-20 02:18:00 pm,61.2
06-Jan-20 02:23:36 pm,62.3
06-Jan-20 02:28:36 pm,63.3
06-Jan-20 02:34:28 pm,64.5
07-Jan-20 02:29:29 pm,63.5
07-Jan-20 02:34:30 pm,62.5
07-Jan-20 02:39:32 pm,61.5
07-Jan-20 02:44:58 pm,60.4
07-Jan-20 02:50:14 pm,59.3
07-Jan-20 02:55:30 pm,58.3
07-Jan-20 03:00:31 pm,57.3
07-Jan-20 03:05:31 pm,56.3
07-Jan-20 03:11:21 pm,55.1
07-Jan-20 06:06:39 pm,56.2
07-Jan-20 06:11:51 pm,57.3
07-Jan-20 06:16:50 pm,58.3
07-Jan-20 06:21:57 pm,59.3
07-Jan-20 06:26:59 pm,60.3
07-Jan-20 06:32:10 pm,61.3
07-Jan-20 06:37:25 pm,62.4
07-Jan-20 06:42:25 pm,63.4
07-Jan-20 06:47:26 pm,64.4
09-Jan-20 02:37:27 pm,63.3
09-Jan-20 02:42:30 pm,62.3
09-Jan-20 02:47:30 pm,61.3
09-Jan-20 02:52:30 pm,60.3
09-Jan-20 02:58:00 pm,59.2
09-Jan-20 03:03:07 pm,58.2
09-Jan-20 03:08:28 pm,57.1
09-Jan-20 03:13:30 pm,56.1
09-Jan-20 03:18:46 pm,55.1
09-Jan-20 03:45:00 pm,56.2
09-Jan-20 03:50:32 pm,57.3
09-Jan-20 03:56:00 pm,58.4
09-Jan-20 04:01:25 pm,59.5
09-Jan-20 04:06:35 pm,60.5
09-Jan-20 04:11:50 pm,61.5
09-Jan-20 04:17:00 pm,62.6
09-Jan-20 04:22:11 pm,63.6
09-Jan-20 04:27:44 pm,64.7
09-Jan-20 04:51:21 pm,63.7
09-Jan-20 04:56:39 pm,62.7
09-Jan-20 05:02:00 pm,61.6
09-Jan-20 05:07:09 pm,60.6
09-Jan-20 05:12:45 pm,59.4
09-Jan-20 05:18:56 pm,58.2
09-Jan-20 05:24:30 pm,57.1
09-Jan-20 05:29:48 pm,56.0
09-Jan-20 05:35:06 pm,55.0
09-Jan-20 06:02:01 pm,56.1
09-Jan-20 06:07:11 pm,57.1
09-Jan-20 06:12:28 pm,58.2
09-Jan-20 06:17:44 pm,59.2
09-Jan-20 06:22:43 pm,60.2
09-Jan-20 06:27:44 pm,61.2
09-Jan-20 06:32:45 pm,62.2
09-Jan-20 06:38:24 pm,63.4
09-Jan-20 06:44:39 pm,64.6
10-Jan-20 04:04:23 pm,63.6
10-Jan-20 04:09:25 pm,62.6
10-Jan-20 04:14:25 pm,61.6
10-Jan-20 04:19:36 pm,60.5
10-Jan-20 04:24:58 pm,59.5
10-Jan-20 04:29:59 pm,58.5
10-Jan-20 04:35:47 pm,57.3
10-Jan-20 04:41:08 pm,56.2
10-Jan-20 04:46:29 pm,55.2
10-Jan-20 05:20:08 pm,56.2
10-Jan-20 05:25:37 pm,57.3
10-Jan-20 05:30:37 pm,58.3
10-Jan-20 05:36:40 pm,59.5
10-Jan-20 05:42:07 pm,60.6
10-Jan-20 05:47:28 pm,61.7
10-Jan-20 05:52:58 pm,62.8
10-Jan-20 05:58:20 pm,63.8
10-Jan-20 06:03:20 pm,64.8
16-Jan-20 02:35:00 pm,63.7
16-Jan-20 02:40:00 pm,62.7
16-Jan-20 02:45:20 pm,61.7
16-Jan-20 02:50:32 pm,60.6
16-Jan-20 02:55:50 pm,59.6
16-Jan-20 03:01:14 pm,58.5
16-Jan-20 03:06:14 pm,57.5
16-Jan-20 03:11:14 pm,56.5
16-Jan-20 03:16:19 pm,55.5
16-Jan-20 05:09:27 pm,56.5
16-Jan-20 05:14:28 pm,57.5
16-Jan-20 05:19:30 pm,58.5
16-Jan-20 05:25:00 pm,59.6
16-Jan-20 05:30:01 pm,60.6
16-Jan-20 05:35:28 pm,61.7
16-Jan-20 05:40:45 pm,62.7
16-Jan-20 05:45:45 pm,63.7
16-Jan-20 05:51:00 pm,64.8
17-Jan-20 12:25:27 pm,63.7
17-Jan-20 12:30:27 pm,62.7
17-Jan-20 12:35:57 pm,61.6
17-Jan-20 12:40:58 pm,60.6
17-Jan-20 12:50:29 pm,61.6
17-Jan-20 12:55:44 pm,62.6
17-Jan-20 01:00:44 pm,63.6
17-Jan-20 01:06:32 pm,64.8
21-Jan-20 10:20:07 am,63.8
21-Jan-20 10:25:32 am,62.7
21-Jan-20 10:30:52 am,61.6
21-Jan-20 10:36:07 am,60.6
21-Jan-20 10:41:41 am,59.5
21-Jan-20 10:47:27 am,58.3
21-Jan-20 10:52:58 am,57.2
21-Jan-20 10:58:04 am,56.2
21-Jan-20 11:03:15 am,55.2
21-Jan-20 03:13:32 pm,56.2
21-Jan-20 03:18:39 pm,57.2
21-Jan-20 03:24:00 pm,58.2
21-Jan-20 03:29:00 pm,59.2
21-Jan-20 03:34:02 pm,60.3
21-Jan-20 03:39:28 pm,61.3
21-Jan-20 03:44:37 pm,62.4
21-Jan-20 03:50:05 pm,63.5
21-Jan-20 03:55:05 pm,64.5
22-Jan-20 03:39:59 pm,63.4
22-Jan-20 03:44:59 pm,62.4
22-Jan-20 03:50:00 pm,61.4
22-Jan-20 03:55:37 pm,60.3
22-Jan-20 04:01:13 pm,59.2
22-Jan-20 04:06:55 pm,58.1
22-Jan-20 04:12:02 pm,57.0
22-Jan-20 04:17:56 pm,55.9
22-Jan-20 04:39:06 pm,57.0
22-Jan-20 04:44:16 pm,58.0
22-Jan-20 04:49:32 pm,59.0
22-Jan-20 04:55:00 pm,60.1
22-Jan-20 05:00:41 pm,61.3
22-Jan-20 05:06:23 pm,62.4
22-Jan-20 05:12:06 pm,63.6
22-Jan-20 05:17:15 pm,64.6
23-Jan-20 09:55:58 am,63.6
23-Jan-20 10:01:17 am,62.5
23-Jan-20 10:06:29 am,61.5
23-Jan-20 10:11:36 am,60.4
23-Jan-20 10:16:59 am,59.4
23-Jan-20 10:22:52 am,58.2
23-Jan-20 10:27:59 am,57.2
23-Jan-20 10:33:12 am,56.1
23-Jan-20 10:38:42 am,55.0
23-Jan-20 03:29:52 pm,56.1
23-Jan-20 03:35:29 pm,57.3
23-Jan-20 03:40:37 pm,58.3
23-Jan-20 03:46:34 pm,59.5
23-Jan-20 03:52:06 pm,60.6
23-Jan-20 03:57:30 pm,61.7
23-Jan-20 04:03:03 pm,62.8
23-Jan-20 04:08:06 pm,63.8
23-Jan-20 04:13:06 pm,64.8
24-Jan-20 11:16:57 am,63.7
24-Jan-20 11:21:58 am,62.7
24-Jan-20 11:27:09 am,61.6
24-Jan-20 11:33:01 am,60.5
24-Jan-20 11:38:48 am,59.3
24-Jan-20 11:44:00 am,58.3
24-Jan-20 11:49:16 am,57.2
24-Jan-20 11:54:46 am,56.1
24-Jan-20 12:00:01 pm,55.1
24-Jan-20 12:23:26 pm,56.2
24-Jan-20 12:28:56 pm,57.3
24-Jan-20 12:34:15 pm,58.3
24-Jan-20 12:39:22 pm,59.4
24-Jan-20 12:44:34 pm,60.4
24-Jan-20 12:50:15 pm,61.5
24-Jan-20 12:55:23 pm,62.6
24-Jan-20 01:00:41 pm,63.6
24-Jan-20 01:05:49 pm,64.6
24-Jan-20 02:43:38 pm,63.6
24-Jan-20 02:48:39 pm,62.6
24-Jan-20 02:53:46 pm,61.6
24-Jan-20 02:59:32 pm,60.5
24-Jan-20 03:04:36 pm,59.4
24-Jan-20 03:09:46 pm,58.4
24-Jan-20 03:14:59 pm,57.4
24-Jan-20 03:20:21 pm,56.3
24-Jan-20 03:25:21 pm,55.3
24-Jan-20 06:07:10 pm,56.4
24-Jan-20 06:12:27 pm,57.4
24-Jan-20 06:17:52 pm,58.5
24-Jan-20 06:23:27 pm,59.6
24-Jan-20 06:28:27 pm,60.6
24-Jan-20 06:34:37 pm,61.9
24-Jan-20 06:40:13 pm,63.0
24-Jan-20 06:45:20 pm,64.0
24-Jan-20 06:50:47 pm,65.0
27-Jan-20 10:35:43 am,64.0
27-Jan-20 10:40:44 am,63.0
27-Jan-20 10:45:45 am,62.0
27-Jan-20 10:50:45 am,61.0
27-Jan-20 10:56:28 am,59.9
27-Jan-20 11:01:27 am,58.9
27-Jan-20 11:06:57 am,57.8
27-Jan-20 11:12:24 am,56.7
27-Jan-20 11:17:45 am,55.6
27-Jan-20 03:09:58 pm,56.6
27-Jan-20 03:15:19 pm,57.7
27-Jan-20 03:20:44 pm,58.8
27-Jan-20 03:26:00 pm,59.8
27-Jan-20 03:31:42 pm,60.9
27-Jan-20 03:36:41 pm,61.9
27-Jan-20 03:42:20 pm,63.1
27-Jan-20 03:47:21 pm,64.1
28-Jan-20 08:52:52 am,63.0
28-Jan-20 08:57:52 am,62.0
28-Jan-20 09:02:52 am,61.0
28-Jan-20 09:07:53 am,60.0
28-Jan-20 09:13:23 am,58.9
28-Jan-20 09:18:22 am,57.9
28-Jan-20 09:23:22 am,56.9
28-Jan-20 09:28:22 am,55.9
28-Jan-20 10:18:19 am,56.9
28-Jan-20 10:23:47 am,58.0
28-Jan-20 10:29:15 am,59.1
28-Jan-20 10:34:15 am,60.1
28-Jan-20 10:39:27 am,61.1
28-Jan-20 10:44:41 am,62.2
28-Jan-20 10:49:42 am,63.2
28-Jan-20 11:00:51 am,62.2
28-Jan-20 11:06:15 am,61.1
28-Jan-20 11:11:35 am,60.0
28-Jan-20 11:16:50 am,59.0
28-Jan-20 11:21:59 am,57.9
28-Jan-20 11:27:30 am,56.8
28-Jan-20 11:32:44 am,55.8
28-Jan-20 02:07:22 pm,56.9
28-Jan-20 02:12:22 pm,57.9
28-Jan-20 02:17:22 pm,58.9
28-Jan-20 02:22:23 pm,59.9
28-Jan-20 02:27:23 pm,60.9
28-Jan-20 02:32:47 pm,62.0
28-Jan-20 02:41:58 pm,61.0
28-Jan-20 02:47:14 pm,59.9
28-Jan-20 02:52:14 pm,58.9
28-Jan-20 02:57:34 pm,57.8
28-Jan-20 03:02:35 pm,56.8
28-Jan-20 03:07:58 pm,55.8
28-Jan-20 03:21:27 pm,56.8
28-Jan-20 03:27:06 pm,57.9
28-Jan-20 03:32:07 pm,58.9
28-Jan-20 03:37:20 pm,60.0
28-Jan-20 03:42:23 pm,61.0
28-Jan-20 03:48:00 pm,62.1
28-Jan-20 03:53:59 pm,63.3
28-Jan-20 03:59:01 pm,64.3
29-Jan-20 09:34:06 am,63.2
29-Jan-20 09:39:20 am,62.2
29-Jan-20 09:44:36 am,61.1
29-Jan-20 09:49:40 am,60.1
29-Jan-20 09:54:39 am,59.1
29-Jan-20 09:59:39 am,58.1
29-Jan-20 10:04:45 am,57.1
29-Jan-20 10:10:03 am,56.0
29-Jan-20 10:15:04 am,55.0
29-Jan-20 01:24:07 pm,56.0
29-Jan-20 01:29:32 pm,57.1
29-Jan-20 01:34:31 pm,58.1
29-Jan-20 01:39:47 pm,59.2
29-Jan-20 01:45:00 pm,60.2
29-Jan-20 01:50:00 pm,61.2
29-Jan-20 01:55:02 pm,62.2
29-Jan-20 02:00:02 pm,63.2
29-Jan-20 02:05:03 pm,64.2
29-Jan-20 03:09:47 pm,63.1
29-Jan-20 03:14:54 pm,62.1
29-Jan-20 03:20:16 pm,61.0
29-Jan-20 03:25:25 pm,60.0
29-Jan-20 03:30:35 pm,59.0
29-Jan-20 03:35:50 pm,57.9
29-Jan-20 03:41:10 pm,56.9
29-Jan-20 03:46:45 pm,55.7
29-Jan-20 06:10:13 pm,56.9
29-Jan-20 06:15:29 pm,58.0
29-Jan-20 06:21:13 pm,59.1
29-Jan-20 06:26:27 pm,60.1
29-Jan-20 06:31:43 pm,61.2
29-Jan-20 06:37:13 pm,62.3
29-Jan-20 06:42:58 pm,63.4
29-Jan-20 06:48:09 pm,64.5
31-Jan-20 03:43:07 pm,63.4
31-Jan-20 03:48:58 pm,62.2
31-Jan-20 03:54:00 pm,61.2
31-Jan-20 03:59:00 pm,60.2
31-Jan-20 04:04:01 pm,59.2
31-Jan-20 04:09:16 pm,58.1
31-Jan-20 04:14:38 pm,57.0
31-Jan-20 04:19:51 pm,56.0
31-Jan-20 04:25:07 pm,55.0
31-Jan-20 06:06:43 pm,56.1
31-Jan-20 06:12:01 pm,57.2
31-Jan-20 06:17:30 pm,58.3
31-Jan-20 06:22:47 pm,59.3
31-Jan-20 06:27:48 pm,60.3
31-Jan-20 06:33:06 pm,61.4
31-Jan-20 06:38:14 pm,62.4
31-Jan-20 06:43:32 pm,63.5
31-Jan-20 06:48:32 pm,64.5
03-Feb-20 02:53:54 pm,63.5
03-Feb-20 02:58:54 pm,62.5
03-Feb-20 03:04:04 pm,61.4
03-Feb-20 03:09:36 pm,60.3
03-Feb-20 03:14:37 pm,59.3
03-Feb-20 03:19:43 pm,58.3
03-Feb-20 03:24:43 pm,57.3
03-Feb-20 03:29:46 pm,56.3
03-Feb-20 03:35:05 pm,55.2
03-Feb-20 06:05:00 pm,56.4
03-Feb-20 06:10:46 pm,57.5
03-Feb-20 06:15:55 pm,58.5
03-Feb-20 06:21:00 pm,59.6
03-Feb-20 06:26:27 pm,60.7
03-Feb-20 06:31:34 pm,61.7
03-Feb-20 06:36:35 pm,62.7
03-Feb-20 06:42:06 pm,63.8
03-Feb-20 06:47:06 pm,64.8
04-Feb-20 09:31:55 am,63.7
04-Feb-20 09:36:55 am,62.7
04-Feb-20 09:42:35 am,61.6
04-Feb-20 09:47:36 am,60.6
04-Feb-20 09:52:49 am,59.5
04-Feb-20 09:57:50 am,58.5
04-Feb-20 10:02:51 am,57.5
04-Feb-20 10:07:59 am,56.5
04-Feb-20 10:13:21 am,55.4
04-Feb-20 12:46:21 pm,56.4
04-Feb-20 12:51:21 pm,57.4
04-Feb-20 12:56:29 pm,58.4
04-Feb-20 01:01:47 pm,59.5
04-Feb-20 01:07:01 pm,60.6
04-Feb-20 01:12:01 pm,61.6
04-Feb-20 01:17:42 pm,62.7
04-Feb-20 01:22:59 pm,63.7
04-Feb-20 01:28:20 pm,64.8
04-Feb-20 02:52:58 pm,63.7
04-Feb-20 02:58:13 pm,62.7
04-Feb-20 03:03:43 pm,61.6
04-Feb-20 03:09:34 pm,60.4
04-Feb-20 03:14:40 pm,59.4
04-Feb-20 03:20:00 pm,58.3
04-Feb-20 03:25:17 pm,57.3
04-Feb-20 03:30:25 pm,56.3
04-Feb-20 03:35:47 pm,55.2
04-Feb-20 04:03:43 pm,56.3
04-Feb-20 04:09:07 pm,57.4
04-Feb-20 04:14:19 pm,58.4
04-Feb-20 04:19:48 pm,59.5
04-Feb-20 04:24:52 pm,60.5
04-Feb-20 04:30:22 pm,61.6
04-Feb-20 04:35:46 pm,62.7
04-Feb-20 04:41:19 pm,63.8
04-Feb-20 04:47:02 pm,65.0
05-Feb-20 09:49:00 am,63.9
05-Feb-20 09:54:22 am,62.8
05-Feb-20 09:59:23 am,61.8
05-Feb-20 10:05:05 am,60.7
05-Feb-20 10:10:10 am,59.6
05-Feb-20 10:15:23 am,58.6
05-Feb-20 10:20:41 am,57.5
05-Feb-20 10:26:13 am,56.4
05-Feb-20 10:31:56 am,55.3
05-Feb-20 03:50:18 pm,56.3
05-Feb-20 03:55:21 pm,57.3
05-Feb-20 04:20:38 pm,56.3
05-Feb-20 04:26:04 pm,55.2
05-Feb-20 04:44:14 pm,56.2
05-Feb-20 04:49:34 pm,57.3
05-Feb-20 04:55:03 pm,58.4
05-Feb-20 05:00:42 pm,59.5
05-Feb-20 05:06:22 pm,60.7
05-Feb-20 05:11:36 pm,61.7
05-Feb-20 05:16:42 pm,62.7
05-Feb-20 05:21:59 pm,63.8
05-Feb-20 05:27:08 pm,64.8
06-Feb-20 05:25:56 pm,63.7
06-Feb-20 05:31:22 pm,62.7
06-Feb-20 05:36:33 pm,61.6
06-Feb-20 05:55:07 pm,62.8
06-Feb-20 06:00:30 pm,63.9
06-Feb-20 06:06:00 pm,65.0
07-Feb-20 02:45:33 pm,64.0
07-Feb-20 02:50:34 pm,63.0
07-Feb-20 02:55:51 pm,61.9
07-Feb-20 03:01:39 pm,60.8
07-Feb-20 03:06:40 pm,59.7
07-Feb-20 03:12:10 pm,58.6
07-Feb-20 03:17:30 pm,57.6
07-Feb-20 03:22:31 pm,56.6
07-Feb-20 03:27:31 pm,55.6
07-Feb-20 05:58:28 pm,56.6
07-Feb-20 06:03:31 pm,57.6
07-Feb-20 06:08:32 pm,58.6
07-Feb-20 06:13:33 pm,59.6
07-Feb-20 06:18:39 pm,60.6
07-Feb-20 06:23:40 pm,61.6
07-Feb-20 06:29:05 pm,62.7
07-Feb-20 06:34:20 pm,63.8
07-Feb-20 06:39:40 pm,64.8
10-Feb-20 12:58:16 pm,63.7
10-Feb-20 01:03:47 pm,62.6
10-Feb-20 01:09:16 pm,61.5
10-Feb-20 01:14:29 pm,60.4
10-Feb-20 01:19:50 pm,59.3
10-Feb-20 01:25:00 pm,58.3
10-Feb-20 01:30:04 pm,57.3
10-Feb-20 01:35:08 pm,56.3
10-Feb-20 01:40:13 pm,55.3
10-Feb-20 06:06:42 pm,56.3
10-Feb-20 06:11:44 pm,57.3
10-Feb-20 06:16:44 pm,58.3
10-Feb-20 06:22:39 pm,59.5
10-Feb-20 06:27:42 pm,60.5
10-Feb-20 06:32:46 pm,61.5
10-Feb-20 06:37:47 pm,62.5
10-Feb-20 06:43:00 pm,63.5
10-Feb-20 06:48:41 pm,64.7
11-Feb-20 02:02:27 pm,63.5
11-Feb-20 02:07:51 pm,62.5
11-Feb-20 02:13:05 pm,61.4
11-Feb-20 02:19:02 pm,60.2
11-Feb-20 02:24:30 pm,59.1
11-Feb-20 02:30:08 pm,58.0
11-Feb-20 02:35:09 pm,57.0
11-Feb-20 02:41:11 pm,55.8
11-Feb-20 03:20:28 pm,56.9
11-Feb-20 03:25:43 pm,57.9
11-Feb-20 03:31:09 pm,59.0
11-Feb-20 03:36:54 pm,60.2
11-Feb-20 03:42:28 pm,61.3
11-Feb-20 03:47:35 pm,62.3
11-Feb-20 03:52:49 pm,63.4
11-Feb-20 03:58:05 pm,64.4
12-Feb-20 08:17:30 am,63.3
12-Feb-20 08:22:55 am,62.3
12-Feb-20 08:28:20 am,61.2
12-Feb-20 08:33:47 am,60.1
12-Feb-20 08:39:16 am,59.0
12-Feb-20 08:44:23 am,58.0
12-Feb-20 08:49:49 am,56.9
12-Feb-20 08:55:29 am,55.7
12-Feb-20 10:47:56 am,56.9
12-Feb-20 10:53:01 am,57.9
12-Feb-20 10:58:05 am,58.9
12-Feb-20 11:03:23 am,60.0
12-Feb-20 11:08:59 am,61.1
12-Feb-20 11:14:29 am,62.2
12-Feb-20 11:19:48 am,63.3
12-Feb-20 11:24:59 am,64.3
12-Feb-20 02:52:30 pm,63.3
12-Feb-20 02:57:30 pm,62.3
12-Feb-20 03:03:06 pm,61.1
12-Feb-20 03:16:58 pm,62.3
12-Feb-20 03:22:37 pm,63.4
12-Feb-20 03:27:59 pm,64.5
13-Feb-20 04:55:18 pm,63.4
13-Feb-20 05:01:04 pm,62.2
13-Feb-20 05:06:41 pm,61.1
13-Feb-20 05:11:50 pm,60.1
13-Feb-20 05:17:00 pm,59.0
13-Feb-20 05:22:04 pm,58.0
13-Feb-20 05:27:04 pm,57.0
13-Feb-20 05:32:17 pm,56.0
13-Feb-20 06:10:41 pm,57.0
13-Feb-20 06:15:59 pm,58.0
13-Feb-20 06:21:08 pm,59.1
13-Feb-20 06:26:35 pm,60.2
13-Feb-20 06:31:47 pm,61.2
13-Feb-20 06:37:24 pm,62.3
13-Feb-20 06:42:28 pm,63.3
13-Feb-20 06:47:44 pm,64.4
14-Feb-20 09:23:38 am,63.4
14-Feb-20 09:28:59 am,62.3
14-Feb-20 09:34:28 am,61.2
14-Feb-20 09:39:28 am,60.2
14-Feb-20 09:44:36 am,59.2
14-Feb-20 09:49:41 am,58.1
14-Feb-20 09:54:41 am,57.1
14-Feb-20 09:59:42 am,56.1
14-Feb-20 10:05:06 am,55.1
14-Feb-20 12:39:05 pm,56.1
14-Feb-20 12:44:11 pm,57.1
14-Feb-20 12:49:17 pm,58.2
14-Feb-20 12:54:22 pm,59.2
14-Feb-20 12:59:21 pm,60.2
14-Feb-20 01:04:30 pm,61.2
14-Feb-20 01:09:30 pm,62.2
14-Feb-20 01:15:00 pm,63.3
14-Feb-20 01:20:52 pm,64.5
14-Feb-20 02:00:00 pm,63.4
14-Feb-20 02:05:00 pm,62.4
14-Feb-20 02:10:32 pm,61.3
14-Feb-20 02:15:45 pm,60.3
14-Feb-20 02:20:52 pm,59.3
14-Feb-20 02:26:15 pm,58.2
14-Feb-20 02:31:56 pm,57.0
14-Feb-20 02:36:58 pm,56.0
14-Feb-20 02:56:21 pm,57.0
14-Feb-20 03:01:34 pm,58.1
14-Feb-20 03:06:34 pm,59.1
14-Feb-20 03:11:34 pm,60.1
14-Feb-20 03:16:36 pm,61.1
14-Feb-20 03:22:34 pm,62.3
14-Feb-20 03:28:05 pm,63.4
14-Feb-20 03:33:49 pm,64.5
17-Feb-20 03:23:51 pm,63.5
17-Feb-20 03:28:58 pm,62.5
17-Feb-20 03:34:28 pm,61.4
17-Feb-20 03:47:25 pm,60.4
17-Feb-20 03:53:12 pm,59.2
17-Feb-20 03:58:14 pm,58.2
17-Feb-20 04:03:37 pm,57.1
17-Feb-20 04:08:50 pm,56.1
17-Feb-20 04:14:10 pm,55.0
17-Feb-20 06:06:32 pm,56.1
17-Feb-20 06:11:48 pm,57.2
17-Feb-20 06:17:38 pm,58.4
17-Feb-20 06:22:46 pm,59.4
17-Feb-20 06:28:39 pm,60.6
17-Feb-20 06:33:54 pm,61.6
17-Feb-20 06:39:09 pm,62.7
17-Feb-20 06:44:34 pm,63.8
17-Feb-20 06:50:20 pm,64.9
18-Feb-20 09:19:25 am,63.8
18-Feb-20 09:25:32 am,62.5
18-Feb-20 09:31:01 am,61.4
18-Feb-20 09:36:23 am,60.4
18-Feb-20 09:42:05 am,59.2
18-Feb-20 09:47:08 am,58.2
18-Feb-20 09:52:18 am,57.2
18-Feb-20 09:57:44 am,56.1
18-Feb-20 10:02:45 am,55.1
18-Feb-20 06:05:56 pm,56.1
18-Feb-20 06:10:57 pm,57.1
18-Feb-20 06:16:35 pm,58.2
18-Feb-20 06:21:50 pm,59.3
18-Feb-20 06:27:17 pm,60.4
18-Feb-20 06:32:39 pm,61.4
18-Feb-20 06:37:40 pm,62.4
18-Feb-20 06:42:41 pm,63.5
18-Feb-20 06:48:18 pm,64.6
19-Feb-20 09:51:06 am,63.5
19-Feb-20 09:56:30 am,62.5
19-Feb-20 10:01:30 am,61.5
19-Feb-20 10:06:30 am,60.5
19-Feb-20 10:11:30 am,59.5
19-Feb-20 10:16:50 am,58.4
19-Feb-20 10:21:54 am,57.4
19-Feb-20 10:27:00 am,56.4
19-Feb-20 10:32:06 am,55.3
19-Feb-20 06:08:09 pm,56.5
19-Feb-20 06:13:10 pm,57.5
19-Feb-20 06:18:48 pm,58.6
19-Feb-20 06:24:00 pm,59.6
19-Feb-20 06:29:00 pm,60.6
19-Feb-20 06:34:21 pm,61.7
19-Feb-20 06:39:21 pm,62.7
19-Feb-20 06:44:40 pm,63.8
19-Feb-20 06:49:53 pm,64.8
20-Feb-20 11:04:53 am,63.8
20-Feb-20 11:09:53 am,62.8
20-Feb-20 11:14:54 am,61.8
20-Feb-20 11:20:31 am,60.6
20-Feb-20 11:25:39 am,59.6
20-Feb-20 11:30:55 am,58.6
20-Feb-20 11:36:50 am,57.4
20-Feb-20 11:41:59 am,56.4
20-Feb-20 11:46:59 am,55.4
20-Feb-20 06:07:47 pm,56.5
20-Feb-20 06:12:59 pm,57.5
20-Feb-20 06:18:04 pm,58.5
20-Feb-20 06:23:19 pm,59.6
20-Feb-20 06:29:07 pm,60.7
20-Feb-20 06:34:59 pm,61.9
20-Feb-20 06:39:59 pm,62.9
20-Feb-20 06:45:00 pm,63.9
20-Feb-20 06:50:00 pm,64.9
21-Feb-20 11:47:27 am,63.8
21-Feb-20 11:52:48 am,62.7
21-Feb-20 11:58:11 am,61.6
21-Feb-20 12:03:50 pm,60.5
21-Feb-20 12:09:07 pm,59.4
21-Feb-20 12:14:45 pm,58.4
21-Feb-20 12:24:41 pm,59.5
21-Feb-20 12:29:52 pm,60.5
21-Feb-20 12:35:29 pm,61.6
21-Feb-20 12:40:29 pm,62.6
21-Feb-20 12:45:29 pm,63.6
21-Feb-20 12:51:16 pm,64.8
21-Feb-20 01:15:00 pm,63.8
21-Feb-20 01:19:59 pm,62.8
21-Feb-20 01:25:00 pm,61.8
21-Feb-20 01:30:01 pm,60.8
21-Feb-20 01:40:35 pm,59.7
21-Feb-20 01:45:50 pm,58.6
21-Feb-20 01:50:49 pm,57.6
21-Feb-20 01:56:23 pm,56.5
21-Feb-20 02:13:36 pm,57.6
21-Feb-20 02:18:48 pm,58.7
21-Feb-20 02:38:24 pm,57.6
21-Feb-20 02:43:39 pm,56.5
21-Feb-20 02:48:48 pm,55.5
21-Feb-20 06:08:24 pm,56.6
21-Feb-20 06:13:52 pm,57.7
21-Feb-20 06:18:54 pm,58.7
21-Feb-20 06:24:07 pm,59.8
21-Feb-20 06:29:37 pm,60.9
21-Feb-20 06:34:47 pm,61.9
21-Feb-20 06:39:56 pm,62.9
21-Feb-20 06:44:58 pm,63.9
21-Feb-20 06:50:59 pm,65.0
24-Feb-20 01:34:43 pm,63.9
24-Feb-20 01:39:50 pm,62.9
24-Feb-20 01:45:06 pm,61.9
24-Feb-20 01:50:23 pm,60.8
24-Feb-20 01:55:24 pm,59.8
24-Feb-20 02:00:24 pm,58.8
24-Feb-20 02:15:56 pm,59.9
24-Feb-20 02:21:18 pm,60.9
24-Feb-20 02:26:19 pm,61.9
24-Feb-20 02:31:54 pm,63.1
24-Feb-20 02:36:53 pm,64.1
24-Feb-20 03:51:26 pm,63.0
24-Feb-20 03:56:27 pm,62.0
24-Feb-20 04:01:32 pm,61.0
24-Feb-20 04:07:02 pm,59.9
24-Feb-20 04:12:27 pm,58.8
24-Feb-20 04:17:33 pm,57.8
24-Feb-20 04:22:52 pm,56.7
24-Feb-20 04:28:00 pm,55.7
24-Feb-20 06:09:19 pm,56.8
24-Feb-20 06:14:22 pm,57.8
24-Feb-20 06:19:29 pm,58.8
24-Feb-20 06:24:30 pm,59.8
24-Feb-20 06:29:31 pm,60.8
24-Feb-20 06:34:46 pm,61.8
24-Feb-20 06:39:51 pm,62.9
24-Feb-20 06:45:04 pm,63.9
24-Feb-20 06:50:40 pm,65.0
25-Feb-20 02:51:04 pm,63.9
25-Feb-20 02:56:06 pm,62.9
25-Feb-20 03:01:07 pm,61.9
25-Feb-20 03:06:35 pm,60.8
25-Feb-20 03:11:59 pm,59.7
25-Feb-20 03:17:01 pm,58.7
25-Feb-20 03:22:31 pm,57.6
25-Feb-20 03:28:20 pm,56.4
25-Feb-20 03:33:27 pm,55.4
25-Feb-20 06:08:30 pm,56.5
25-Feb-20 06:13:55 pm,57.6
25-Feb-20 06:19:24 pm,58.7
25-Feb-20 06:24:24 pm,59.7
25-Feb-20 06:29:47 pm,60.7
25-Feb-20 06:35:27 pm,61.9
25-Feb-20 06:40:26 pm,62.9
25-Feb-20 06:45:55 pm,64.0
25-Feb-20 06:51:20 pm,65.0
26-Feb-20 02:16:15 pm,64.0
26-Feb-20 02:21:39 pm,62.9
26-Feb-20 02:27:00 pm,61.9
26-Feb-20 02:32:21 pm,60.8
26-Feb-20 02:37:21 pm,59.8
26-Feb-20 02:42:33 pm,58.7
26-Feb-20 02:47:32 pm,57.7
26-Feb-20 02:52:32 pm,56.7
26-Feb-20 02:57:46 pm,55.7
26-Feb-20 06:09:38 pm,56.8
26-Feb-20 06:15:00 pm,57.9
26-Feb-20 06:20:14 pm,58.9
26-Feb-20 06:25:46 pm,60.0
26-Feb-20 06:31:06 pm,61.1
26-Feb-20 06:36:30 pm,62.2
26-Feb-20 06:41:37 pm,63.2
26-Feb-20 06:46:58 pm,64.3
27-Feb-20 11:51:56 am,63.2
27-Feb-20 11:57:35 am,62.1
27-Feb-20 12:02:50 pm,61.1
27-Feb-20 12:08:30 pm,59.9
27-Feb-20 12:13:42 pm,58.9
27-Feb-20 12:19:22 pm,57.7
27-Feb-20 12:24:27 pm,56.7
27-Feb-20 12:29:57 pm,55.6
27-Feb-20 12:52:19 pm,56.7
27-Feb-20 12:57:49 pm,57.8
27-Feb-20 01:02:55 pm,58.8
27-Feb-20 01:22:52 pm,57.8
27-Feb-20 01:28:30 pm,56.7
27-Feb-20 01:33:51 pm,55.6
27-Feb-20 06:08:39 pm,56.7
27-Feb-20 06:13:55 pm,57.7
27-Feb-20 06:19:05 pm,58.8
27-Feb-20 06:24:46 pm,59.9
27-Feb-20 06:29:52 pm,60.9
27-Feb-20 06:34:52 pm,61.9
27-Feb-20 06:40:23 pm,63.0
27-Feb-20 06:45:25 pm,64.0
28-Feb-20 02:31:56 pm,63.0
28-Feb-20 02:37:12 pm,62.0
28-Feb-20 02:42:31 pm,60.9
28-Feb-20 02:47:46 pm,59.8
28-Feb-20 02:52:47 pm,58.8
28-Feb-20 02:57:58 pm,57.8
28-Feb-20 03:02:59 pm,56.8
28-Feb-20 03:08:15 pm,55.7
28-Feb-20 06:09:12 pm,56.7
28-Feb-20 06:14:23 pm,57.8
28-Feb-20 06:19:22 pm,58.8
28-Feb-20 06:24:23 pm,59.8
28-Feb-20 06:29:23 pm,60.8
28-Feb-20 06:34:25 pm,61.8
28-Feb-20 06:39:25 pm,62.8
28-Feb-20 06:44:25 pm,63.8
28-Feb-20 06:49:50 pm,64.9